DEBUG: get_current_merchant starting for user 20f83eef-9bb6-448d-a69e-7a7b9bf4f957, merchant 28d95cad-a38c-4b1d-9654-f6df5fe49e69
DEBUG: calling db.get(Merchant)
DEBUG: db.get(Merchant) finished: ixona
DEBUG: executing select(MerchantMember) query
DEBUG: select(MerchantMember) query executed
DEBUG: MerchantMember role: owner
DEBUG: get_current_merchant returning success
DEBUG: get_current_merchant starting for user 20f83eef-9bb6-448d-a69e-7a7b9bf4f957, merchant 28d95cad-a38c-4b1d-9654-f6df5fe49e69
DEBUG: calling db.get(Merchant)
DEBUG: get_current_merchant starting for user 20f83eef-9bb6-448d-a69e-7a7b9bf4f957, merchant 28d95cad-a38c-4b1d-9654-f6df5fe49e69
DEBUG: calling db.get(Merchant)
DEBUG: get_current_merchant starting for user 20f83eef-9bb6-448d-a69e-7a7b9bf4f957, merchant 28d95cad-a38c-4b1d-9654-f6df5fe49e69
DEBUG: calling db.get(Merchant)
DEBUG: get_current_merchant starting for user 20f83eef-9bb6-448d-a69e-7a7b9bf4f957, merchant 28d95cad-a38c-4b1d-9654-f6df5fe49e69
DEBUG: calling db.get(Merchant)
DEBUG: db.get(Merchant) finished: ixona
DEBUG: executing select(MerchantMember) query
DEBUG: get_current_merchant starting for user 20f83eef-9bb6-448d-a69e-7a7b9bf4f957, merchant 28d95cad-a38c-4b1d-9654-f6df5fe49e69
DEBUG: calling db.get(Merchant)
DEBUG: db.get(Merchant) finished: ixona
DEBUG: executing select(MerchantMember) query
DEBUG: db.get(Merchant) finished: ixona
DEBUG: executing select(MerchantMember) query
DEBUG: get_current_merchant starting for user 20f83eef-9bb6-448d-a69e-7a7b9bf4f957, merchant 28d95cad-a38c-4b1d-9654-f6df5fe49e69
DEBUG: calling db.get(Merchant)
DEBUG: get_current_merchant starting for user 20f83eef-9bb6-448d-a69e-7a7b9bf4f957, merchant 28d95cad-a38c-4b1d-9654-f6df5fe49e69
DEBUG: calling db.get(Merchant)
DEBUG: db.get(Merchant) finished: ixona
DEBUG: executing select(MerchantMember) query
DEBUG: get_current_merchant starting for user 20f83eef-9bb6-448d-a69e-7a7b9bf4f957, merchant 28d95cad-a38c-4b1d-9654-f6df5fe49e69
DEBUG: calling db.get(Merchant)
DEBUG: get_current_merchant starting for user 20f83eef-9bb6-448d-a69e-7a7b9bf4f957, merchant 28d95cad-a38c-4b1d-9654-f6df5fe49e69
DEBUG: calling db.get(Merchant)
DEBUG: select(MerchantMember) query executed
DEBUG: MerchantMember role: owner
DEBUG: get_current_merchant returning success
DEBUG: get_current_merchant starting for user 20f83eef-9bb6-448d-a69e-7a7b9bf4f957, merchant 28d95cad-a38c-4b1d-9654-f6df5fe49e69
DEBUG: calling db.get(Merchant)
DEBUG: db.get(Merchant) finished: ixona
DEBUG: executing select(MerchantMember) query
DEBUG: db.get(Merchant) finished: ixona
DEBUG: executing select(MerchantMember) query
DEBUG: select(MerchantMember) query executed
DEBUG: MerchantMember role: owner
DEBUG: get_current_merchant returning success
DEBUG: db.get(Merchant) finished: ixona
DEBUG: executing select(MerchantMember) query
DEBUG: select(MerchantMember) query executed
DEBUG: MerchantMember role: owner
DEBUG: get_current_merchant returning success
DEBUG: db.get(Merchant) finished: ixona
DEBUG: executing select(MerchantMember) query
DEBUG: db.get(Merchant) finished: ixona
DEBUG: executing select(MerchantMember) query
DEBUG: db.get(Merchant) finished: ixona
DEBUG: executing select(MerchantMember) query
DEBUG: select(MerchantMember) query executed
DEBUG: MerchantMember role: owner
DEBUG: get_current_merchant returning success
DEBUG: select(MerchantMember) query executed
DEBUG: MerchantMember role: owner
DEBUG: get_current_merchant returning success
DEBUG: select(MerchantMember) query executed
DEBUG: MerchantMember role: owner
DEBUG: get_current_merchant returning success
DEBUG: select(MerchantMember) query executed
DEBUG: MerchantMember role: owner
DEBUG: get_current_merchant returning success
DEBUG: select(MerchantMember) query executed
DEBUG: MerchantMember role: owner
DEBUG: get_current_merchant returning success
DEBUG: select(MerchantMember) query executed
DEBUG: MerchantMember role: owner
DEBUG: get_current_merchant returning success
DEBUG: select(MerchantMember) query executed
DEBUG: MerchantMember role: owner
DEBUG: get_current_merchant returning success
DEBUG: get_current_merchant starting for user 20f83eef-9bb6-448d-a69e-7a7b9bf4f957, merchant 28d95cad-a38c-4b1d-9654-f6df5fe49e69
DEBUG: calling db.get(Merchant)
DEBUG: db.get(Merchant) finished: ixona
DEBUG: executing select(MerchantMember) query
DEBUG: select(MerchantMember) query executed
DEBUG: MerchantMember role: owner
DEBUG: get_current_merchant returning success
DEBUG: get_current_merchant starting for user 3c57b694-8f5d-4971-afcb-ed7652bd64dd, merchant d3029e4a-23fe-4582-8ad8-4ee9c3afde68
DEBUG: calling db.get(Merchant)
DEBUG: db.get(Merchant) finished: Analytics Co
DEBUG: executing select(MerchantMember) query
DEBUG: select(MerchantMember) query executed
DEBUG: MerchantMember role: owner
DEBUG: get_current_merchant returning success
DEBUG: get_current_merchant starting for user f637c8b0-defe-41e2-8354-ca1415b31762, merchant f2b03942-110e-4bfb-9fd4-694b04d89092
DEBUG: calling db.get(Merchant)
DEBUG: db.get(Merchant) finished: Analytics Co
DEBUG: executing select(MerchantMember) query
DEBUG: select(MerchantMember) query executed
DEBUG: MerchantMember role: owner
DEBUG: get_current_merchant returning success
DEBUG: get_current_merchant starting for user dec89dbf-a8c6-476e-b295-246cd8c6f4e5, merchant ffcfb880-049c-4596-add2-fb6d6c3465c1
DEBUG: calling db.get(Merchant)
DEBUG: db.get(Merchant) finished: Analytics Co
DEBUG: executing select(MerchantMember) query
DEBUG: select(MerchantMember) query executed
DEBUG: MerchantMember role: owner
DEBUG: get_current_merchant returning success
DEBUG: get_current_merchant starting for user 572130f8-7ebc-4e9c-baad-63b7f0a94fcf, merchant 20aa4e39-f09a-44a2-bd2b-c8e7d34fde70
DEBUG: calling db.get(Merchant)
DEBUG: db.get(Merchant) finished: Diag
DEBUG: executing select(MerchantMember) query
DEBUG: select(MerchantMember) query executed
DEBUG: MerchantMember role: owner
DEBUG: get_current_merchant returning success
DEBUG: get_current_merchant starting for user f6780989-c2f9-47b1-87ed-78f7a5ca0d3a, merchant 179ec014-0b4d-4ea1-93a5-eb1e2b650e89
DEBUG: calling db.get(Merchant)
DEBUG: db.get(Merchant) finished: Ctx
DEBUG: executing select(MerchantMember) query
DEBUG: select(MerchantMember) query executed
DEBUG: MerchantMember role: owner
DEBUG: get_current_merchant returning success
DEBUG: get_current_merchant starting for user 1ae815d2-c5b2-4001-a995-7506aafac27a, merchant 26337916-47cb-435c-9af9-e56440abe88c
DEBUG: calling db.get(Merchant)
DEBUG: db.get(Merchant) finished: Other
DEBUG: executing select(MerchantMember) query
DEBUG: select(MerchantMember) query executed
DEBUG: MerchantMember role: None
DEBUG: get_current_merchant got exception: 403: not a member of this merchant
DEBUG: get_current_merchant starting for user e14d95d5-9592-4a0a-9b7c-ac5a38801a49, merchant 7366abb1-69a1-4e70-8ab7-826456b4754b
DEBUG: calling db.get(Merchant)
DEBUG: db.get(Merchant) finished: None
DEBUG: get_current_merchant got exception: 404: merchant not found
DEBUG: get_current_merchant starting for user 099a6ef6-ac23-4b81-981c-107e3b7abcf7, merchant 69aaf423-4b52-4d26-8c1b-3affd2e21e30
DEBUG: calling db.get(Merchant)
DEBUG: db.get(Merchant) finished: Prod Test
DEBUG: executing select(MerchantMember) query
DEBUG: select(MerchantMember) query executed
DEBUG: MerchantMember role: owner
DEBUG: get_current_merchant returning success
DEBUG: get_current_merchant starting for user 7743b28d-0ee8-47a1-856a-6a6dc62043d4, merchant 01e681b8-1be1-41a0-9d8e-8275b355910c
DEBUG: calling db.get(Merchant)
DEBUG: db.get(Merchant) finished: Dup
DEBUG: executing select(MerchantMember) query
DEBUG: select(MerchantMember) query executed
DEBUG: MerchantMember role: owner
DEBUG: get_current_merchant returning success
DEBUG: get_current_merchant starting for user 7743b28d-0ee8-47a1-856a-6a6dc62043d4, merchant 01e681b8-1be1-41a0-9d8e-8275b355910c
DEBUG: calling db.get(Merchant)
DEBUG: db.get(Merchant) finished: Dup
DEBUG: executing select(MerchantMember) query
DEBUG: select(MerchantMember) query executed
DEBUG: MerchantMember role: owner
DEBUG: get_current_merchant returning success
DEBUG: get_current_merchant starting for user f626a6c7-443c-4d9e-9769-660388667838, merchant 83f83abd-afe4-442a-823e-83c847c0a3f0
DEBUG: calling db.get(Merchant)
DEBUG: db.get(Merchant) finished: M1
DEBUG: executing select(MerchantMember) query
DEBUG: select(MerchantMember) query executed
DEBUG: MerchantMember role: owner
DEBUG: get_current_merchant returning success
DEBUG: get_current_merchant starting for user f626a6c7-443c-4d9e-9769-660388667838, merchant 83f83abd-afe4-442a-823e-83c847c0a3f0
DEBUG: calling db.get(Merchant)
DEBUG: db.get(Merchant) finished: M1
DEBUG: executing select(MerchantMember) query
DEBUG: select(MerchantMember) query executed
DEBUG: MerchantMember role: owner
DEBUG: get_current_merchant returning success
DEBUG: get_current_merchant starting for user f626a6c7-443c-4d9e-9769-660388667838, merchant dc1bf5ec-46ae-4fc8-be26-b0d3f2002a48
DEBUG: calling db.get(Merchant)
DEBUG: db.get(Merchant) finished: M2
DEBUG: executing select(MerchantMember) query
DEBUG: select(MerchantMember) query executed
DEBUG: MerchantMember role: owner
DEBUG: get_current_merchant returning success
DEBUG: get_current_merchant starting for user f626a6c7-443c-4d9e-9769-660388667838, merchant dc1bf5ec-46ae-4fc8-be26-b0d3f2002a48
DEBUG: calling db.get(Merchant)
DEBUG: db.get(Merchant) finished: M2
DEBUG: executing select(MerchantMember) query
DEBUG: select(MerchantMember) query executed
DEBUG: MerchantMember role: owner
DEBUG: get_current_merchant returning success
DEBUG: get_current_merchant starting for user f626a6c7-443c-4d9e-9769-660388667838, merchant dc1bf5ec-46ae-4fc8-be26-b0d3f2002a48
DEBUG: calling db.get(Merchant)
DEBUG: db.get(Merchant) finished: M2
DEBUG: executing select(MerchantMember) query
DEBUG: select(MerchantMember) query executed
DEBUG: MerchantMember role: owner
DEBUG: get_current_merchant returning success
DEBUG: get_current_merchant starting for user f626a6c7-443c-4d9e-9769-660388667838, merchant 83f83abd-afe4-442a-823e-83c847c0a3f0
DEBUG: calling db.get(Merchant)
DEBUG: db.get(Merchant) finished: M1
DEBUG: executing select(MerchantMember) query
DEBUG: select(MerchantMember) query executed
DEBUG: MerchantMember role: owner
DEBUG: get_current_merchant returning success
DEBUG: get_current_merchant starting for user 3d5bacf9-00e8-4bd8-8136-d23b465a7bee, merchant 551a61be-d730-4297-bfe6-7e3a8200aba3
DEBUG: calling db.get(Merchant)
DEBUG: db.get(Merchant) finished: Filt
DEBUG: executing select(MerchantMember) query
DEBUG: select(MerchantMember) query executed
DEBUG: MerchantMember role: owner
DEBUG: get_current_merchant returning success
DEBUG: get_current_merchant starting for user 3d5bacf9-00e8-4bd8-8136-d23b465a7bee, merchant 551a61be-d730-4297-bfe6-7e3a8200aba3
DEBUG: calling db.get(Merchant)
DEBUG: db.get(Merchant) finished: Filt
DEBUG: executing select(MerchantMember) query
DEBUG: select(MerchantMember) query executed
DEBUG: MerchantMember role: owner
DEBUG: get_current_merchant returning success
DEBUG: get_current_merchant starting for user 3d5bacf9-00e8-4bd8-8136-d23b465a7bee, merchant 551a61be-d730-4297-bfe6-7e3a8200aba3
DEBUG: calling db.get(Merchant)
DEBUG: db.get(Merchant) finished: Filt
DEBUG: executing select(MerchantMember) query
DEBUG: select(MerchantMember) query executed
DEBUG: MerchantMember role: owner
DEBUG: get_current_merchant returning success
DEBUG: get_current_merchant starting for user 3d5bacf9-00e8-4bd8-8136-d23b465a7bee, merchant 551a61be-d730-4297-bfe6-7e3a8200aba3
DEBUG: calling db.get(Merchant)
DEBUG: db.get(Merchant) finished: Filt
DEBUG: executing select(MerchantMember) query
DEBUG: select(MerchantMember) query executed
DEBUG: MerchantMember role: owner
DEBUG: get_current_merchant returning success
DEBUG: get_current_merchant starting for user 3d5bacf9-00e8-4bd8-8136-d23b465a7bee, merchant 551a61be-d730-4297-bfe6-7e3a8200aba3
DEBUG: calling db.get(Merchant)
DEBUG: db.get(Merchant) finished: Filt
DEBUG: executing select(MerchantMember) query
DEBUG: select(MerchantMember) query executed
DEBUG: MerchantMember role: owner
DEBUG: get_current_merchant returning success
DEBUG: get_current_merchant starting for user abf76e64-c022-48b3-9c7a-65a0fc889f18, merchant 243d7e08-30aa-49e4-ba87-0d820f314888
DEBUG: calling db.get(Merchant)
DEBUG: db.get(Merchant) finished: Merchant Alpha
DEBUG: executing select(MerchantMember) query
DEBUG: select(MerchantMember) query executed
DEBUG: MerchantMember role: owner
DEBUG: get_current_merchant returning success
DEBUG: get_current_merchant starting for user abf76e64-c022-48b3-9c7a-65a0fc889f18, merchant 2311c40e-3eeb-493c-9398-ea067defdfd2
DEBUG: calling db.get(Merchant)
DEBUG: db.get(Merchant) finished: Merchant Beta
DEBUG: executing select(MerchantMember) query
DEBUG: select(MerchantMember) query executed
DEBUG: MerchantMember role: owner
DEBUG: get_current_merchant returning success
DEBUG: get_current_merchant starting for user 6122fc6c-5949-47ea-bcf8-129e27d497e8, merchant 8fb993e6-200d-4afe-a954-b2728a15bca0
DEBUG: calling db.get(Merchant)
DEBUG: db.get(Merchant) finished: Update Test
DEBUG: executing select(MerchantMember) query
DEBUG: select(MerchantMember) query executed
DEBUG: MerchantMember role: owner
DEBUG: get_current_merchant returning success
DEBUG: get_current_merchant starting for user 6122fc6c-5949-47ea-bcf8-129e27d497e8, merchant 8fb993e6-200d-4afe-a954-b2728a15bca0
DEBUG: calling db.get(Merchant)
DEBUG: db.get(Merchant) finished: Update Test
DEBUG: executing select(MerchantMember) query
DEBUG: select(MerchantMember) query executed
DEBUG: MerchantMember role: owner
DEBUG: get_current_merchant returning success
DEBUG: get_current_merchant starting for user 942a495a-ecca-4599-a589-dfdd298e4f16, merchant 88e82bbd-0987-498c-9bd0-cd4f2e24782f
DEBUG: calling db.get(Merchant)
DEBUG: db.get(Merchant) finished: Archive Test
DEBUG: executing select(MerchantMember) query
DEBUG: select(MerchantMember) query executed
DEBUG: MerchantMember role: owner
DEBUG: get_current_merchant returning success
DEBUG: get_current_merchant starting for user 942a495a-ecca-4599-a589-dfdd298e4f16, merchant 88e82bbd-0987-498c-9bd0-cd4f2e24782f
DEBUG: calling db.get(Merchant)
DEBUG: db.get(Merchant) finished: Archive Test
DEBUG: executing select(MerchantMember) query
DEBUG: select(MerchantMember) query executed
DEBUG: MerchantMember role: owner
DEBUG: get_current_merchant returning success
DEBUG: get_current_merchant starting for user 942a495a-ecca-4599-a589-dfdd298e4f16, merchant 88e82bbd-0987-498c-9bd0-cd4f2e24782f
DEBUG: calling db.get(Merchant)
DEBUG: db.get(Merchant) finished: Archive Test
DEBUG: executing select(MerchantMember) query
DEBUG: select(MerchantMember) query executed
DEBUG: MerchantMember role: owner
DEBUG: get_current_merchant returning success
DEBUG: get_current_merchant starting for user 9690cfdb-f4ed-406a-ba97-ff6c5a6458e7, merchant 62545022-1636-408f-900d-4c2631e73db7
DEBUG: calling db.get(Merchant)
DEBUG: db.get(Merchant) finished: Publish Test
DEBUG: executing select(MerchantMember) query
DEBUG: select(MerchantMember) query executed
DEBUG: MerchantMember role: owner
DEBUG: get_current_merchant returning success
DEBUG: get_current_merchant starting for user 9690cfdb-f4ed-406a-ba97-ff6c5a6458e7, merchant 62545022-1636-408f-900d-4c2631e73db7
DEBUG: calling db.get(Merchant)
DEBUG: db.get(Merchant) finished: Publish Test
DEBUG: executing select(MerchantMember) query
DEBUG: select(MerchantMember) query executed
DEBUG: MerchantMember role: owner
DEBUG: get_current_merchant returning success
DEBUG: get_current_merchant starting for user 488269d4-f1fd-4c83-9f6c-c204b4e29ff7, merchant 1319931f-a04f-4fcb-aab1-7ef35261523c
DEBUG: calling db.get(Merchant)
DEBUG: db.get(Merchant) finished: Archived Test
DEBUG: executing select(MerchantMember) query
DEBUG: select(MerchantMember) query executed
DEBUG: MerchantMember role: owner
DEBUG: get_current_merchant returning success
DEBUG: get_current_merchant starting for user 488269d4-f1fd-4c83-9f6c-c204b4e29ff7, merchant 1319931f-a04f-4fcb-aab1-7ef35261523c
DEBUG: calling db.get(Merchant)
DEBUG: db.get(Merchant) finished: Archived Test
DEBUG: executing select(MerchantMember) query
DEBUG: select(MerchantMember) query executed
DEBUG: MerchantMember role: owner
DEBUG: get_current_merchant returning success
DEBUG: get_current_merchant starting for user 488269d4-f1fd-4c83-9f6c-c204b4e29ff7, merchant 1319931f-a04f-4fcb-aab1-7ef35261523c
DEBUG: calling db.get(Merchant)
DEBUG: db.get(Merchant) finished: Archived Test
DEBUG: executing select(MerchantMember) query
DEBUG: select(MerchantMember) query executed
DEBUG: MerchantMember role: owner
DEBUG: get_current_merchant returning success
DEBUG: get_current_merchant starting for user e899aff8-87fe-45ae-9529-d73f2abc44cf, merchant 360e8ec5-f6e9-44c4-9db6-ced40f847c4c
DEBUG: calling db.get(Merchant)
DEBUG: db.get(Merchant) finished: External Links
DEBUG: executing select(MerchantMember) query
DEBUG: select(MerchantMember) query executed
DEBUG: MerchantMember role: owner
DEBUG: get_current_merchant returning success
DEBUG: get_current_merchant starting for user e899aff8-87fe-45ae-9529-d73f2abc44cf, merchant 360e8ec5-f6e9-44c4-9db6-ced40f847c4c
DEBUG: calling db.get(Merchant)
DEBUG: db.get(Merchant) finished: External Links
DEBUG: executing select(MerchantMember) query
DEBUG: select(MerchantMember) query executed
DEBUG: MerchantMember role: owner
DEBUG: get_current_merchant returning success
DEBUG: get_current_merchant starting for user e899aff8-87fe-45ae-9529-d73f2abc44cf, merchant 360e8ec5-f6e9-44c4-9db6-ced40f847c4c
DEBUG: calling db.get(Merchant)
DEBUG: db.get(Merchant) finished: External Links
DEBUG: executing select(MerchantMember) query
DEBUG: select(MerchantMember) query executed
DEBUG: MerchantMember role: owner
DEBUG: get_current_merchant returning success
DEBUG: get_current_merchant starting for user 713da2a1-cad2-47a2-81b7-1f880df5d8fa, merchant 5270c87c-91a5-492b-a2f6-de14b0eb5ebe
DEBUG: calling db.get(Merchant)
DEBUG: db.get(Merchant) finished: Update Links
DEBUG: executing select(MerchantMember) query
DEBUG: select(MerchantMember) query executed
DEBUG: MerchantMember role: owner
DEBUG: get_current_merchant returning success
DEBUG: get_current_merchant starting for user 713da2a1-cad2-47a2-81b7-1f880df5d8fa, merchant 5270c87c-91a5-492b-a2f6-de14b0eb5ebe
DEBUG: calling db.get(Merchant)
DEBUG: db.get(Merchant) finished: Update Links
DEBUG: executing select(MerchantMember) query
DEBUG: select(MerchantMember) query executed
DEBUG: MerchantMember role: owner
DEBUG: get_current_merchant returning success
DEBUG: get_current_merchant starting for user 713da2a1-cad2-47a2-81b7-1f880df5d8fa, merchant 5270c87c-91a5-492b-a2f6-de14b0eb5ebe
DEBUG: calling db.get(Merchant)
DEBUG: db.get(Merchant) finished: Update Links
DEBUG: executing select(MerchantMember) query
DEBUG: select(MerchantMember) query executed
DEBUG: MerchantMember role: owner
DEBUG: get_current_merchant returning success
DEBUG: get_current_merchant starting for user 987a6459-79c9-4ee8-91dc-178784fcdba0, merchant 6c1d4d2f-db40-4438-8ae1-3e9fb02af721
DEBUG: calling db.get(Merchant)
DEBUG: db.get(Merchant) finished: Delete Links
DEBUG: executing select(MerchantMember) query
DEBUG: select(MerchantMember) query executed
DEBUG: MerchantMember role: owner
DEBUG: get_current_merchant returning success
DEBUG: get_current_merchant starting for user 987a6459-79c9-4ee8-91dc-178784fcdba0, merchant 6c1d4d2f-db40-4438-8ae1-3e9fb02af721
DEBUG: calling db.get(Merchant)
DEBUG: db.get(Merchant) finished: Delete Links
DEBUG: executing select(MerchantMember) query
DEBUG: select(MerchantMember) query executed
DEBUG: MerchantMember role: owner
DEBUG: get_current_merchant returning success
DEBUG: get_current_merchant starting for user 987a6459-79c9-4ee8-91dc-178784fcdba0, merchant 6c1d4d2f-db40-4438-8ae1-3e9fb02af721
DEBUG: calling db.get(Merchant)
DEBUG: db.get(Merchant) finished: Delete Links
DEBUG: executing select(MerchantMember) query
DEBUG: select(MerchantMember) query executed
DEBUG: MerchantMember role: owner
DEBUG: get_current_merchant returning success
DEBUG: get_current_merchant starting for user 987a6459-79c9-4ee8-91dc-178784fcdba0, merchant 6c1d4d2f-db40-4438-8ae1-3e9fb02af721
DEBUG: calling db.get(Merchant)
DEBUG: db.get(Merchant) finished: Delete Links
DEBUG: executing select(MerchantMember) query
DEBUG: select(MerchantMember) query executed
DEBUG: MerchantMember role: owner
DEBUG: get_current_merchant returning success
DEBUG: get_current_merchant starting for user 57558575-1e8a-446e-b9de-c5ac5f928c9d, merchant 1f8c916a-f157-45bb-9b34-2d39b50048ce
DEBUG: calling db.get(Merchant)
DEBUG: db.get(Merchant) finished: Alpha Org
DEBUG: executing select(MerchantMember) query
DEBUG: select(MerchantMember) query executed
DEBUG: MerchantMember role: owner
DEBUG: get_current_merchant returning success
DEBUG: get_current_merchant starting for user 57558575-1e8a-446e-b9de-c5ac5f928c9d, merchant dc173c4b-dbff-45a6-9e66-e44f507f3bf5
DEBUG: calling db.get(Merchant)
DEBUG: db.get(Merchant) finished: Beta Org
DEBUG: executing select(MerchantMember) query
DEBUG: select(MerchantMember) query executed
DEBUG: MerchantMember role: owner
DEBUG: get_current_merchant returning success
DEBUG: get_current_merchant starting for user 087fe115-3268-4043-befa-aef9ca8d0378, merchant db58b4e7-9d60-4750-b6a9-20aadbfbb463
DEBUG: calling db.get(Merchant)
DEBUG: db.get(Merchant) finished: Foreign
DEBUG: executing select(MerchantMember) query
DEBUG: select(MerchantMember) query executed
DEBUG: MerchantMember role: None
DEBUG: get_current_merchant got exception: 403: not a member of this merchant
DEBUG: get_current_merchant starting for user eee81e9c-f5e6-4890-abfc-83513ba65b1a, merchant e3105f28-4a56-4c0f-baef-3732f5f7b569
DEBUG: calling db.get(Merchant)
DEBUG: db.get(Merchant) finished: Patch
DEBUG: executing select(MerchantMember) query
DEBUG: select(MerchantMember) query executed
DEBUG: MerchantMember role: staff
DEBUG: get_current_merchant returning success
DEBUG: get_current_merchant starting for user b803b7eb-9d35-4c9c-965d-61956c66d19b, merchant b7548c0f-8e1a-48b1-bd9f-c7aa920dcb29
DEBUG: calling db.get(Merchant)
DEBUG: db.get(Merchant) finished: Team Test
DEBUG: executing select(MerchantMember) query
DEBUG: select(MerchantMember) query executed
DEBUG: MerchantMember role: owner
DEBUG: get_current_merchant returning success
DEBUG: get_current_merchant starting for user 32b727de-fd08-47f0-a570-795c25c10c32, merchant 85d2ec9f-b39f-49a9-949b-c526cde9019c
DEBUG: calling db.get(Merchant)
DEBUG: db.get(Merchant) finished: Inv Test
DEBUG: executing select(MerchantMember) query
DEBUG: select(MerchantMember) query executed
DEBUG: MerchantMember role: owner
DEBUG: get_current_merchant returning success
DEBUG: get_current_merchant starting for user 3a359dc9-d84e-48dd-8bc4-e7e2b9bc8398, merchant 9e8131fb-02ca-41c6-a7c5-eb43da316986
DEBUG: calling db.get(Merchant)
DEBUG: db.get(Merchant) finished: Unk
DEBUG: executing select(MerchantMember) query
DEBUG: select(MerchantMember) query executed
DEBUG: MerchantMember role: owner
DEBUG: get_current_merchant returning success
DEBUG: get_current_merchant starting for user 45ab7cf2-d7b0-44cc-a7a6-fb3226ad19f1, merchant 89209ece-ae02-44fd-b0f9-1b248ab9bc90
DEBUG: calling db.get(Merchant)
DEBUG: db.get(Merchant) finished: Role Test
DEBUG: executing select(MerchantMember) query
DEBUG: select(MerchantMember) query executed
DEBUG: MerchantMember role: owner
DEBUG: get_current_merchant returning success
DEBUG: get_current_merchant starting for user 574d0cd3-5460-4c47-a001-18092c32d555, merchant 89209ece-ae02-44fd-b0f9-1b248ab9bc90
DEBUG: calling db.get(Merchant)
DEBUG: db.get(Merchant) finished: Role Test
DEBUG: executing select(MerchantMember) query
DEBUG: select(MerchantMember) query executed
DEBUG: MerchantMember role: admin
DEBUG: get_current_merchant returning success
DEBUG: get_current_merchant starting for user 574d0cd3-5460-4c47-a001-18092c32d555, merchant 89209ece-ae02-44fd-b0f9-1b248ab9bc90
DEBUG: calling db.get(Merchant)
DEBUG: db.get(Merchant) finished: Role Test
DEBUG: executing select(MerchantMember) query
DEBUG: select(MerchantMember) query executed
DEBUG: MerchantMember role: admin
DEBUG: get_current_merchant returning success
DEBUG: get_current_merchant starting for user 72c983e7-8574-4f5e-9f77-676b561d53ec, merchant 868a13f6-05ab-444f-b1a4-03e0ae7aa7dc
DEBUG: calling db.get(Merchant)
DEBUG: db.get(Merchant) finished: Self
DEBUG: executing select(MerchantMember) query
DEBUG: select(MerchantMember) query executed
DEBUG: MerchantMember role: owner
DEBUG: get_current_merchant returning success
DEBUG: get_current_merchant starting for user af00bc10-8f31-440a-8c7e-d6ae32e823ea, merchant 4e2b475d-49a5-4709-941b-faaca08e31ed
DEBUG: calling db.get(Merchant)
DEBUG: db.get(Merchant) finished: Wallet Read
DEBUG: executing select(MerchantMember) query
DEBUG: select(MerchantMember) query executed
DEBUG: MerchantMember role: owner
DEBUG: get_current_merchant returning success
DEBUG: get_current_merchant starting for user 6fd37e62-d773-4900-a9ee-e9e1b7349bde, merchant e6b0e235-7fbb-4ea9-b397-a71ec9233244
DEBUG: calling db.get(Merchant)
DEBUG: db.get(Merchant) finished: Txn List
DEBUG: executing select(MerchantMember) query
DEBUG: select(MerchantMember) query executed
DEBUG: MerchantMember role: owner
DEBUG: get_current_merchant returning success
DEBUG: get_current_merchant starting for user 0c7678d6-4186-4e02-8f6b-d13569bf644d, merchant e60bd381-8bfb-482b-904a-850c84cb0828
DEBUG: calling db.get(Merchant)
DEBUG: db.get(Merchant) finished: Threshold Test
DEBUG: executing select(MerchantMember) query
DEBUG: select(MerchantMember) query executed
DEBUG: MerchantMember role: owner
DEBUG: get_current_merchant returning success
DEBUG: get_current_merchant starting for user 383e412d-e29b-41a1-99bf-c362b4213072, merchant 8aa86ae5-b81d-4fe8-9f73-fbf86896d33a
DEBUG: calling db.get(Merchant)
DEBUG: db.get(Merchant) finished: Intent Test
DEBUG: executing select(MerchantMember) query
DEBUG: select(MerchantMember) query executed
DEBUG: MerchantMember role: owner
DEBUG: get_current_merchant returning success
DEBUG: get_current_merchant starting for user dc29d44f-2f35-4056-bf2f-65f7f24177c0, merchant 7e64a954-1cc8-49f2-acc1-07ba87109102
DEBUG: calling db.get(Merchant)
DEBUG: db.get(Merchant) finished: Confirm Test
DEBUG: executing select(MerchantMember) query
DEBUG: select(MerchantMember) query executed
DEBUG: MerchantMember role: owner
DEBUG: get_current_merchant returning success
DEBUG: get_current_merchant starting for user 46c8ed69-bc08-4841-a5a0-9ff9d3f52450, merchant 37789071-290b-4cb3-9385-2be4d77933ff
DEBUG: calling db.get(Merchant)
DEBUG: db.get(Merchant) finished: Idem Test
DEBUG: executing select(MerchantMember) query
DEBUG: select(MerchantMember) query executed
DEBUG: MerchantMember role: owner
DEBUG: get_current_merchant returning success
DEBUG: get_current_merchant starting for user 8f553844-c553-40e6-9a64-3410f7624251, merchant 12b8a013-d6ca-4097-8ee3-2ee6d6871f90
DEBUG: calling db.get(Merchant)
DEBUG: db.get(Merchant) finished: Bad Sig
DEBUG: executing select(MerchantMember) query
DEBUG: select(MerchantMember) query executed
DEBUG: MerchantMember role: owner
DEBUG: get_current_merchant returning success
DEBUG: get_current_merchant starting for user b974638b-5acf-43e4-90d9-1a2802ca4241, merchant 6b1a0021-efe7-47cb-996a-16f5522cd1ef
DEBUG: calling db.get(Merchant)
DEBUG: db.get(Merchant) finished: Publish Gate
DEBUG: executing select(MerchantMember) query
DEBUG: select(MerchantMember) query executed
DEBUG: MerchantMember role: owner
DEBUG: get_current_merchant returning success
DEBUG: get_current_merchant starting for user b974638b-5acf-43e4-90d9-1a2802ca4241, merchant 6b1a0021-efe7-47cb-996a-16f5522cd1ef
DEBUG: calling db.get(Merchant)
DEBUG: db.get(Merchant) finished: Publish Gate
DEBUG: executing select(MerchantMember) query
DEBUG: select(MerchantMember) query executed
DEBUG: MerchantMember role: owner
DEBUG: get_current_merchant returning success
DEBUG: get_current_merchant starting for user b974638b-5acf-43e4-90d9-1a2802ca4241, merchant 6b1a0021-efe7-47cb-996a-16f5522cd1ef
DEBUG: calling db.get(Merchant)
DEBUG: db.get(Merchant) finished: Publish Gate
DEBUG: executing select(MerchantMember) query
DEBUG: select(MerchantMember) query executed
DEBUG: MerchantMember role: owner
DEBUG: get_current_merchant returning success
DEBUG: get_current_merchant starting for user ba1dcf23-09d4-4154-b8f4-7dfcbb6da389, merchant 3f8af0df-91df-4bfb-bd77-e8499c71492d
DEBUG: calling db.get(Merchant)
DEBUG: db.get(Merchant) finished: Analytics Co
DEBUG: executing select(MerchantMember) query
DEBUG: select(MerchantMember) query executed
DEBUG: MerchantMember role: owner
DEBUG: get_current_merchant returning success
DEBUG: get_current_merchant starting for user e093c546-46ad-465f-b8cc-059cf245ca3e, merchant 3e865459-b725-4069-98c9-47315b171e21
DEBUG: calling db.get(Merchant)
DEBUG: db.get(Merchant) finished: Analytics Co
DEBUG: executing select(MerchantMember) query
DEBUG: select(MerchantMember) query executed
DEBUG: MerchantMember role: owner
DEBUG: get_current_merchant returning success
DEBUG: get_current_merchant starting for user a08d8277-117f-4269-88a4-ca05e7cdb191, merchant dcb2cb22-68ff-4bd9-8e0e-912a7537bf9e
DEBUG: calling db.get(Merchant)
DEBUG: db.get(Merchant) finished: Analytics Co
DEBUG: executing select(MerchantMember) query
DEBUG: select(MerchantMember) query executed
DEBUG: MerchantMember role: owner
DEBUG: get_current_merchant returning success
DEBUG: get_current_merchant starting for user 30e907d4-7bbf-4803-b72e-1b48ebf51c66, merchant 09468c72-ede7-4e92-8437-17e41d817688
DEBUG: calling db.get(Merchant)
DEBUG: db.get(Merchant) finished: Diag
DEBUG: executing select(MerchantMember) query
DEBUG: select(MerchantMember) query executed
DEBUG: MerchantMember role: owner
DEBUG: get_current_merchant returning success
DEBUG: get_current_merchant starting for user c555dcb8-4cf0-47f2-aeab-f455779e2bb5, merchant 437565ad-992a-40fa-94ed-5edac8c2332c
DEBUG: calling db.get(Merchant)
DEBUG: db.get(Merchant) finished: Ctx
DEBUG: executing select(MerchantMember) query
DEBUG: select(MerchantMember) query executed
DEBUG: MerchantMember role: owner
DEBUG: get_current_merchant returning success
DEBUG: get_current_merchant starting for user e4d2213c-6ad6-4223-bbf7-36f5db9c7851, merchant 519ba313-07d8-49ce-b1d6-8986ffe9db6e
DEBUG: calling db.get(Merchant)
DEBUG: db.get(Merchant) finished: Other
DEBUG: executing select(MerchantMember) query
DEBUG: select(MerchantMember) query executed
DEBUG: MerchantMember role: None
DEBUG: get_current_merchant got exception: 403: not a member of this merchant
DEBUG: get_current_merchant starting for user a9503d5a-f1d4-4154-bcfd-bfc17b2f30e2, merchant ebd38011-c65e-42a3-bd06-dc82fb156c8e
DEBUG: calling db.get(Merchant)
DEBUG: db.get(Merchant) finished: None
DEBUG: get_current_merchant got exception: 404: merchant not found
DEBUG: get_current_merchant starting for user ab0ec2d1-bb0f-481d-a3cb-bcf709275ba7, merchant ca1cdfb0-8e87-47fc-926d-67271114c34d
DEBUG: calling db.get(Merchant)
DEBUG: db.get(Merchant) finished: Prod Test
DEBUG: executing select(MerchantMember) query
DEBUG: select(MerchantMember) query executed
DEBUG: MerchantMember role: owner
DEBUG: get_current_merchant returning success
DEBUG: get_current_merchant starting for user a52687d7-0ad2-4ab4-aa0a-72f5bd6dfd27, merchant 6da02bcf-71a7-4a5c-9deb-0c67a7ac3de3
DEBUG: calling db.get(Merchant)
DEBUG: db.get(Merchant) finished: Dup
DEBUG: executing select(MerchantMember) query
DEBUG: select(MerchantMember) query executed
DEBUG: MerchantMember role: owner
DEBUG: get_current_merchant returning success
DEBUG: get_current_merchant starting for user a52687d7-0ad2-4ab4-aa0a-72f5bd6dfd27, merchant 6da02bcf-71a7-4a5c-9deb-0c67a7ac3de3
DEBUG: calling db.get(Merchant)
DEBUG: db.get(Merchant) finished: Dup
DEBUG: executing select(MerchantMember) query
DEBUG: select(MerchantMember) query executed
DEBUG: MerchantMember role: owner
DEBUG: get_current_merchant returning success
DEBUG: get_current_merchant starting for user e4873906-4bb8-4118-88ae-aa43ecabd3ad, merchant f3137548-c034-4277-a4b4-808291d1bed2
DEBUG: calling db.get(Merchant)
DEBUG: db.get(Merchant) finished: M1
DEBUG: executing select(MerchantMember) query
DEBUG: select(MerchantMember) query executed
DEBUG: MerchantMember role: owner
DEBUG: get_current_merchant returning success
DEBUG: get_current_merchant starting for user e4873906-4bb8-4118-88ae-aa43ecabd3ad, merchant f3137548-c034-4277-a4b4-808291d1bed2
DEBUG: calling db.get(Merchant)
DEBUG: db.get(Merchant) finished: M1
DEBUG: executing select(MerchantMember) query
DEBUG: select(MerchantMember) query executed
DEBUG: MerchantMember role: owner
DEBUG: get_current_merchant returning success
DEBUG: get_current_merchant starting for user e4873906-4bb8-4118-88ae-aa43ecabd3ad, merchant 4e0fcbfc-9e9f-4151-85fe-768ee34078f7
DEBUG: calling db.get(Merchant)
DEBUG: db.get(Merchant) finished: M2
DEBUG: executing select(MerchantMember) query
DEBUG: select(MerchantMember) query executed
DEBUG: MerchantMember role: owner
DEBUG: get_current_merchant returning success
DEBUG: get_current_merchant starting for user e4873906-4bb8-4118-88ae-aa43ecabd3ad, merchant 4e0fcbfc-9e9f-4151-85fe-768ee34078f7
DEBUG: calling db.get(Merchant)
DEBUG: db.get(Merchant) finished: M2
DEBUG: executing select(MerchantMember) query
DEBUG: select(MerchantMember) query executed
DEBUG: MerchantMember role: owner
DEBUG: get_current_merchant returning success
DEBUG: get_current_merchant starting for user e4873906-4bb8-4118-88ae-aa43ecabd3ad, merchant 4e0fcbfc-9e9f-4151-85fe-768ee34078f7
DEBUG: calling db.get(Merchant)
DEBUG: db.get(Merchant) finished: M2
DEBUG: executing select(MerchantMember) query
DEBUG: select(MerchantMember) query executed
DEBUG: MerchantMember role: owner
DEBUG: get_current_merchant returning success
DEBUG: get_current_merchant starting for user e4873906-4bb8-4118-88ae-aa43ecabd3ad, merchant f3137548-c034-4277-a4b4-808291d1bed2
DEBUG: calling db.get(Merchant)
DEBUG: db.get(Merchant) finished: M1
DEBUG: executing select(MerchantMember) query
DEBUG: select(MerchantMember) query executed
DEBUG: MerchantMember role: owner
DEBUG: get_current_merchant returning success
DEBUG: get_current_merchant starting for user b8411589-adb9-41fe-a264-858876f475e2, merchant 0430283a-a63c-4059-b409-20cc36ebad2f
DEBUG: calling db.get(Merchant)
DEBUG: db.get(Merchant) finished: Filt
DEBUG: executing select(MerchantMember) query
DEBUG: select(MerchantMember) query executed
DEBUG: MerchantMember role: owner
DEBUG: get_current_merchant returning success
DEBUG: get_current_merchant starting for user b8411589-adb9-41fe-a264-858876f475e2, merchant 0430283a-a63c-4059-b409-20cc36ebad2f
DEBUG: calling db.get(Merchant)
DEBUG: db.get(Merchant) finished: Filt
DEBUG: executing select(MerchantMember) query
DEBUG: select(MerchantMember) query executed
DEBUG: MerchantMember role: owner
DEBUG: get_current_merchant returning success
DEBUG: get_current_merchant starting for user b8411589-adb9-41fe-a264-858876f475e2, merchant 0430283a-a63c-4059-b409-20cc36ebad2f
DEBUG: calling db.get(Merchant)
DEBUG: db.get(Merchant) finished: Filt
DEBUG: executing select(MerchantMember) query
DEBUG: select(MerchantMember) query executed
DEBUG: MerchantMember role: owner
DEBUG: get_current_merchant returning success
DEBUG: get_current_merchant starting for user b8411589-adb9-41fe-a264-858876f475e2, merchant 0430283a-a63c-4059-b409-20cc36ebad2f
DEBUG: calling db.get(Merchant)
DEBUG: db.get(Merchant) finished: Filt
DEBUG: executing select(MerchantMember) query
DEBUG: select(MerchantMember) query executed
DEBUG: MerchantMember role: owner
DEBUG: get_current_merchant returning success
DEBUG: get_current_merchant starting for user b8411589-adb9-41fe-a264-858876f475e2, merchant 0430283a-a63c-4059-b409-20cc36ebad2f
DEBUG: calling db.get(Merchant)
DEBUG: db.get(Merchant) finished: Filt
DEBUG: executing select(MerchantMember) query
DEBUG: select(MerchantMember) query executed
DEBUG: MerchantMember role: owner
DEBUG: get_current_merchant returning success
DEBUG: get_current_merchant starting for user faddfc82-6075-4054-b976-e3c19f517bc3, merchant 18caee13-9f1d-4ce6-85ae-ed649a439aac
DEBUG: calling db.get(Merchant)
DEBUG: db.get(Merchant) finished: Merchant Alpha
DEBUG: executing select(MerchantMember) query
DEBUG: select(MerchantMember) query executed
DEBUG: MerchantMember role: owner
DEBUG: get_current_merchant returning success
DEBUG: get_current_merchant starting for user faddfc82-6075-4054-b976-e3c19f517bc3, merchant a0e772fe-ba7c-4694-891f-3c0fc784195c
DEBUG: calling db.get(Merchant)
DEBUG: db.get(Merchant) finished: Merchant Beta
DEBUG: executing select(MerchantMember) query
DEBUG: select(MerchantMember) query executed
DEBUG: MerchantMember role: owner
DEBUG: get_current_merchant returning success
DEBUG: get_current_merchant starting for user ae0de862-54f6-4fb3-b6f6-7fad72c0e101, merchant 955e96ba-946f-4d1a-9c0a-10f72be4594b
DEBUG: calling db.get(Merchant)
DEBUG: db.get(Merchant) finished: Update Test
DEBUG: executing select(MerchantMember) query
DEBUG: select(MerchantMember) query executed
DEBUG: MerchantMember role: owner
DEBUG: get_current_merchant returning success
DEBUG: get_current_merchant starting for user ae0de862-54f6-4fb3-b6f6-7fad72c0e101, merchant 955e96ba-946f-4d1a-9c0a-10f72be4594b
DEBUG: calling db.get(Merchant)
DEBUG: db.get(Merchant) finished: Update Test
DEBUG: executing select(MerchantMember) query
DEBUG: select(MerchantMember) query executed
DEBUG: MerchantMember role: owner
DEBUG: get_current_merchant returning success
DEBUG: get_current_merchant starting for user e940fca4-5c10-427e-b6ba-055867bec231, merchant 01fb9526-525d-4edc-8a4a-f2734d503a54
DEBUG: calling db.get(Merchant)
DEBUG: db.get(Merchant) finished: Archive Test
DEBUG: executing select(MerchantMember) query
DEBUG: select(MerchantMember) query executed
DEBUG: MerchantMember role: owner
DEBUG: get_current_merchant returning success
DEBUG: get_current_merchant starting for user e940fca4-5c10-427e-b6ba-055867bec231, merchant 01fb9526-525d-4edc-8a4a-f2734d503a54
DEBUG: calling db.get(Merchant)
DEBUG: db.get(Merchant) finished: Archive Test
DEBUG: executing select(MerchantMember) query
DEBUG: select(MerchantMember) query executed
DEBUG: MerchantMember role: owner
DEBUG: get_current_merchant returning success
DEBUG: get_current_merchant starting for user e940fca4-5c10-427e-b6ba-055867bec231, merchant 01fb9526-525d-4edc-8a4a-f2734d503a54
DEBUG: calling db.get(Merchant)
DEBUG: db.get(Merchant) finished: Archive Test
DEBUG: executing select(MerchantMember) query
DEBUG: select(MerchantMember) query executed
DEBUG: MerchantMember role: owner
DEBUG: get_current_merchant returning success
DEBUG: get_current_merchant starting for user d696de8d-b8d1-4885-b748-a38ae18c0ab5, merchant d0c116a8-7fbe-49b7-bc67-cf51fa8470fc
DEBUG: calling db.get(Merchant)
DEBUG: db.get(Merchant) finished: Publish Test
DEBUG: executing select(MerchantMember) query
DEBUG: select(MerchantMember) query executed
DEBUG: MerchantMember role: owner
DEBUG: get_current_merchant returning success
DEBUG: get_current_merchant starting for user d696de8d-b8d1-4885-b748-a38ae18c0ab5, merchant d0c116a8-7fbe-49b7-bc67-cf51fa8470fc
DEBUG: calling db.get(Merchant)
DEBUG: db.get(Merchant) finished: Publish Test
DEBUG: executing select(MerchantMember) query
DEBUG: select(MerchantMember) query executed
DEBUG: MerchantMember role: owner
DEBUG: get_current_merchant returning success
DEBUG: get_current_merchant starting for user 3f07da51-3b12-437f-bf96-85af83bcf447, merchant 0a2fcaff-d598-409c-855f-c761b8620dad
DEBUG: calling db.get(Merchant)
DEBUG: db.get(Merchant) finished: Archived Test
DEBUG: executing select(MerchantMember) query
DEBUG: select(MerchantMember) query executed
DEBUG: MerchantMember role: owner
DEBUG: get_current_merchant returning success
DEBUG: get_current_merchant starting for user 3f07da51-3b12-437f-bf96-85af83bcf447, merchant 0a2fcaff-d598-409c-855f-c761b8620dad
DEBUG: calling db.get(Merchant)
DEBUG: db.get(Merchant) finished: Archived Test
DEBUG: executing select(MerchantMember) query
DEBUG: select(MerchantMember) query executed
DEBUG: MerchantMember role: owner
DEBUG: get_current_merchant returning success
DEBUG: get_current_merchant starting for user 3f07da51-3b12-437f-bf96-85af83bcf447, merchant 0a2fcaff-d598-409c-855f-c761b8620dad
DEBUG: calling db.get(Merchant)
DEBUG: db.get(Merchant) finished: Archived Test
DEBUG: executing select(MerchantMember) query
DEBUG: select(MerchantMember) query executed
DEBUG: MerchantMember role: owner
DEBUG: get_current_merchant returning success
DEBUG: get_current_merchant starting for user a39fd94b-d8e2-416a-acb6-14c5b30a6f3f, merchant 251d5f01-0eb0-4557-812a-033078f89ac2
DEBUG: calling db.get(Merchant)
DEBUG: db.get(Merchant) finished: External Links
DEBUG: executing select(MerchantMember) query
DEBUG: select(MerchantMember) query executed
DEBUG: MerchantMember role: owner
DEBUG: get_current_merchant returning success
DEBUG: get_current_merchant starting for user a39fd94b-d8e2-416a-acb6-14c5b30a6f3f, merchant 251d5f01-0eb0-4557-812a-033078f89ac2
DEBUG: calling db.get(Merchant)
DEBUG: db.get(Merchant) finished: External Links
DEBUG: executing select(MerchantMember) query
DEBUG: select(MerchantMember) query executed
DEBUG: MerchantMember role: owner
DEBUG: get_current_merchant returning success
DEBUG: get_current_merchant starting for user a39fd94b-d8e2-416a-acb6-14c5b30a6f3f, merchant 251d5f01-0eb0-4557-812a-033078f89ac2
DEBUG: calling db.get(Merchant)
DEBUG: db.get(Merchant) finished: External Links
DEBUG: executing select(MerchantMember) query
DEBUG: select(MerchantMember) query executed
DEBUG: MerchantMember role: owner
DEBUG: get_current_merchant returning success
DEBUG: get_current_merchant starting for user ba3629cb-412e-47b4-b82e-66db12e40144, merchant c81b4b68-4e37-4c44-9ad4-0d4710e5978d
DEBUG: calling db.get(Merchant)
DEBUG: db.get(Merchant) finished: Update Links
DEBUG: executing select(MerchantMember) query
DEBUG: select(MerchantMember) query executed
DEBUG: MerchantMember role: owner
DEBUG: get_current_merchant returning success
DEBUG: get_current_merchant starting for user ba3629cb-412e-47b4-b82e-66db12e40144, merchant c81b4b68-4e37-4c44-9ad4-0d4710e5978d
DEBUG: calling db.get(Merchant)
DEBUG: db.get(Merchant) finished: Update Links
DEBUG: executing select(MerchantMember) query
DEBUG: select(MerchantMember) query executed
DEBUG: MerchantMember role: owner
DEBUG: get_current_merchant returning success
DEBUG: get_current_merchant starting for user ba3629cb-412e-47b4-b82e-66db12e40144, merchant c81b4b68-4e37-4c44-9ad4-0d4710e5978d
DEBUG: calling db.get(Merchant)
DEBUG: db.get(Merchant) finished: Update Links
DEBUG: executing select(MerchantMember) query
DEBUG: select(MerchantMember) query executed
DEBUG: MerchantMember role: owner
DEBUG: get_current_merchant returning success
DEBUG: get_current_merchant starting for user ecd9547e-e019-4ebc-a319-c59691f31101, merchant 3883e8d9-2180-4d0e-b6fc-4b596dd3b9de
DEBUG: calling db.get(Merchant)
DEBUG: db.get(Merchant) finished: Delete Links
DEBUG: executing select(MerchantMember) query
DEBUG: select(MerchantMember) query executed
DEBUG: MerchantMember role: owner
DEBUG: get_current_merchant returning success
DEBUG: get_current_merchant starting for user ecd9547e-e019-4ebc-a319-c59691f31101, merchant 3883e8d9-2180-4d0e-b6fc-4b596dd3b9de
DEBUG: calling db.get(Merchant)
DEBUG: db.get(Merchant) finished: Delete Links
DEBUG: executing select(MerchantMember) query
DEBUG: select(MerchantMember) query executed
DEBUG: MerchantMember role: owner
DEBUG: get_current_merchant returning success
DEBUG: get_current_merchant starting for user ecd9547e-e019-4ebc-a319-c59691f31101, merchant 3883e8d9-2180-4d0e-b6fc-4b596dd3b9de
DEBUG: calling db.get(Merchant)
DEBUG: db.get(Merchant) finished: Delete Links
DEBUG: executing select(MerchantMember) query
DEBUG: select(MerchantMember) query executed
DEBUG: MerchantMember role: owner
DEBUG: get_current_merchant returning success
DEBUG: get_current_merchant starting for user ecd9547e-e019-4ebc-a319-c59691f31101, merchant 3883e8d9-2180-4d0e-b6fc-4b596dd3b9de
DEBUG: calling db.get(Merchant)
DEBUG: db.get(Merchant) finished: Delete Links
DEBUG: executing select(MerchantMember) query
DEBUG: select(MerchantMember) query executed
DEBUG: MerchantMember role: owner
DEBUG: get_current_merchant returning success
DEBUG: get_current_merchant starting for user a5bd9985-24de-45b2-822c-0a40945b6694, merchant ff866a58-60db-49f9-8336-cc779fb869df
DEBUG: calling db.get(Merchant)
DEBUG: db.get(Merchant) finished: Alpha Org
DEBUG: executing select(MerchantMember) query
DEBUG: select(MerchantMember) query executed
DEBUG: MerchantMember role: owner
DEBUG: get_current_merchant returning success
DEBUG: get_current_merchant starting for user a5bd9985-24de-45b2-822c-0a40945b6694, merchant 993cc588-5e0a-499a-aa41-3078cf30ccc3
DEBUG: calling db.get(Merchant)
DEBUG: db.get(Merchant) finished: Beta Org
DEBUG: executing select(MerchantMember) query
DEBUG: select(MerchantMember) query executed
DEBUG: MerchantMember role: owner
DEBUG: get_current_merchant returning success
DEBUG: get_current_merchant starting for user 1126826f-bde3-4e5d-a971-2bd8de01cf84, merchant 8392ffbe-1a96-4aec-9082-52a621e95899
DEBUG: calling db.get(Merchant)
DEBUG: db.get(Merchant) finished: Foreign
DEBUG: executing select(MerchantMember) query
DEBUG: select(MerchantMember) query executed
DEBUG: MerchantMember role: None
DEBUG: get_current_merchant got exception: 403: not a member of this merchant
DEBUG: get_current_merchant starting for user a225b8f8-c2bd-4e1f-b904-de3306493ebf, merchant bbe0374b-2af3-4236-ade2-a4ed6230172a
DEBUG: calling db.get(Merchant)
DEBUG: db.get(Merchant) finished: Patch
DEBUG: executing select(MerchantMember) query
DEBUG: select(MerchantMember) query executed
DEBUG: MerchantMember role: staff
DEBUG: get_current_merchant returning success
DEBUG: get_current_merchant starting for user da04d1cf-0873-40cb-88b6-a278a0576871, merchant 81db56b5-4160-4715-813b-e160be09bd9d
DEBUG: calling db.get(Merchant)
DEBUG: db.get(Merchant) finished: Team Test
DEBUG: executing select(MerchantMember) query
DEBUG: select(MerchantMember) query executed
DEBUG: MerchantMember role: owner
DEBUG: get_current_merchant returning success
DEBUG: get_current_merchant starting for user 38a76af5-7e69-4f7e-b945-7b89cd825898, merchant a8c57556-6919-4d2f-96b3-08c3ced5745d
DEBUG: calling db.get(Merchant)
DEBUG: db.get(Merchant) finished: Inv Test
DEBUG: executing select(MerchantMember) query
DEBUG: select(MerchantMember) query executed
DEBUG: MerchantMember role: owner
DEBUG: get_current_merchant returning success
DEBUG: get_current_merchant starting for user 91ae1a1b-1096-46ed-826e-109acc80c476, merchant 9164cc3d-e5e5-4e75-8fca-0b9f8e0b2afd
DEBUG: calling db.get(Merchant)
DEBUG: db.get(Merchant) finished: Unk
DEBUG: executing select(MerchantMember) query
DEBUG: select(MerchantMember) query executed
DEBUG: MerchantMember role: owner
DEBUG: get_current_merchant returning success
DEBUG: get_current_merchant starting for user b5afa746-1534-4243-87fc-1630e4005e51, merchant c1002666-dd12-4a4d-97de-98ebcd2e2c2a
DEBUG: calling db.get(Merchant)
DEBUG: db.get(Merchant) finished: Role Test
DEBUG: executing select(MerchantMember) query
DEBUG: select(MerchantMember) query executed
DEBUG: MerchantMember role: owner
DEBUG: get_current_merchant returning success
DEBUG: get_current_merchant starting for user 0f0fff3e-47dc-40bc-9c08-0ed84e86e9bb, merchant c1002666-dd12-4a4d-97de-98ebcd2e2c2a
DEBUG: calling db.get(Merchant)
DEBUG: db.get(Merchant) finished: Role Test
DEBUG: executing select(MerchantMember) query
DEBUG: select(MerchantMember) query executed
DEBUG: MerchantMember role: admin
DEBUG: get_current_merchant returning success
DEBUG: get_current_merchant starting for user 0f0fff3e-47dc-40bc-9c08-0ed84e86e9bb, merchant c1002666-dd12-4a4d-97de-98ebcd2e2c2a
DEBUG: calling db.get(Merchant)
DEBUG: db.get(Merchant) finished: Role Test
DEBUG: executing select(MerchantMember) query
DEBUG: select(MerchantMember) query executed
DEBUG: MerchantMember role: admin
DEBUG: get_current_merchant returning success
DEBUG: get_current_merchant starting for user 6525caec-7619-4978-bd24-e539e2314101, merchant da7198f3-ecac-46be-8345-ab19cdb3f52a
DEBUG: calling db.get(Merchant)
DEBUG: db.get(Merchant) finished: Self
DEBUG: executing select(MerchantMember) query
DEBUG: select(MerchantMember) query executed
DEBUG: MerchantMember role: owner
DEBUG: get_current_merchant returning success
DEBUG: get_current_merchant starting for user 060199f2-3e6c-4c90-bd05-84d1a9bf0752, merchant a698f42e-6fb4-463c-91b6-f38b6ff6f9f8
DEBUG: calling db.get(Merchant)
DEBUG: db.get(Merchant) finished: Wallet Read
DEBUG: executing select(MerchantMember) query
DEBUG: select(MerchantMember) query executed
DEBUG: MerchantMember role: owner
DEBUG: get_current_merchant returning success
DEBUG: get_current_merchant starting for user c4840259-fa7b-4dfd-bd24-3226b8dbddfb, merchant 52bfba61-2d9d-4f24-a50f-c33626c13b1d
DEBUG: calling db.get(Merchant)
DEBUG: db.get(Merchant) finished: Txn List
DEBUG: executing select(MerchantMember) query
DEBUG: select(MerchantMember) query executed
DEBUG: MerchantMember role: owner
DEBUG: get_current_merchant returning success
DEBUG: get_current_merchant starting for user dc117bd1-1758-4c0b-931b-573b317d2d8a, merchant eabc4179-6543-4e87-99d8-6f2fb33c8dab
DEBUG: calling db.get(Merchant)
DEBUG: db.get(Merchant) finished: Threshold Test
DEBUG: executing select(MerchantMember) query
DEBUG: select(MerchantMember) query executed
DEBUG: MerchantMember role: owner
DEBUG: get_current_merchant returning success
DEBUG: get_current_merchant starting for user 944a62b2-e02e-4867-ba41-2aa3a43e3cec, merchant 0a743c69-ec8d-43d6-96ff-7ca9268438dd
DEBUG: calling db.get(Merchant)
DEBUG: db.get(Merchant) finished: Intent Test
DEBUG: executing select(MerchantMember) query
DEBUG: select(MerchantMember) query executed
DEBUG: MerchantMember role: owner
DEBUG: get_current_merchant returning success
DEBUG: get_current_merchant starting for user a8325849-a109-4959-9cbe-bd32afc1213a, merchant e7eb177d-0ef7-4ae0-9768-e9b0d5435d11
DEBUG: calling db.get(Merchant)
DEBUG: db.get(Merchant) finished: Confirm Test
DEBUG: executing select(MerchantMember) query
DEBUG: select(MerchantMember) query executed
DEBUG: MerchantMember role: owner
DEBUG: get_current_merchant returning success
DEBUG: get_current_merchant starting for user 9c04b7e8-4fb2-469d-b663-472bab850253, merchant 00895a5d-20ab-48ab-b147-ea5a897c98b1
DEBUG: calling db.get(Merchant)
DEBUG: db.get(Merchant) finished: Idem Test
DEBUG: executing select(MerchantMember) query
DEBUG: select(MerchantMember) query executed
DEBUG: MerchantMember role: owner
DEBUG: get_current_merchant returning success
DEBUG: get_current_merchant starting for user 9922e232-ec19-4fbb-ad23-7fb0c5e879a2, merchant 28ba7e6c-6a6a-4998-b646-5bf40e154284
DEBUG: calling db.get(Merchant)
DEBUG: db.get(Merchant) finished: Bad Sig
DEBUG: executing select(MerchantMember) query
DEBUG: select(MerchantMember) query executed
DEBUG: MerchantMember role: owner
DEBUG: get_current_merchant returning success
DEBUG: get_current_merchant starting for user 0deec948-997a-44ad-99b5-3f5d87adf504, merchant e6e59387-4908-42b3-b23f-4d30e5bf2532
DEBUG: calling db.get(Merchant)
DEBUG: db.get(Merchant) finished: Publish Gate
DEBUG: executing select(MerchantMember) query
DEBUG: select(MerchantMember) query executed
DEBUG: MerchantMember role: owner
DEBUG: get_current_merchant returning success
DEBUG: get_current_merchant starting for user 0deec948-997a-44ad-99b5-3f5d87adf504, merchant e6e59387-4908-42b3-b23f-4d30e5bf2532
DEBUG: calling db.get(Merchant)
DEBUG: db.get(Merchant) finished: Publish Gate
DEBUG: executing select(MerchantMember) query
DEBUG: select(MerchantMember) query executed
DEBUG: MerchantMember role: owner
DEBUG: get_current_merchant returning success
DEBUG: get_current_merchant starting for user 0deec948-997a-44ad-99b5-3f5d87adf504, merchant e6e59387-4908-42b3-b23f-4d30e5bf2532
DEBUG: calling db.get(Merchant)
DEBUG: db.get(Merchant) finished: Publish Gate
DEBUG: executing select(MerchantMember) query
DEBUG: select(MerchantMember) query executed
DEBUG: MerchantMember role: owner
DEBUG: get_current_merchant returning success
DEBUG: get_current_merchant starting for user 2090ccc3-eea3-46d4-af7b-f68847a1bd84, merchant 0dcdd483-9acf-4dba-925b-7b1a5ce4d974
DEBUG: calling db.get(Merchant)
DEBUG: db.get(Merchant) finished: Analytics Co
DEBUG: executing select(MerchantMember) query
DEBUG: select(MerchantMember) query executed
DEBUG: MerchantMember role: owner
DEBUG: get_current_merchant returning success
DEBUG: get_current_merchant starting for user e8ceedd6-75af-400d-9762-067416715878, merchant 9a2a127f-54d9-4daa-ba5a-1c1ab557ad4b
DEBUG: calling db.get(Merchant)
DEBUG: db.get(Merchant) finished: Analytics Co
DEBUG: executing select(MerchantMember) query
DEBUG: select(MerchantMember) query executed
DEBUG: MerchantMember role: owner
DEBUG: get_current_merchant returning success
DEBUG: get_current_merchant starting for user eaff7956-4e0d-498b-aafa-9001b4c398d1, merchant 11fe8717-f30f-46cc-96ae-97333dc36822
DEBUG: calling db.get(Merchant)
DEBUG: db.get(Merchant) finished: Analytics Co
DEBUG: executing select(MerchantMember) query
DEBUG: select(MerchantMember) query executed
DEBUG: MerchantMember role: owner
DEBUG: get_current_merchant returning success
DEBUG: get_current_merchant starting for user 4bf2adf3-8b48-4ef5-a1aa-a63f1c84e5a5, merchant 469680b1-a332-4774-ac89-ed51a88fec54
DEBUG: calling db.get(Merchant)
DEBUG: db.get(Merchant) finished: Diag
DEBUG: executing select(MerchantMember) query
DEBUG: select(MerchantMember) query executed
DEBUG: MerchantMember role: owner
DEBUG: get_current_merchant returning success
DEBUG: get_current_merchant starting for user ea08c54f-e342-4b2f-8c6f-091a1479ac1b, merchant c08c74f2-80ea-4214-b14b-5f3315b4c704
DEBUG: calling db.get(Merchant)
DEBUG: db.get(Merchant) finished: Ctx
DEBUG: executing select(MerchantMember) query
DEBUG: select(MerchantMember) query executed
DEBUG: MerchantMember role: owner
DEBUG: get_current_merchant returning success
DEBUG: get_current_merchant starting for user f72e3a6b-f129-4a2a-8287-a3fba0edbaae, merchant afa84f19-ddfa-47be-aeb4-1c58ae3e2706
DEBUG: calling db.get(Merchant)
DEBUG: db.get(Merchant) finished: Other
DEBUG: executing select(MerchantMember) query
DEBUG: select(MerchantMember) query executed
DEBUG: MerchantMember role: None
DEBUG: get_current_merchant got exception: 403: not a member of this merchant
DEBUG: get_current_merchant starting for user 8b0b9781-cbe3-4539-8262-2ab336f57ef1, merchant d37f1b70-521a-4771-b71d-d45690b08680
DEBUG: calling db.get(Merchant)
DEBUG: db.get(Merchant) finished: None
DEBUG: get_current_merchant got exception: 404: merchant not found
DEBUG: get_current_merchant starting for user 93e06375-e3da-4ca7-ad74-d9035927313f, merchant 01339b5a-164d-4f23-b704-b6cf46ce07b8
DEBUG: calling db.get(Merchant)
DEBUG: db.get(Merchant) finished: Prod Test
DEBUG: executing select(MerchantMember) query
DEBUG: select(MerchantMember) query executed
DEBUG: MerchantMember role: owner
DEBUG: get_current_merchant returning success
DEBUG: get_current_merchant starting for user 9712212e-a7b8-455c-afff-1c001bfa8976, merchant 738fe91a-a454-40b6-9856-cdf2355c4d51
DEBUG: calling db.get(Merchant)
DEBUG: db.get(Merchant) finished: Dup
DEBUG: executing select(MerchantMember) query
DEBUG: select(MerchantMember) query executed
DEBUG: MerchantMember role: owner
DEBUG: get_current_merchant returning success
DEBUG: get_current_merchant starting for user 9712212e-a7b8-455c-afff-1c001bfa8976, merchant 738fe91a-a454-40b6-9856-cdf2355c4d51
DEBUG: calling db.get(Merchant)
DEBUG: db.get(Merchant) finished: Dup
DEBUG: executing select(MerchantMember) query
DEBUG: select(MerchantMember) query executed
DEBUG: MerchantMember role: owner
DEBUG: get_current_merchant returning success
DEBUG: get_current_merchant starting for user 62bc57d7-a52b-49c1-a3a0-4c106dbf8ce6, merchant c0202779-72fb-4634-9b90-81d880302d1b
DEBUG: calling db.get(Merchant)
DEBUG: db.get(Merchant) finished: M1
DEBUG: executing select(MerchantMember) query
DEBUG: select(MerchantMember) query executed
DEBUG: MerchantMember role: owner
DEBUG: get_current_merchant returning success
DEBUG: get_current_merchant starting for user 62bc57d7-a52b-49c1-a3a0-4c106dbf8ce6, merchant c0202779-72fb-4634-9b90-81d880302d1b
DEBUG: calling db.get(Merchant)
DEBUG: db.get(Merchant) finished: M1
DEBUG: executing select(MerchantMember) query
DEBUG: select(MerchantMember) query executed
DEBUG: MerchantMember role: owner
DEBUG: get_current_merchant returning success
DEBUG: get_current_merchant starting for user 62bc57d7-a52b-49c1-a3a0-4c106dbf8ce6, merchant 73b91a3e-0eb0-465f-8889-fdf8f206e52c
DEBUG: calling db.get(Merchant)
DEBUG: db.get(Merchant) finished: M2
DEBUG: executing select(MerchantMember) query
DEBUG: select(MerchantMember) query executed
DEBUG: MerchantMember role: owner
DEBUG: get_current_merchant returning success
DEBUG: get_current_merchant starting for user 62bc57d7-a52b-49c1-a3a0-4c106dbf8ce6, merchant 73b91a3e-0eb0-465f-8889-fdf8f206e52c
DEBUG: calling db.get(Merchant)
DEBUG: db.get(Merchant) finished: M2
DEBUG: executing select(MerchantMember) query
DEBUG: select(MerchantMember) query executed
DEBUG: MerchantMember role: owner
DEBUG: get_current_merchant returning success
DEBUG: get_current_merchant starting for user 62bc57d7-a52b-49c1-a3a0-4c106dbf8ce6, merchant 73b91a3e-0eb0-465f-8889-fdf8f206e52c
DEBUG: calling db.get(Merchant)
DEBUG: db.get(Merchant) finished: M2
DEBUG: executing select(MerchantMember) query
DEBUG: select(MerchantMember) query executed
DEBUG: MerchantMember role: owner
DEBUG: get_current_merchant returning success
DEBUG: get_current_merchant starting for user 62bc57d7-a52b-49c1-a3a0-4c106dbf8ce6, merchant c0202779-72fb-4634-9b90-81d880302d1b
DEBUG: calling db.get(Merchant)
DEBUG: db.get(Merchant) finished: M1
DEBUG: executing select(MerchantMember) query
DEBUG: select(MerchantMember) query executed
DEBUG: MerchantMember role: owner
DEBUG: get_current_merchant returning success
DEBUG: get_current_merchant starting for user 4ea8c99d-2479-46ec-bd01-a374c637d177, merchant 6f6f9d27-863a-4f7f-9652-5d9dbab11fdf
DEBUG: calling db.get(Merchant)
DEBUG: db.get(Merchant) finished: Filt
DEBUG: executing select(MerchantMember) query
DEBUG: select(MerchantMember) query executed
DEBUG: MerchantMember role: owner
DEBUG: get_current_merchant returning success
DEBUG: get_current_merchant starting for user 4ea8c99d-2479-46ec-bd01-a374c637d177, merchant 6f6f9d27-863a-4f7f-9652-5d9dbab11fdf
DEBUG: calling db.get(Merchant)
DEBUG: db.get(Merchant) finished: Filt
DEBUG: executing select(MerchantMember) query
DEBUG: select(MerchantMember) query executed
DEBUG: MerchantMember role: owner
DEBUG: get_current_merchant returning success
DEBUG: get_current_merchant starting for user 4ea8c99d-2479-46ec-bd01-a374c637d177, merchant 6f6f9d27-863a-4f7f-9652-5d9dbab11fdf
DEBUG: calling db.get(Merchant)
DEBUG: db.get(Merchant) finished: Filt
DEBUG: executing select(MerchantMember) query
DEBUG: select(MerchantMember) query executed
DEBUG: MerchantMember role: owner
DEBUG: get_current_merchant returning success
DEBUG: get_current_merchant starting for user 4ea8c99d-2479-46ec-bd01-a374c637d177, merchant 6f6f9d27-863a-4f7f-9652-5d9dbab11fdf
DEBUG: calling db.get(Merchant)
DEBUG: db.get(Merchant) finished: Filt
DEBUG: executing select(MerchantMember) query
DEBUG: select(MerchantMember) query executed
DEBUG: MerchantMember role: owner
DEBUG: get_current_merchant returning success
DEBUG: get_current_merchant starting for user 4ea8c99d-2479-46ec-bd01-a374c637d177, merchant 6f6f9d27-863a-4f7f-9652-5d9dbab11fdf
DEBUG: calling db.get(Merchant)
DEBUG: db.get(Merchant) finished: Filt
DEBUG: executing select(MerchantMember) query
DEBUG: select(MerchantMember) query executed
DEBUG: MerchantMember role: owner
DEBUG: get_current_merchant returning success
DEBUG: get_current_merchant starting for user 6117cd87-7857-4ece-a2b3-9844037ed5ea, merchant 5bcd51a1-1c4b-4a6f-944b-0921fbecb299
DEBUG: calling db.get(Merchant)
DEBUG: db.get(Merchant) finished: Merchant Alpha
DEBUG: executing select(MerchantMember) query
DEBUG: select(MerchantMember) query executed
DEBUG: MerchantMember role: owner
DEBUG: get_current_merchant returning success
DEBUG: get_current_merchant starting for user 6117cd87-7857-4ece-a2b3-9844037ed5ea, merchant cc981cc1-58e4-4c07-be4c-8af3421e56cb
DEBUG: calling db.get(Merchant)
DEBUG: db.get(Merchant) finished: Merchant Beta
DEBUG: executing select(MerchantMember) query
DEBUG: select(MerchantMember) query executed
DEBUG: MerchantMember role: owner
DEBUG: get_current_merchant returning success
DEBUG: get_current_merchant starting for user ff7b5b4d-3986-4672-b71f-730791a427e3, merchant 7d15046a-655d-41a9-bab8-d93bcaad1497
DEBUG: calling db.get(Merchant)
DEBUG: db.get(Merchant) finished: Update Test
DEBUG: executing select(MerchantMember) query
DEBUG: select(MerchantMember) query executed
DEBUG: MerchantMember role: owner
DEBUG: get_current_merchant returning success
DEBUG: get_current_merchant starting for user ff7b5b4d-3986-4672-b71f-730791a427e3, merchant 7d15046a-655d-41a9-bab8-d93bcaad1497
DEBUG: calling db.get(Merchant)
DEBUG: db.get(Merchant) finished: Update Test
DEBUG: executing select(MerchantMember) query
DEBUG: select(MerchantMember) query executed
DEBUG: MerchantMember role: owner
DEBUG: get_current_merchant returning success
DEBUG: get_current_merchant starting for user 71ab1be1-30ad-4ad7-b170-1be7b3976440, merchant 62c238ef-374b-485a-afca-c7493de4bb27
DEBUG: calling db.get(Merchant)
DEBUG: db.get(Merchant) finished: Archive Test
DEBUG: executing select(MerchantMember) query
DEBUG: select(MerchantMember) query executed
DEBUG: MerchantMember role: owner
DEBUG: get_current_merchant returning success
DEBUG: get_current_merchant starting for user 71ab1be1-30ad-4ad7-b170-1be7b3976440, merchant 62c238ef-374b-485a-afca-c7493de4bb27
DEBUG: calling db.get(Merchant)
DEBUG: db.get(Merchant) finished: Archive Test
DEBUG: executing select(MerchantMember) query
DEBUG: select(MerchantMember) query executed
DEBUG: MerchantMember role: owner
DEBUG: get_current_merchant returning success
DEBUG: get_current_merchant starting for user 71ab1be1-30ad-4ad7-b170-1be7b3976440, merchant 62c238ef-374b-485a-afca-c7493de4bb27
DEBUG: calling db.get(Merchant)
DEBUG: db.get(Merchant) finished: Archive Test
DEBUG: executing select(MerchantMember) query
DEBUG: select(MerchantMember) query executed
DEBUG: MerchantMember role: owner
DEBUG: get_current_merchant returning success
DEBUG: get_current_merchant starting for user 6237ba31-1065-443b-9a87-1bf577b091d8, merchant 13c0ffca-a467-4ef1-b23b-362d3c3c9aac
DEBUG: calling db.get(Merchant)
DEBUG: db.get(Merchant) finished: Publish Test
DEBUG: executing select(MerchantMember) query
DEBUG: select(MerchantMember) query executed
DEBUG: MerchantMember role: owner
DEBUG: get_current_merchant returning success
DEBUG: get_current_merchant starting for user 6237ba31-1065-443b-9a87-1bf577b091d8, merchant 13c0ffca-a467-4ef1-b23b-362d3c3c9aac
DEBUG: calling db.get(Merchant)
DEBUG: db.get(Merchant) finished: Publish Test
DEBUG: executing select(MerchantMember) query
DEBUG: select(MerchantMember) query executed
DEBUG: MerchantMember role: owner
DEBUG: get_current_merchant returning success
DEBUG: get_current_merchant starting for user 46b0ad1d-be80-4dfc-8beb-deaea216b4bf, merchant a2ebda8c-4be8-4b51-bce0-ed340558c210
DEBUG: calling db.get(Merchant)
DEBUG: db.get(Merchant) finished: Archived Test
DEBUG: executing select(MerchantMember) query
DEBUG: select(MerchantMember) query executed
DEBUG: MerchantMember role: owner
DEBUG: get_current_merchant returning success
DEBUG: get_current_merchant starting for user 46b0ad1d-be80-4dfc-8beb-deaea216b4bf, merchant a2ebda8c-4be8-4b51-bce0-ed340558c210
DEBUG: calling db.get(Merchant)
DEBUG: db.get(Merchant) finished: Archived Test
DEBUG: executing select(MerchantMember) query
DEBUG: select(MerchantMember) query executed
DEBUG: MerchantMember role: owner
DEBUG: get_current_merchant returning success
DEBUG: get_current_merchant starting for user 46b0ad1d-be80-4dfc-8beb-deaea216b4bf, merchant a2ebda8c-4be8-4b51-bce0-ed340558c210
DEBUG: calling db.get(Merchant)
DEBUG: db.get(Merchant) finished: Archived Test
DEBUG: executing select(MerchantMember) query
DEBUG: select(MerchantMember) query executed
DEBUG: MerchantMember role: owner
DEBUG: get_current_merchant returning success
DEBUG: get_current_merchant starting for user 67f5ac17-514a-466f-b11a-2824fa3266e2, merchant 458e95d2-0341-42bf-aadd-7d8098140518
DEBUG: calling db.get(Merchant)
DEBUG: db.get(Merchant) finished: External Links
DEBUG: executing select(MerchantMember) query
DEBUG: select(MerchantMember) query executed
DEBUG: MerchantMember role: owner
DEBUG: get_current_merchant returning success
DEBUG: get_current_merchant starting for user 67f5ac17-514a-466f-b11a-2824fa3266e2, merchant 458e95d2-0341-42bf-aadd-7d8098140518
DEBUG: calling db.get(Merchant)
DEBUG: db.get(Merchant) finished: External Links
DEBUG: executing select(MerchantMember) query
DEBUG: select(MerchantMember) query executed
DEBUG: MerchantMember role: owner
DEBUG: get_current_merchant returning success
DEBUG: get_current_merchant starting for user 67f5ac17-514a-466f-b11a-2824fa3266e2, merchant 458e95d2-0341-42bf-aadd-7d8098140518
DEBUG: calling db.get(Merchant)
DEBUG: db.get(Merchant) finished: External Links
DEBUG: executing select(MerchantMember) query
DEBUG: select(MerchantMember) query executed
DEBUG: MerchantMember role: owner
DEBUG: get_current_merchant returning success
DEBUG: get_current_merchant starting for user bcf94540-a5c4-4620-8952-73c48f11460f, merchant 73aba130-77e8-4f99-9d17-d00b3fff7966
DEBUG: calling db.get(Merchant)
DEBUG: db.get(Merchant) finished: Update Links
DEBUG: executing select(MerchantMember) query
DEBUG: select(MerchantMember) query executed
DEBUG: MerchantMember role: owner
DEBUG: get_current_merchant returning success
DEBUG: get_current_merchant starting for user bcf94540-a5c4-4620-8952-73c48f11460f, merchant 73aba130-77e8-4f99-9d17-d00b3fff7966
DEBUG: calling db.get(Merchant)
DEBUG: db.get(Merchant) finished: Update Links
DEBUG: executing select(MerchantMember) query
DEBUG: select(MerchantMember) query executed
DEBUG: MerchantMember role: owner
DEBUG: get_current_merchant returning success
DEBUG: get_current_merchant starting for user bcf94540-a5c4-4620-8952-73c48f11460f, merchant 73aba130-77e8-4f99-9d17-d00b3fff7966
DEBUG: calling db.get(Merchant)
DEBUG: db.get(Merchant) finished: Update Links
DEBUG: executing select(MerchantMember) query
DEBUG: select(MerchantMember) query executed
DEBUG: MerchantMember role: owner
DEBUG: get_current_merchant returning success
DEBUG: get_current_merchant starting for user 21c921d5-1459-48d5-ba13-f945d1a7e8df, merchant 0604d2ce-2b57-41d7-ae6e-773f7827491d
DEBUG: calling db.get(Merchant)
DEBUG: db.get(Merchant) finished: Delete Links
DEBUG: executing select(MerchantMember) query
DEBUG: select(MerchantMember) query executed
DEBUG: MerchantMember role: owner
DEBUG: get_current_merchant returning success
DEBUG: get_current_merchant starting for user 21c921d5-1459-48d5-ba13-f945d1a7e8df, merchant 0604d2ce-2b57-41d7-ae6e-773f7827491d
DEBUG: calling db.get(Merchant)
DEBUG: db.get(Merchant) finished: Delete Links
DEBUG: executing select(MerchantMember) query
DEBUG: select(MerchantMember) query executed
DEBUG: MerchantMember role: owner
DEBUG: get_current_merchant returning success
DEBUG: get_current_merchant starting for user 21c921d5-1459-48d5-ba13-f945d1a7e8df, merchant 0604d2ce-2b57-41d7-ae6e-773f7827491d
DEBUG: calling db.get(Merchant)
DEBUG: db.get(Merchant) finished: Delete Links
DEBUG: executing select(MerchantMember) query
DEBUG: select(MerchantMember) query executed
DEBUG: MerchantMember role: owner
DEBUG: get_current_merchant returning success
DEBUG: get_current_merchant starting for user 21c921d5-1459-48d5-ba13-f945d1a7e8df, merchant 0604d2ce-2b57-41d7-ae6e-773f7827491d
DEBUG: calling db.get(Merchant)
DEBUG: db.get(Merchant) finished: Delete Links
DEBUG: executing select(MerchantMember) query
DEBUG: select(MerchantMember) query executed
DEBUG: MerchantMember role: owner
DEBUG: get_current_merchant returning success
DEBUG: get_current_merchant starting for user c947f922-ccf4-4087-9185-0944f307f474, merchant 48360fa2-a07d-402e-a724-01678546a5c0
DEBUG: calling db.get(Merchant)
DEBUG: db.get(Merchant) finished: Alpha Org
DEBUG: executing select(MerchantMember) query
DEBUG: select(MerchantMember) query executed
DEBUG: MerchantMember role: owner
DEBUG: get_current_merchant returning success
DEBUG: get_current_merchant starting for user c947f922-ccf4-4087-9185-0944f307f474, merchant fb11fd0f-b7e7-4229-b7dd-a06678341b20
DEBUG: calling db.get(Merchant)
DEBUG: db.get(Merchant) finished: Beta Org
DEBUG: executing select(MerchantMember) query
DEBUG: select(MerchantMember) query executed
DEBUG: MerchantMember role: owner
DEBUG: get_current_merchant returning success
DEBUG: get_current_merchant starting for user 9b4cf73d-f3eb-4bfa-ac5c-4b5820b7ab35, merchant b34328fd-1895-4a20-b935-34365ec984b8
DEBUG: calling db.get(Merchant)
DEBUG: db.get(Merchant) finished: Foreign
DEBUG: executing select(MerchantMember) query
DEBUG: select(MerchantMember) query executed
DEBUG: MerchantMember role: None
DEBUG: get_current_merchant got exception: 403: not a member of this merchant
DEBUG: get_current_merchant starting for user 2924c7d0-1da5-4d96-9c3c-b4c9e30ce3f9, merchant 3538465b-7bdb-4fa5-b300-d86407e47891
DEBUG: calling db.get(Merchant)
DEBUG: db.get(Merchant) finished: Patch
DEBUG: executing select(MerchantMember) query
DEBUG: select(MerchantMember) query executed
DEBUG: MerchantMember role: staff
DEBUG: get_current_merchant returning success
DEBUG: get_current_merchant starting for user 1caf4054-12c7-4670-8d64-9922220c3768, merchant 95cd63e2-60e7-45a9-b690-db412b9b77e6
DEBUG: calling db.get(Merchant)
DEBUG: db.get(Merchant) finished: Team Test
DEBUG: executing select(MerchantMember) query
DEBUG: select(MerchantMember) query executed
DEBUG: MerchantMember role: owner
DEBUG: get_current_merchant returning success
DEBUG: get_current_merchant starting for user 17cb95db-d284-4850-9a34-c51a73886f73, merchant c1c6d7d9-8a1f-41c4-9196-12da4200e4aa
DEBUG: calling db.get(Merchant)
DEBUG: db.get(Merchant) finished: Inv Test
DEBUG: executing select(MerchantMember) query
DEBUG: select(MerchantMember) query executed
DEBUG: MerchantMember role: owner
DEBUG: get_current_merchant returning success
DEBUG: get_current_merchant starting for user 576782fb-f43d-4930-b788-a28b9b473dce, merchant bd3e6dd9-310b-47d6-a428-58b9afd45c75
DEBUG: calling db.get(Merchant)
DEBUG: db.get(Merchant) finished: Unk
DEBUG: executing select(MerchantMember) query
DEBUG: select(MerchantMember) query executed
DEBUG: MerchantMember role: owner
DEBUG: get_current_merchant returning success
DEBUG: get_current_merchant starting for user a0d4ae21-c6d1-41e2-be35-96c202eca5e7, merchant c46e077f-96c2-444f-82c4-2f12b8c1adba
DEBUG: calling db.get(Merchant)
DEBUG: db.get(Merchant) finished: Role Test
DEBUG: executing select(MerchantMember) query
DEBUG: select(MerchantMember) query executed
DEBUG: MerchantMember role: owner
DEBUG: get_current_merchant returning success
DEBUG: get_current_merchant starting for user 6b3f5dc5-fadd-4bb7-b705-1303133b146f, merchant c46e077f-96c2-444f-82c4-2f12b8c1adba
DEBUG: calling db.get(Merchant)
DEBUG: db.get(Merchant) finished: Role Test
DEBUG: executing select(MerchantMember) query
DEBUG: select(MerchantMember) query executed
DEBUG: MerchantMember role: admin
DEBUG: get_current_merchant returning success
DEBUG: get_current_merchant starting for user 6b3f5dc5-fadd-4bb7-b705-1303133b146f, merchant c46e077f-96c2-444f-82c4-2f12b8c1adba
DEBUG: calling db.get(Merchant)
DEBUG: db.get(Merchant) finished: Role Test
DEBUG: executing select(MerchantMember) query
DEBUG: select(MerchantMember) query executed
DEBUG: MerchantMember role: admin
DEBUG: get_current_merchant returning success
DEBUG: get_current_merchant starting for user 275be081-1924-427c-baff-6d135adbd604, merchant ca82d396-c03e-4ad9-802e-e978fe31d539
DEBUG: calling db.get(Merchant)
DEBUG: db.get(Merchant) finished: Self
DEBUG: executing select(MerchantMember) query
DEBUG: select(MerchantMember) query executed
DEBUG: MerchantMember role: owner
DEBUG: get_current_merchant returning success
DEBUG: get_current_merchant starting for user 61a3a214-e83f-45f0-8cc2-5d88499caf25, merchant 5d101b03-847e-4d26-bd23-c7f5e3373834
DEBUG: calling db.get(Merchant)
DEBUG: db.get(Merchant) finished: Wallet Read
DEBUG: executing select(MerchantMember) query
DEBUG: select(MerchantMember) query executed
DEBUG: MerchantMember role: owner
DEBUG: get_current_merchant returning success
DEBUG: get_current_merchant starting for user e4e05ed4-57c8-4c32-90a6-4c015a729471, merchant db4a8630-4941-4681-bcc2-78680c89b2ff
DEBUG: calling db.get(Merchant)
DEBUG: db.get(Merchant) finished: Txn List
DEBUG: executing select(MerchantMember) query
DEBUG: select(MerchantMember) query executed
DEBUG: MerchantMember role: owner
DEBUG: get_current_merchant returning success
DEBUG: get_current_merchant starting for user 0d14722e-8e12-47bb-8800-a0794adb7cd3, merchant 1cf0b839-edfd-45ec-bac2-2bae5f488947
DEBUG: calling db.get(Merchant)
DEBUG: db.get(Merchant) finished: Threshold Test
DEBUG: executing select(MerchantMember) query
DEBUG: select(MerchantMember) query executed
DEBUG: MerchantMember role: owner
DEBUG: get_current_merchant returning success
DEBUG: get_current_merchant starting for user 1b9692fb-c7ef-48e1-a77c-580fa1fab491, merchant 179fb943-96a8-4d0b-92ad-390e4223c1fb
DEBUG: calling db.get(Merchant)
DEBUG: db.get(Merchant) finished: Intent Test
DEBUG: executing select(MerchantMember) query
DEBUG: select(MerchantMember) query executed
DEBUG: MerchantMember role: owner
DEBUG: get_current_merchant returning success
DEBUG: get_current_merchant starting for user 3bdc80f4-71a1-49f3-8397-d8b65bd158ec, merchant 80ef0792-dbfe-400a-bee6-470451043403
DEBUG: calling db.get(Merchant)
DEBUG: db.get(Merchant) finished: Confirm Test
DEBUG: executing select(MerchantMember) query
DEBUG: select(MerchantMember) query executed
DEBUG: MerchantMember role: owner
DEBUG: get_current_merchant returning success
DEBUG: get_current_merchant starting for user 937d8e3a-fac5-493d-863e-7ab78f9d83e0, merchant 3e444504-b4d2-4bdd-af61-50138ebe04a4
DEBUG: calling db.get(Merchant)
DEBUG: db.get(Merchant) finished: Idem Test
DEBUG: executing select(MerchantMember) query
DEBUG: select(MerchantMember) query executed
DEBUG: MerchantMember role: owner
DEBUG: get_current_merchant returning success
DEBUG: get_current_merchant starting for user cd7e8ffe-1a74-40ef-9c86-f1ce0247d88a, merchant cffb1d6f-da9c-4d90-914f-40158545bb20
DEBUG: calling db.get(Merchant)
DEBUG: db.get(Merchant) finished: Bad Sig
DEBUG: executing select(MerchantMember) query
DEBUG: select(MerchantMember) query executed
DEBUG: MerchantMember role: owner
DEBUG: get_current_merchant returning success
DEBUG: get_current_merchant starting for user 38a75530-7989-4b64-ace2-7ac1ebf41c87, merchant bd80af72-9bc7-4e57-aaaa-f13e1ad390b5
DEBUG: calling db.get(Merchant)
DEBUG: db.get(Merchant) finished: Publish Gate
DEBUG: executing select(MerchantMember) query
DEBUG: select(MerchantMember) query executed
DEBUG: MerchantMember role: owner
DEBUG: get_current_merchant returning success
DEBUG: get_current_merchant starting for user 38a75530-7989-4b64-ace2-7ac1ebf41c87, merchant bd80af72-9bc7-4e57-aaaa-f13e1ad390b5
DEBUG: calling db.get(Merchant)
DEBUG: db.get(Merchant) finished: Publish Gate
DEBUG: executing select(MerchantMember) query
DEBUG: select(MerchantMember) query executed
DEBUG: MerchantMember role: owner
DEBUG: get_current_merchant returning success
DEBUG: get_current_merchant starting for user 38a75530-7989-4b64-ace2-7ac1ebf41c87, merchant bd80af72-9bc7-4e57-aaaa-f13e1ad390b5
DEBUG: calling db.get(Merchant)
DEBUG: db.get(Merchant) finished: Publish Gate
DEBUG: executing select(MerchantMember) query
DEBUG: select(MerchantMember) query executed
DEBUG: MerchantMember role: owner
DEBUG: get_current_merchant returning success
DEBUG: get_current_merchant starting for user 20f83eef-9bb6-448d-a69e-7a7b9bf4f957, merchant 28d95cad-a38c-4b1d-9654-f6df5fe49e69
DEBUG: calling db.get(Merchant)
DEBUG: get_current_merchant starting for user 20f83eef-9bb6-448d-a69e-7a7b9bf4f957, merchant 28d95cad-a38c-4b1d-9654-f6df5fe49e69
DEBUG: calling db.get(Merchant)
DEBUG: get_current_merchant starting for user 20f83eef-9bb6-448d-a69e-7a7b9bf4f957, merchant 28d95cad-a38c-4b1d-9654-f6df5fe49e69
DEBUG: calling db.get(Merchant)
DEBUG: get_current_merchant starting for user 20f83eef-9bb6-448d-a69e-7a7b9bf4f957, merchant 28d95cad-a38c-4b1d-9654-f6df5fe49e69
DEBUG: calling db.get(Merchant)
DEBUG: db.get(Merchant) finished: ixona
DEBUG: executing select(MerchantMember) query
DEBUG: db.get(Merchant) finished: ixona
DEBUG: executing select(MerchantMember) query
DEBUG: db.get(Merchant) finished: ixona
DEBUG: executing select(MerchantMember) query
DEBUG: db.get(Merchant) finished: ixona
DEBUG: executing select(MerchantMember) query
DEBUG: select(MerchantMember) query executed
DEBUG: MerchantMember role: owner
DEBUG: get_current_merchant returning success
DEBUG: select(MerchantMember) query executed
DEBUG: MerchantMember role: owner
DEBUG: get_current_merchant returning success
DEBUG: select(MerchantMember) query executed
DEBUG: MerchantMember role: owner
DEBUG: get_current_merchant returning success
DEBUG: select(MerchantMember) query executed
DEBUG: MerchantMember role: owner
DEBUG: get_current_merchant returning success
DEBUG: get_current_merchant starting for user 20f83eef-9bb6-448d-a69e-7a7b9bf4f957, merchant 28d95cad-a38c-4b1d-9654-f6df5fe49e69
DEBUG: calling db.get(Merchant)
DEBUG: get_current_merchant starting for user 20f83eef-9bb6-448d-a69e-7a7b9bf4f957, merchant 28d95cad-a38c-4b1d-9654-f6df5fe49e69
DEBUG: calling db.get(Merchant)
DEBUG: db.get(Merchant) finished: ixona
DEBUG: executing select(MerchantMember) query
DEBUG: get_current_merchant starting for user 20f83eef-9bb6-448d-a69e-7a7b9bf4f957, merchant 28d95cad-a38c-4b1d-9654-f6df5fe49e69
DEBUG: calling db.get(Merchant)
DEBUG: get_current_merchant starting for user 20f83eef-9bb6-448d-a69e-7a7b9bf4f957, merchant 28d95cad-a38c-4b1d-9654-f6df5fe49e69
DEBUG: calling db.get(Merchant)
DEBUG: db.get(Merchant) finished: ixona
DEBUG: executing select(MerchantMember) query
DEBUG: db.get(Merchant) finished: ixona
DEBUG: executing select(MerchantMember) query
DEBUG: get_current_merchant starting for user 20f83eef-9bb6-448d-a69e-7a7b9bf4f957, merchant 28d95cad-a38c-4b1d-9654-f6df5fe49e69
DEBUG: calling db.get(Merchant)
DEBUG: db.get(Merchant) finished: ixona
DEBUG: executing select(MerchantMember) query
DEBUG: get_current_merchant starting for user 20f83eef-9bb6-448d-a69e-7a7b9bf4f957, merchant 28d95cad-a38c-4b1d-9654-f6df5fe49e69
DEBUG: calling db.get(Merchant)
DEBUG: select(MerchantMember) query executed
DEBUG: MerchantMember role: owner
DEBUG: get_current_merchant returning success
DEBUG: select(MerchantMember) query executed
DEBUG: MerchantMember role: owner
DEBUG: get_current_merchant returning success
DEBUG: select(MerchantMember) query executed
DEBUG: MerchantMember role: owner
DEBUG: get_current_merchant returning success
DEBUG: db.get(Merchant) finished: ixona
DEBUG: executing select(MerchantMember) query
DEBUG: select(MerchantMember) query executed
DEBUG: MerchantMember role: owner
DEBUG: get_current_merchant returning success
DEBUG: db.get(Merchant) finished: ixona
DEBUG: executing select(MerchantMember) query
DEBUG: get_current_merchant starting for user 20f83eef-9bb6-448d-a69e-7a7b9bf4f957, merchant 28d95cad-a38c-4b1d-9654-f6df5fe49e69
DEBUG: calling db.get(Merchant)
DEBUG: select(MerchantMember) query executed
DEBUG: MerchantMember role: owner
DEBUG: get_current_merchant returning success
DEBUG: select(MerchantMember) query executed
DEBUG: MerchantMember role: owner
DEBUG: get_current_merchant returning success
DEBUG: db.get(Merchant) finished: ixona
DEBUG: executing select(MerchantMember) query
DEBUG: select(MerchantMember) query executed
DEBUG: MerchantMember role: owner
DEBUG: get_current_merchant returning success
DEBUG: get_current_merchant starting for user 20f83eef-9bb6-448d-a69e-7a7b9bf4f957, merchant 28d95cad-a38c-4b1d-9654-f6df5fe49e69
DEBUG: calling db.get(Merchant)
DEBUG: db.get(Merchant) finished: ixona
DEBUG: executing select(MerchantMember) query
DEBUG: select(MerchantMember) query executed
DEBUG: MerchantMember role: owner
DEBUG: get_current_merchant returning success
DEBUG: get_current_merchant starting for user 20f83eef-9bb6-448d-a69e-7a7b9bf4f957, merchant 28d95cad-a38c-4b1d-9654-f6df5fe49e69
DEBUG: calling db.get(Merchant)
DEBUG: db.get(Merchant) finished: ixona
DEBUG: executing select(MerchantMember) query
DEBUG: select(MerchantMember) query executed
DEBUG: MerchantMember role: owner
DEBUG: get_current_merchant returning success
DEBUG: get_current_merchant starting for user 20f83eef-9bb6-448d-a69e-7a7b9bf4f957, merchant 28d95cad-a38c-4b1d-9654-f6df5fe49e69
DEBUG: calling db.get(Merchant)
DEBUG: db.get(Merchant) finished: ixona
DEBUG: executing select(MerchantMember) query
DEBUG: select(MerchantMember) query executed
DEBUG: MerchantMember role: owner
DEBUG: get_current_merchant returning success
DEBUG: get_current_merchant starting for user 20f83eef-9bb6-448d-a69e-7a7b9bf4f957, merchant 28d95cad-a38c-4b1d-9654-f6df5fe49e69
DEBUG: calling db.get(Merchant)
DEBUG: get_current_merchant starting for user 20f83eef-9bb6-448d-a69e-7a7b9bf4f957, merchant 28d95cad-a38c-4b1d-9654-f6df5fe49e69
DEBUG: calling db.get(Merchant)
DEBUG: db.get(Merchant) finished: ixona
DEBUG: executing select(MerchantMember) query
DEBUG: db.get(Merchant) finished: ixona
DEBUG: executing select(MerchantMember) query
DEBUG: select(MerchantMember) query executed
DEBUG: MerchantMember role: owner
DEBUG: get_current_merchant returning success
DEBUG: select(MerchantMember) query executed
DEBUG: MerchantMember role: owner
DEBUG: get_current_merchant returning success
DEBUG: get_current_merchant starting for user 20f83eef-9bb6-448d-a69e-7a7b9bf4f957, merchant 28d95cad-a38c-4b1d-9654-f6df5fe49e69
DEBUG: calling db.get(Merchant)
DEBUG: db.get(Merchant) finished: ixona
DEBUG: executing select(MerchantMember) query
DEBUG: select(MerchantMember) query executed
DEBUG: MerchantMember role: owner
DEBUG: get_current_merchant returning success
DEBUG: get_current_merchant starting for user 20f83eef-9bb6-448d-a69e-7a7b9bf4f957, merchant 28d95cad-a38c-4b1d-9654-f6df5fe49e69
DEBUG: calling db.get(Merchant)
DEBUG: get_current_merchant starting for user 20f83eef-9bb6-448d-a69e-7a7b9bf4f957, merchant 28d95cad-a38c-4b1d-9654-f6df5fe49e69
DEBUG: calling db.get(Merchant)
DEBUG: get_current_merchant starting for user 20f83eef-9bb6-448d-a69e-7a7b9bf4f957, merchant 28d95cad-a38c-4b1d-9654-f6df5fe49e69
DEBUG: calling db.get(Merchant)
DEBUG: get_current_merchant starting for user 20f83eef-9bb6-448d-a69e-7a7b9bf4f957, merchant 28d95cad-a38c-4b1d-9654-f6df5fe49e69
DEBUG: calling db.get(Merchant)
DEBUG: db.get(Merchant) finished: ixona
DEBUG: executing select(MerchantMember) query
DEBUG: get_current_merchant starting for user 20f83eef-9bb6-448d-a69e-7a7b9bf4f957, merchant 28d95cad-a38c-4b1d-9654-f6df5fe49e69
DEBUG: calling db.get(Merchant)
DEBUG: db.get(Merchant) finished: ixona
DEBUG: executing select(MerchantMember) query
DEBUG: db.get(Merchant) finished: ixona
DEBUG: executing select(MerchantMember) query
DEBUG: db.get(Merchant) finished: ixona
DEBUG: executing select(MerchantMember) query
DEBUG: select(MerchantMember) query executed
DEBUG: MerchantMember role: owner
DEBUG: get_current_merchant returning success
DEBUG: db.get(Merchant) finished: ixona
DEBUG: executing select(MerchantMember) query
DEBUG: select(MerchantMember) query executed
DEBUG: MerchantMember role: owner
DEBUG: get_current_merchant returning success
DEBUG: select(MerchantMember) query executed
DEBUG: MerchantMember role: owner
DEBUG: get_current_merchant returning success
DEBUG: select(MerchantMember) query executed
DEBUG: MerchantMember role: owner
DEBUG: get_current_merchant returning success
DEBUG: get_current_merchant starting for user 20f83eef-9bb6-448d-a69e-7a7b9bf4f957, merchant 28d95cad-a38c-4b1d-9654-f6df5fe49e69
DEBUG: calling db.get(Merchant)
DEBUG: select(MerchantMember) query executed
DEBUG: MerchantMember role: owner
DEBUG: get_current_merchant returning success
DEBUG: db.get(Merchant) finished: ixona
DEBUG: executing select(MerchantMember) query
DEBUG: select(MerchantMember) query executed
DEBUG: MerchantMember role: owner
DEBUG: get_current_merchant returning success
DEBUG: get_current_merchant starting for user 20f83eef-9bb6-448d-a69e-7a7b9bf4f957, merchant 28d95cad-a38c-4b1d-9654-f6df5fe49e69
DEBUG: calling db.get(Merchant)
DEBUG: get_current_merchant starting for user 20f83eef-9bb6-448d-a69e-7a7b9bf4f957, merchant 28d95cad-a38c-4b1d-9654-f6df5fe49e69
DEBUG: calling db.get(Merchant)
DEBUG: get_current_merchant starting for user 20f83eef-9bb6-448d-a69e-7a7b9bf4f957, merchant 28d95cad-a38c-4b1d-9654-f6df5fe49e69
DEBUG: calling db.get(Merchant)
DEBUG: get_current_merchant starting for user 20f83eef-9bb6-448d-a69e-7a7b9bf4f957, merchant 28d95cad-a38c-4b1d-9654-f6df5fe49e69
DEBUG: calling db.get(Merchant)
DEBUG: get_current_merchant starting for user 20f83eef-9bb6-448d-a69e-7a7b9bf4f957, merchant 28d95cad-a38c-4b1d-9654-f6df5fe49e69
DEBUG: calling db.get(Merchant)
DEBUG: db.get(Merchant) finished: ixona
DEBUG: executing select(MerchantMember) query
DEBUG: db.get(Merchant) finished: ixona
DEBUG: executing select(MerchantMember) query
DEBUG: db.get(Merchant) finished: ixona
DEBUG: executing select(MerchantMember) query
DEBUG: db.get(Merchant) finished: ixona
DEBUG: executing select(MerchantMember) query
DEBUG: db.get(Merchant) finished: ixona
DEBUG: executing select(MerchantMember) query
DEBUG: select(MerchantMember) query executed
DEBUG: MerchantMember role: owner
DEBUG: get_current_merchant returning success
DEBUG: select(MerchantMember) query executed
DEBUG: MerchantMember role: owner
DEBUG: get_current_merchant returning success
DEBUG: select(MerchantMember) query executed
DEBUG: MerchantMember role: owner
DEBUG: get_current_merchant returning success
DEBUG: select(MerchantMember) query executed
DEBUG: MerchantMember role: owner
DEBUG: get_current_merchant returning success
DEBUG: select(MerchantMember) query executed
DEBUG: MerchantMember role: owner
DEBUG: get_current_merchant returning success
DEBUG: get_current_merchant starting for user 20f83eef-9bb6-448d-a69e-7a7b9bf4f957, merchant 28d95cad-a38c-4b1d-9654-f6df5fe49e69
DEBUG: calling db.get(Merchant)
DEBUG: get_current_merchant starting for user 20f83eef-9bb6-448d-a69e-7a7b9bf4f957, merchant 28d95cad-a38c-4b1d-9654-f6df5fe49e69
DEBUG: calling db.get(Merchant)
DEBUG: get_current_merchant starting for user 20f83eef-9bb6-448d-a69e-7a7b9bf4f957, merchant 28d95cad-a38c-4b1d-9654-f6df5fe49e69
DEBUG: calling db.get(Merchant)
DEBUG: get_current_merchant starting for user 20f83eef-9bb6-448d-a69e-7a7b9bf4f957, merchant 28d95cad-a38c-4b1d-9654-f6df5fe49e69
DEBUG: calling db.get(Merchant)
DEBUG: get_current_merchant starting for user 20f83eef-9bb6-448d-a69e-7a7b9bf4f957, merchant 28d95cad-a38c-4b1d-9654-f6df5fe49e69
DEBUG: calling db.get(Merchant)
DEBUG: db.get(Merchant) finished: ixona
DEBUG: executing select(MerchantMember) query
DEBUG: db.get(Merchant) finished: ixona
DEBUG: executing select(MerchantMember) query
DEBUG: db.get(Merchant) finished: ixona
DEBUG: executing select(MerchantMember) query
DEBUG: db.get(Merchant) finished: ixona
DEBUG: executing select(MerchantMember) query
DEBUG: db.get(Merchant) finished: ixona
DEBUG: executing select(MerchantMember) query
DEBUG: select(MerchantMember) query executed
DEBUG: MerchantMember role: owner
DEBUG: get_current_merchant returning success
DEBUG: select(MerchantMember) query executed
DEBUG: MerchantMember role: owner
DEBUG: get_current_merchant returning success
DEBUG: select(MerchantMember) query executed
DEBUG: MerchantMember role: owner
DEBUG: get_current_merchant returning success
DEBUG: select(MerchantMember) query executed
DEBUG: MerchantMember role: owner
DEBUG: get_current_merchant returning success
DEBUG: get_current_merchant starting for user 20f83eef-9bb6-448d-a69e-7a7b9bf4f957, merchant 28d95cad-a38c-4b1d-9654-f6df5fe49e69
DEBUG: calling db.get(Merchant)
DEBUG: select(MerchantMember) query executed
DEBUG: MerchantMember role: owner
DEBUG: get_current_merchant returning success
DEBUG: db.get(Merchant) finished: ixona
DEBUG: executing select(MerchantMember) query
DEBUG: select(MerchantMember) query executed
DEBUG: MerchantMember role: owner
DEBUG: get_current_merchant returning success
DEBUG: get_current_merchant starting for user 20f83eef-9bb6-448d-a69e-7a7b9bf4f957, merchant 28d95cad-a38c-4b1d-9654-f6df5fe49e69
DEBUG: calling db.get(Merchant)
DEBUG: db.get(Merchant) finished: ixona
DEBUG: executing select(MerchantMember) query
DEBUG: select(MerchantMember) query executed
DEBUG: MerchantMember role: owner
DEBUG: get_current_merchant returning success
DEBUG: get_current_merchant starting for user 20f83eef-9bb6-448d-a69e-7a7b9bf4f957, merchant 28d95cad-a38c-4b1d-9654-f6df5fe49e69
DEBUG: calling db.get(Merchant)
DEBUG: get_current_merchant starting for user 20f83eef-9bb6-448d-a69e-7a7b9bf4f957, merchant 28d95cad-a38c-4b1d-9654-f6df5fe49e69
DEBUG: calling db.get(Merchant)
DEBUG: db.get(Merchant) finished: ixona
DEBUG: executing select(MerchantMember) query
DEBUG: db.get(Merchant) finished: ixona
DEBUG: executing select(MerchantMember) query
DEBUG: select(MerchantMember) query executed
DEBUG: MerchantMember role: owner
DEBUG: get_current_merchant returning success
DEBUG: select(MerchantMember) query executed
DEBUG: MerchantMember role: owner
DEBUG: get_current_merchant returning success
DEBUG: get_current_merchant starting for user 20f83eef-9bb6-448d-a69e-7a7b9bf4f957, merchant 28d95cad-a38c-4b1d-9654-f6df5fe49e69
DEBUG: calling db.get(Merchant)
DEBUG: db.get(Merchant) finished: ixona
DEBUG: executing select(MerchantMember) query
DEBUG: select(MerchantMember) query executed
DEBUG: MerchantMember role: owner
DEBUG: get_current_merchant returning success
DEBUG: get_current_merchant starting for user 20f83eef-9bb6-448d-a69e-7a7b9bf4f957, merchant 28d95cad-a38c-4b1d-9654-f6df5fe49e69
DEBUG: calling db.get(Merchant)
DEBUG: db.get(Merchant) finished: ixona
DEBUG: executing select(MerchantMember) query
DEBUG: select(MerchantMember) query executed
DEBUG: MerchantMember role: owner
DEBUG: get_current_merchant returning success
DEBUG: get_current_merchant starting for user 20f83eef-9bb6-448d-a69e-7a7b9bf4f957, merchant 28d95cad-a38c-4b1d-9654-f6df5fe49e69
DEBUG: calling db.get(Merchant)
DEBUG: calling db.get(Merchant)
DEBUG: get_current_merchant starting for user 20f83eef-9bb6-448d-a69e-7a7b9bf4f957, merchant 28d95cad-a38c-4b1d-9654-f6df5fe49e69
DEBUG: calling db.get(Merchant)
DEBUG: db.get(Merchant) finished: ixona
DEBUG: executing select(MerchantMember) query
DEBUG: executing select(MerchantMember) query
DEBUG: db.get(Merchant) finished: ixona
DEBUG: executing select(MerchantMember) query
DEBUG: select(MerchantMember) query executed
DEBUG: select(MerchantMember) query executed
DEBUG: MerchantMember role: owner
DEBUG: MerchantMember role: owner
DEBUG: get_current_merchant returning success
DEBUG: select(MerchantMember) query executed
DEBUG: MerchantMember role: owner
DEBUG: get_current_merchant returning success
DEBUG: get_current_merchant starting for user 20f83eef-9bb6-448d-a69e-7a7b9bf4f957, merchant 28d95cad-a38c-4b1d-9654-f6df5fe49e69
DEBUG: calling db.get(Merchant)
DEBUG: db.get(Merchant) finished: ixona
DEBUG: executing select(MerchantMember) query
DEBUG: select(MerchantMember) query executed
DEBUG: MerchantMember role: owner
DEBUG: get_current_merchant returning success
DEBUG: get_current_merchant starting for user 20f83eef-9bb6-448d-a69e-7a7b9bf4f957, merchant 28d95cad-a38c-4b1d-9654-f6df5fe49e69
DEBUG: calling db.get(Merchant)
DEBUG: get_current_merchant starting for user 20f83eef-9bb6-448d-a69e-7a7b9bf4f957, merchant 28d95cad-a38c-4b1d-9654-f6df5fe49e69
DEBUG: calling db.get(Merchant)
DEBUG: get_current_merchant starting for user 20f83eef-9bb6-448d-a69e-7a7b9bf4f957, merchant 28d95cad-a38c-4b1d-9654-f6df5fe49e69
DEBUG: calling db.get(Merchant)
DEBUG: db.get(Merchant) finished: ixona
DEBUG: executing select(MerchantMember) query
DEBUG: db.get(Merchant) finished: ixona
DEBUG: executing select(MerchantMember) query
DEBUG: select(MerchantMember) query executed
DEBUG: MerchantMember role: owner
DEBUG: get_current_merchant returning success
DEBUG: db.get(Merchant) finished: ixona
DEBUG: executing select(MerchantMember) query
DEBUG: select(MerchantMember) query executed
DEBUG: MerchantMember role: owner
DEBUG: get_current_merchant returning success
DEBUG: select(MerchantMember) query executed
DEBUG: MerchantMember role: owner
DEBUG: get_current_merchant returning success
DEBUG: get_current_merchant starting for user 20f83eef-9bb6-448d-a69e-7a7b9bf4f957, merchant 28d95cad-a38c-4b1d-9654-f6df5fe49e69
DEBUG: calling db.get(Merchant)
DEBUG: get_current_merchant starting for user 20f83eef-9bb6-448d-a69e-7a7b9bf4f957, merchant 28d95cad-a38c-4b1d-9654-f6df5fe49e69
DEBUG: calling db.get(Merchant)
DEBUG: get_current_merchant starting for user 20f83eef-9bb6-448d-a69e-7a7b9bf4f957, merchant 28d95cad-a38c-4b1d-9654-f6df5fe49e69
DEBUG: calling db.get(Merchant)
DEBUG: db.get(Merchant) finished: ixona
DEBUG: db.get(Merchant) finished: ixona
DEBUG: executing select(MerchantMember) query
DEBUG: executing select(MerchantMember) query
DEBUG: get_current_merchant starting for user 20f83eef-9bb6-448d-a69e-7a7b9bf4f957, merchant 28d95cad-a38c-4b1d-9654-f6df5fe49e69
DEBUG: calling db.get(Merchant)
DEBUG: db.get(Merchant) finished: ixona
DEBUG: executing select(MerchantMember) query
DEBUG: select(MerchantMember) query executed
DEBUG: MerchantMember role: owner
DEBUG: MerchantMember role: owner
DEBUG: get_current_merchant returning success
DEBUG: db.get(Merchant) finished: ixona
DEBUG: executing select(MerchantMember) query
DEBUG: select(MerchantMember) query executed
DEBUG: MerchantMember role: owner
DEBUG: get_current_merchant returning success
DEBUG: select(MerchantMember) query executed
DEBUG: MerchantMember role: owner
DEBUG: get_current_merchant returning success
DEBUG: get_current_merchant starting for user 20f83eef-9bb6-448d-a69e-7a7b9bf4f957, merchant 28d95cad-a38c-4b1d-9654-f6df5fe49e69
DEBUG: calling db.get(Merchant)
DEBUG: db.get(Merchant) finished: ixona
DEBUG: executing select(MerchantMember) query
DEBUG: select(MerchantMember) query executed
DEBUG: MerchantMember role: owner
DEBUG: get_current_merchant returning success
DEBUG: get_current_merchant starting for user 20f83eef-9bb6-448d-a69e-7a7b9bf4f957, merchant 28d95cad-a38c-4b1d-9654-f6df5fe49e69
DEBUG: calling db.get(Merchant)
DEBUG: get_current_merchant starting for user 20f83eef-9bb6-448d-a69e-7a7b9bf4f957, merchant 28d95cad-a38c-4b1d-9654-f6df5fe49e69
DEBUG: calling db.get(Merchant)
DEBUG: db.get(Merchant) finished: ixona
DEBUG: executing select(MerchantMember) query
DEBUG: db.get(Merchant) finished: ixona
DEBUG: executing select(MerchantMember) query
DEBUG: select(MerchantMember) query executed
DEBUG: MerchantMember role: owner
DEBUG: get_current_merchant returning success
DEBUG: select(MerchantMember) query executed
DEBUG: MerchantMember role: owner
DEBUG: get_current_merchant returning success
DEBUG: get_current_merchant starting for user 20f83eef-9bb6-448d-a69e-7a7b9bf4f957, merchant 28d95cad-a38c-4b1d-9654-f6df5fe49e69
DEBUG: calling db.get(Merchant)
DEBUG: get_current_merchant starting for user 20f83eef-9bb6-448d-a69e-7a7b9bf4f957, merchant 28d95cad-a38c-4b1d-9654-f6df5fe49e69
DEBUG: calling db.get(Merchant)
DEBUG: get_current_merchant starting for user 20f83eef-9bb6-448d-a69e-7a7b9bf4f957, merchant 28d95cad-a38c-4b1d-9654-f6df5fe49e69
DEBUG: calling db.get(Merchant)
DEBUG: get_current_merchant starting for user 20f83eef-9bb6-448d-a69e-7a7b9bf4f957, merchant 28d95cad-a38c-4b1d-9654-f6df5fe49e69
DEBUG: calling db.get(Merchant)
DEBUG: get_current_merchant starting for user 20f83eef-9bb6-448d-a69e-7a7b9bf4f957, merchant 28d95cad-a38c-4b1d-9654-f6df5fe49e69
DEBUG: calling db.get(Merchant)
DEBUG: db.get(Merchant) finished: ixona
DEBUG: executing select(MerchantMember) query
DEBUG: get_current_merchant starting for user 20f83eef-9bb6-448d-a69e-7a7b9bf4f957, merchant 28d95cad-a38c-4b1d-9654-f6df5fe49e69
DEBUG: calling db.get(Merchant)
DEBUG: db.get(Merchant) finished: ixona
DEBUG: executing select(MerchantMember) query
DEBUG: get_current_merchant starting for user 20f83eef-9bb6-448d-a69e-7a7b9bf4f957, merchant 28d95cad-a38c-4b1d-9654-f6df5fe49e69
DEBUG: calling db.get(Merchant)
DEBUG: db.get(Merchant) finished: ixona
DEBUG: executing select(MerchantMember) query
DEBUG: db.get(Merchant) finished: ixona
DEBUG: executing select(MerchantMember) query
DEBUG: select(MerchantMember) query executed
DEBUG: MerchantMember role: owner
DEBUG: get_current_merchant returning success
DEBUG: db.get(Merchant) finished: ixona
DEBUG: executing select(MerchantMember) query
DEBUG: select(MerchantMember) query executed
DEBUG: MerchantMember role: owner
DEBUG: get_current_merchant returning success
DEBUG: db.get(Merchant) finished: ixona
DEBUG: executing select(MerchantMember) query
DEBUG: db.get(Merchant) finished: ixona
DEBUG: executing select(MerchantMember) query
DEBUG: select(MerchantMember) query executed
DEBUG: MerchantMember role: owner
DEBUG: get_current_merchant returning success
DEBUG: select(MerchantMember) query executed
DEBUG: MerchantMember role: owner
DEBUG: get_current_merchant returning success
DEBUG: select(MerchantMember) query executed
DEBUG: MerchantMember role: owner
DEBUG: get_current_merchant returning success
DEBUG: select(MerchantMember) query executed
DEBUG: MerchantMember role: owner
DEBUG: get_current_merchant returning success
DEBUG: select(MerchantMember) query executed
DEBUG: MerchantMember role: owner
DEBUG: get_current_merchant returning success
DEBUG: get_current_merchant starting for user 20f83eef-9bb6-448d-a69e-7a7b9bf4f957, merchant 28d95cad-a38c-4b1d-9654-f6df5fe49e69
DEBUG: calling db.get(Merchant)
DEBUG: db.get(Merchant) finished: ixona
DEBUG: executing select(MerchantMember) query
DEBUG: select(MerchantMember) query executed
DEBUG: MerchantMember role: owner
DEBUG: get_current_merchant returning success
DEBUG: get_current_merchant starting for user 20f83eef-9bb6-448d-a69e-7a7b9bf4f957, merchant 28d95cad-a38c-4b1d-9654-f6df5fe49e69
DEBUG: calling db.get(Merchant)
DEBUG: get_current_merchant starting for user 20f83eef-9bb6-448d-a69e-7a7b9bf4f957, merchant 28d95cad-a38c-4b1d-9654-f6df5fe49e69
DEBUG: calling db.get(Merchant)
DEBUG: get_current_merchant starting for user 20f83eef-9bb6-448d-a69e-7a7b9bf4f957, merchant 28d95cad-a38c-4b1d-9654-f6df5fe49e69
DEBUG: calling db.get(Merchant)
DEBUG: get_current_merchant starting for user 20f83eef-9bb6-448d-a69e-7a7b9bf4f957, merchant 28d95cad-a38c-4b1d-9654-f6df5fe49e69
DEBUG: calling db.get(Merchant)
DEBUG: get_current_merchant starting for user 20f83eef-9bb6-448d-a69e-7a7b9bf4f957, merchant 28d95cad-a38c-4b1d-9654-f6df5fe49e69
DEBUG: calling db.get(Merchant)
DEBUG: db.get(Merchant) finished: ixona
DEBUG: executing select(MerchantMember) query
DEBUG: db.get(Merchant) finished: ixona
DEBUG: executing select(MerchantMember) query
DEBUG: db.get(Merchant) finished: ixona
DEBUG: executing select(MerchantMember) query
DEBUG: db.get(Merchant) finished: ixona
DEBUG: executing select(MerchantMember) query
DEBUG: db.get(Merchant) finished: ixona
DEBUG: executing select(MerchantMember) query
DEBUG: select(MerchantMember) query executed
DEBUG: MerchantMember role: owner
DEBUG: get_current_merchant returning success
DEBUG: select(MerchantMember) query executed
DEBUG: MerchantMember role: owner
DEBUG: get_current_merchant returning success
DEBUG: select(MerchantMember) query executed
DEBUG: MerchantMember role: owner
DEBUG: get_current_merchant returning success
DEBUG: select(MerchantMember) query executed
DEBUG: MerchantMember role: owner
DEBUG: get_current_merchant returning success
DEBUG: select(MerchantMember) query executed
DEBUG: MerchantMember role: owner
DEBUG: get_current_merchant returning success
DEBUG: get_current_merchant starting for user 20f83eef-9bb6-448d-a69e-7a7b9bf4f957, merchant 28d95cad-a38c-4b1d-9654-f6df5fe49e69
DEBUG: calling db.get(Merchant)
DEBUG: db.get(Merchant) finished: ixona
DEBUG: executing select(MerchantMember) query
DEBUG: select(MerchantMember) query executed
DEBUG: MerchantMember role: owner
DEBUG: get_current_merchant returning success
DEBUG: get_current_merchant starting for user 20f83eef-9bb6-448d-a69e-7a7b9bf4f957, merchant 28d95cad-a38c-4b1d-9654-f6df5fe49e69
DEBUG: calling db.get(Merchant)
DEBUG: db.get(Merchant) finished: ixona
DEBUG: executing select(MerchantMember) query
DEBUG: select(MerchantMember) query executed
DEBUG: MerchantMember role: owner
DEBUG: get_current_merchant returning success
DEBUG: get_current_merchant starting for user 20f83eef-9bb6-448d-a69e-7a7b9bf4f957, merchant 28d95cad-a38c-4b1d-9654-f6df5fe49e69
DEBUG: calling db.get(Merchant)
DEBUG: db.get(Merchant) finished: ixona
DEBUG: executing select(MerchantMember) query
DEBUG: get_current_merchant starting for user 20f83eef-9bb6-448d-a69e-7a7b9bf4f957, merchant 28d95cad-a38c-4b1d-9654-f6df5fe49e69
DEBUG: calling db.get(Merchant)
DEBUG: select(MerchantMember) query executed
DEBUG: MerchantMember role: owner
DEBUG: get_current_merchant returning success
DEBUG: db.get(Merchant) finished: ixona
DEBUG: executing select(MerchantMember) query
DEBUG: select(MerchantMember) query executed
DEBUG: MerchantMember role: owner
DEBUG: get_current_merchant returning success
DEBUG: get_current_merchant starting for user 20f83eef-9bb6-448d-a69e-7a7b9bf4f957, merchant 28d95cad-a38c-4b1d-9654-f6df5fe49e69
DEBUG: calling db.get(Merchant)
DEBUG: db.get(Merchant) finished: ixona
DEBUG: executing select(MerchantMember) query
DEBUG: select(MerchantMember) query executed
DEBUG: MerchantMember role: owner
DEBUG: get_current_merchant returning success
DEBUG: get_current_merchant starting for user 20f83eef-9bb6-448d-a69e-7a7b9bf4f957, merchant 28d95cad-a38c-4b1d-9654-f6df5fe49e69
DEBUG: calling db.get(Merchant)
DEBUG: db.get(Merchant) finished: ixona
DEBUG: executing select(MerchantMember) query
DEBUG: select(MerchantMember) query executed
DEBUG: MerchantMember role: owner
DEBUG: get_current_merchant returning success
DEBUG: get_current_merchant starting for user 20f83eef-9bb6-448d-a69e-7a7b9bf4f957, merchant 28d95cad-a38c-4b1d-9654-f6df5fe49e69
DEBUG: calling db.get(Merchant)
DEBUG: get_current_merchant starting for user 20f83eef-9bb6-448d-a69e-7a7b9bf4f957, merchant 28d95cad-a38c-4b1d-9654-f6df5fe49e69
DEBUG: calling db.get(Merchant)
DEBUG: get_current_merchant starting for user 20f83eef-9bb6-448d-a69e-7a7b9bf4f957, merchant 28d95cad-a38c-4b1d-9654-f6df5fe49e69
DEBUG: calling db.get(Merchant)
DEBUG: db.get(Merchant) finished: ixona
DEBUG: executing select(MerchantMember) query
DEBUG: db.get(Merchant) finished: ixona
DEBUG: executing select(MerchantMember) query
DEBUG: db.get(Merchant) finished: ixona
DEBUG: executing select(MerchantMember) query
DEBUG: select(MerchantMember) query executed
DEBUG: MerchantMember role: owner
DEBUG: get_current_merchant returning success
DEBUG: select(MerchantMember) query executed
DEBUG: MerchantMember role: owner
DEBUG: get_current_merchant returning success
DEBUG: select(MerchantMember) query executed
DEBUG: MerchantMember role: owner
DEBUG: get_current_merchant returning success
DEBUG: get_current_merchant starting for user 20f83eef-9bb6-448d-a69e-7a7b9bf4f957, merchant 28d95cad-a38c-4b1d-9654-f6df5fe49e69
DEBUG: calling db.get(Merchant)
DEBUG: db.get(Merchant) finished: ixona
DEBUG: executing select(MerchantMember) query
DEBUG: select(MerchantMember) query executed
DEBUG: MerchantMember role: owner
DEBUG: get_current_merchant returning success
DEBUG: get_current_merchant starting for user 20f83eef-9bb6-448d-a69e-7a7b9bf4f957, merchant 28d95cad-a38c-4b1d-9654-f6df5fe49e69
DEBUG: calling db.get(Merchant)
DEBUG: get_current_merchant starting for user 20f83eef-9bb6-448d-a69e-7a7b9bf4f957, merchant 28d95cad-a38c-4b1d-9654-f6df5fe49e69
DEBUG: calling db.get(Merchant)
DEBUG: db.get(Merchant) finished: ixona
DEBUG: get_current_merchant starting for user 20f83eef-9bb6-448d-a69e-7a7b9bf4f957, merchant 28d95cad-a38c-4b1d-9654-f6df5fe49e69
DEBUG: executing select(MerchantMember) query
DEBUG: calling db.get(Merchant)
DEBUG: db.get(Merchant) finished: ixona
DEBUG: executing select(MerchantMember) query
DEBUG: select(MerchantMember) query executed
DEBUG: MerchantMember role: owner
DEBUG: get_current_merchant returning success
DEBUG: db.get(Merchant) finished: ixona
DEBUG: executing select(MerchantMember) query
DEBUG: select(MerchantMember) query executed
DEBUG: MerchantMember role: owner
DEBUG: get_current_merchant returning success
DEBUG: select(MerchantMember) query executed
DEBUG: MerchantMember role: owner
DEBUG: get_current_merchant returning success
DEBUG: get_current_merchant starting for user 20f83eef-9bb6-448d-a69e-7a7b9bf4f957, merchant 28d95cad-a38c-4b1d-9654-f6df5fe49e69
DEBUG: calling db.get(Merchant)
DEBUG: db.get(Merchant) finished: ixona
DEBUG: executing select(MerchantMember) query
DEBUG: get_current_merchant starting for user 20f83eef-9bb6-448d-a69e-7a7b9bf4f957, merchant 28d95cad-a38c-4b1d-9654-f6df5fe49e69
DEBUG: calling db.get(Merchant)
DEBUG: select(MerchantMember) query executed
DEBUG: MerchantMember role: owner
DEBUG: get_current_merchant returning success
DEBUG: db.get(Merchant) finished: ixona
DEBUG: executing select(MerchantMember) query
DEBUG: get_current_merchant starting for user 20f83eef-9bb6-448d-a69e-7a7b9bf4f957, merchant 28d95cad-a38c-4b1d-9654-f6df5fe49e69
DEBUG: calling db.get(Merchant)
DEBUG: select(MerchantMember) query executed
DEBUG: MerchantMember role: owner
DEBUG: get_current_merchant returning success
DEBUG: db.get(Merchant) finished: ixona
DEBUG: executing select(MerchantMember) query
DEBUG: select(MerchantMember) query executed
DEBUG: MerchantMember role: owner
DEBUG: get_current_merchant returning success
DEBUG: get_current_merchant starting for user 20f83eef-9bb6-448d-a69e-7a7b9bf4f957, merchant 28d95cad-a38c-4b1d-9654-f6df5fe49e69
DEBUG: calling db.get(Merchant)
DEBUG: db.get(Merchant) finished: ixona
DEBUG: executing select(MerchantMember) query
DEBUG: select(MerchantMember) query executed
DEBUG: MerchantMember role: owner
DEBUG: get_current_merchant returning success
DEBUG: get_current_merchant starting for user 20f83eef-9bb6-448d-a69e-7a7b9bf4f957, merchant 28d95cad-a38c-4b1d-9654-f6df5fe49e69
DEBUG: calling db.get(Merchant)
DEBUG: db.get(Merchant) finished: ixona
DEBUG: executing select(MerchantMember) query
DEBUG: get_current_merchant starting for user 20f83eef-9bb6-448d-a69e-7a7b9bf4f957, merchant 28d95cad-a38c-4b1d-9654-f6df5fe49e69
DEBUG: calling db.get(Merchant)
DEBUG: select(MerchantMember) query executed
DEBUG: MerchantMember role: owner
DEBUG: get_current_merchant returning success
DEBUG: db.get(Merchant) finished: ixona
DEBUG: executing select(MerchantMember) query
DEBUG: select(MerchantMember) query executed
DEBUG: MerchantMember role: owner
DEBUG: get_current_merchant returning success
DEBUG: get_current_merchant starting for user 20f83eef-9bb6-448d-a69e-7a7b9bf4f957, merchant 28d95cad-a38c-4b1d-9654-f6df5fe49e69
DEBUG: calling db.get(Merchant)
DEBUG: db.get(Merchant) finished: ixona
DEBUG: executing select(MerchantMember) query
DEBUG: select(MerchantMember) query executed
DEBUG: MerchantMember role: owner
DEBUG: get_current_merchant returning success
DEBUG: get_current_merchant starting for user 20f83eef-9bb6-448d-a69e-7a7b9bf4f957, merchant 28d95cad-a38c-4b1d-9654-f6df5fe49e69
DEBUG: calling db.get(Merchant)
DEBUG: get_current_merchant starting for user 20f83eef-9bb6-448d-a69e-7a7b9bf4f957, merchant 28d95cad-a38c-4b1d-9654-f6df5fe49e69
DEBUG: calling db.get(Merchant)
DEBUG: db.get(Merchant) finished: ixona
DEBUG: executing select(MerchantMember) query
DEBUG: db.get(Merchant) finished: ixona
DEBUG: executing select(MerchantMember) query
DEBUG: select(MerchantMember) query executed
DEBUG: MerchantMember role: owner
DEBUG: get_current_merchant returning success
DEBUG: select(MerchantMember) query executed
DEBUG: MerchantMember role: owner
DEBUG: get_current_merchant returning success
DEBUG: get_current_merchant starting for user 20f83eef-9bb6-448d-a69e-7a7b9bf4f957, merchant 28d95cad-a38c-4b1d-9654-f6df5fe49e69
DEBUG: calling db.get(Merchant)
DEBUG: get_current_merchant starting for user 20f83eef-9bb6-448d-a69e-7a7b9bf4f957, merchant 28d95cad-a38c-4b1d-9654-f6df5fe49e69
DEBUG: calling db.get(Merchant)
DEBUG: db.get(Merchant) finished: ixona
DEBUG: executing select(MerchantMember) query
DEBUG: db.get(Merchant) finished: ixona
DEBUG: executing select(MerchantMember) query
DEBUG: select(MerchantMember) query executed
DEBUG: MerchantMember role: owner
DEBUG: get_current_merchant returning success
DEBUG: select(MerchantMember) query executed
DEBUG: MerchantMember role: owner
DEBUG: get_current_merchant returning success
DEBUG: get_current_merchant starting for user 20f83eef-9bb6-448d-a69e-7a7b9bf4f957, merchant 28d95cad-a38c-4b1d-9654-f6df5fe49e69
DEBUG: calling db.get(Merchant)
DEBUG: db.get(Merchant) finished: ixona
DEBUG: executing select(MerchantMember) query
DEBUG: select(MerchantMember) query executed
DEBUG: MerchantMember role: owner
DEBUG: get_current_merchant returning success
DEBUG: get_current_merchant starting for user 20f83eef-9bb6-448d-a69e-7a7b9bf4f957, merchant 28d95cad-a38c-4b1d-9654-f6df5fe49e69
DEBUG: calling db.get(Merchant)
DEBUG: db.get(Merchant) finished: ixona
DEBUG: executing select(MerchantMember) query
DEBUG: select(MerchantMember) query executed
DEBUG: MerchantMember role: owner
DEBUG: get_current_merchant returning success
DEBUG: get_current_merchant starting for user 20f83eef-9bb6-448d-a69e-7a7b9bf4f957, merchant 28d95cad-a38c-4b1d-9654-f6df5fe49e69
DEBUG: calling db.get(Merchant)
DEBUG: get_current_merchant starting for user 20f83eef-9bb6-448d-a69e-7a7b9bf4f957, merchant 28d95cad-a38c-4b1d-9654-f6df5fe49e69
DEBUG: calling db.get(Merchant)
DEBUG: get_current_merchant starting for user 20f83eef-9bb6-448d-a69e-7a7b9bf4f957, merchant 28d95cad-a38c-4b1d-9654-f6df5fe49e69
DEBUG: calling db.get(Merchant)
DEBUG: db.get(Merchant) finished: ixona
DEBUG: executing select(MerchantMember) query
DEBUG: db.get(Merchant) finished: ixona
DEBUG: executing select(MerchantMember) query
DEBUG: db.get(Merchant) finished: ixona
DEBUG: executing select(MerchantMember) query
DEBUG: select(MerchantMember) query executed
DEBUG: MerchantMember role: owner
DEBUG: get_current_merchant returning success
DEBUG: get_current_merchant starting for user 20f83eef-9bb6-448d-a69e-7a7b9bf4f957, merchant 28d95cad-a38c-4b1d-9654-f6df5fe49e69
DEBUG: calling db.get(Merchant)
DEBUG: select(MerchantMember) query executed
DEBUG: MerchantMember role: owner
DEBUG: get_current_merchant returning success
DEBUG: select(MerchantMember) query executed
DEBUG: MerchantMember role: owner
DEBUG: get_current_merchant returning success
DEBUG: db.get(Merchant) finished: ixona
DEBUG: executing select(MerchantMember) query
DEBUG: select(MerchantMember) query executed
DEBUG: MerchantMember role: owner
DEBUG: get_current_merchant returning success
DEBUG: get_current_merchant starting for user 20f83eef-9bb6-448d-a69e-7a7b9bf4f957, merchant 28d95cad-a38c-4b1d-9654-f6df5fe49e69
DEBUG: calling db.get(Merchant)
DEBUG: db.get(Merchant) finished: ixona
DEBUG: executing select(MerchantMember) query
DEBUG: select(MerchantMember) query executed
DEBUG: MerchantMember role: owner
DEBUG: get_current_merchant returning success
DEBUG: get_current_merchant starting for user 20f83eef-9bb6-448d-a69e-7a7b9bf4f957, merchant 28d95cad-a38c-4b1d-9654-f6df5fe49e69
DEBUG: calling db.get(Merchant)
DEBUG: db.get(Merchant) finished: ixona
DEBUG: executing select(MerchantMember) query
DEBUG: get_current_merchant starting for user 20f83eef-9bb6-448d-a69e-7a7b9bf4f957, merchant 28d95cad-a38c-4b1d-9654-f6df5fe49e69
DEBUG: calling db.get(Merchant)
DEBUG: get_current_merchant starting for user 20f83eef-9bb6-448d-a69e-7a7b9bf4f957, merchant 28d95cad-a38c-4b1d-9654-f6df5fe49e69
DEBUG: calling db.get(Merchant)
DEBUG: select(MerchantMember) query executed
DEBUG: MerchantMember role: owner
DEBUG: get_current_merchant returning success
DEBUG: db.get(Merchant) finished: ixona
DEBUG: executing select(MerchantMember) query
DEBUG: db.get(Merchant) finished: ixona
DEBUG: executing select(MerchantMember) query
DEBUG: select(MerchantMember) query executed
DEBUG: MerchantMember role: owner
DEBUG: get_current_merchant returning success
DEBUG: select(MerchantMember) query executed
DEBUG: MerchantMember role: owner
DEBUG: get_current_merchant returning success
DEBUG: get_current_merchant starting for user 20f83eef-9bb6-448d-a69e-7a7b9bf4f957, merchant 28d95cad-a38c-4b1d-9654-f6df5fe49e69
DEBUG: calling db.get(Merchant)
DEBUG: get_current_merchant starting for user 20f83eef-9bb6-448d-a69e-7a7b9bf4f957, merchant 28d95cad-a38c-4b1d-9654-f6df5fe49e69
DEBUG: calling db.get(Merchant)
DEBUG: get_current_merchant starting for user 20f83eef-9bb6-448d-a69e-7a7b9bf4f957, merchant 28d95cad-a38c-4b1d-9654-f6df5fe49e69
DEBUG: calling db.get(Merchant)
DEBUG: db.get(Merchant) finished: ixona
DEBUG: executing select(MerchantMember) query
DEBUG: get_current_merchant starting for user 20f83eef-9bb6-448d-a69e-7a7b9bf4f957, merchant 28d95cad-a38c-4b1d-9654-f6df5fe49e69
DEBUG: calling db.get(Merchant)
DEBUG: db.get(Merchant) finished: ixona
DEBUG: executing select(MerchantMember) query
DEBUG: db.get(Merchant) finished: ixona
DEBUG: executing select(MerchantMember) query
DEBUG: select(MerchantMember) query executed
DEBUG: MerchantMember role: owner
DEBUG: get_current_merchant returning success
DEBUG: select(MerchantMember) query executed
DEBUG: MerchantMember role: owner
DEBUG: get_current_merchant returning success
DEBUG: select(MerchantMember) query executed
DEBUG: MerchantMember role: owner
DEBUG: get_current_merchant returning success
DEBUG: db.get(Merchant) finished: ixona
DEBUG: executing select(MerchantMember) query
DEBUG: select(MerchantMember) query executed
DEBUG: MerchantMember role: owner
DEBUG: get_current_merchant returning success
DEBUG: get_current_merchant starting for user 20f83eef-9bb6-448d-a69e-7a7b9bf4f957, merchant 28d95cad-a38c-4b1d-9654-f6df5fe49e69
DEBUG: calling db.get(Merchant)
DEBUG: db.get(Merchant) finished: ixona
DEBUG: executing select(MerchantMember) query
DEBUG: select(MerchantMember) query executed
DEBUG: MerchantMember role: owner
DEBUG: get_current_merchant returning success
DEBUG: get_current_merchant starting for user 20f83eef-9bb6-448d-a69e-7a7b9bf4f957, merchant 28d95cad-a38c-4b1d-9654-f6df5fe49e69
DEBUG: calling db.get(Merchant)
DEBUG: get_current_merchant starting for user 20f83eef-9bb6-448d-a69e-7a7b9bf4f957, merchant 28d95cad-a38c-4b1d-9654-f6df5fe49e69
DEBUG: calling db.get(Merchant)
DEBUG: get_current_merchant starting for user 20f83eef-9bb6-448d-a69e-7a7b9bf4f957, merchant 28d95cad-a38c-4b1d-9654-f6df5fe49e69
DEBUG: calling db.get(Merchant)
DEBUG: get_current_merchant starting for user 20f83eef-9bb6-448d-a69e-7a7b9bf4f957, merchant 28d95cad-a38c-4b1d-9654-f6df5fe49e69
DEBUG: calling db.get(Merchant)
DEBUG: db.get(Merchant) finished: ixona
DEBUG: executing select(MerchantMember) query
DEBUG: db.get(Merchant) finished: ixona
DEBUG: executing select(MerchantMember) query
DEBUG: get_current_merchant starting for user 20f83eef-9bb6-448d-a69e-7a7b9bf4f957, merchant 28d95cad-a38c-4b1d-9654-f6df5fe49e69
DEBUG: calling db.get(Merchant)
DEBUG: db.get(Merchant) finished: ixona
DEBUG: executing select(MerchantMember) query
DEBUG: db.get(Merchant) finished: ixona
DEBUG: executing select(MerchantMember) query
DEBUG: select(MerchantMember) query executed
DEBUG: MerchantMember role: owner
DEBUG: get_current_merchant returning success
DEBUG: select(MerchantMember) query executed
DEBUG: MerchantMember role: owner
DEBUG: get_current_merchant returning success
DEBUG: select(MerchantMember) query executed
DEBUG: MerchantMember role: owner
DEBUG: get_current_merchant returning success
DEBUG: db.get(Merchant) finished: ixona
DEBUG: executing select(MerchantMember) query
DEBUG: select(MerchantMember) query executed
DEBUG: MerchantMember role: owner
DEBUG: get_current_merchant returning success
DEBUG: select(MerchantMember) query executed
DEBUG: MerchantMember role: owner
DEBUG: get_current_merchant returning success
DEBUG: get_current_merchant starting for user 20f83eef-9bb6-448d-a69e-7a7b9bf4f957, merchant 28d95cad-a38c-4b1d-9654-f6df5fe49e69
DEBUG: calling db.get(Merchant)
DEBUG: db.get(Merchant) finished: ixona
DEBUG: executing select(MerchantMember) query
DEBUG: select(MerchantMember) query executed
DEBUG: MerchantMember role: owner
DEBUG: get_current_merchant returning success
DEBUG: get_current_merchant starting for user 20f83eef-9bb6-448d-a69e-7a7b9bf4f957, merchant 28d95cad-a38c-4b1d-9654-f6df5fe49e69
DEBUG: calling db.get(Merchant)
DEBUG: db.get(Merchant) finished: ixona
DEBUG: executing select(MerchantMember) query
DEBUG: select(MerchantMember) query executed
DEBUG: MerchantMember role: owner
DEBUG: get_current_merchant returning success
DEBUG: get_current_merchant starting for user 20f83eef-9bb6-448d-a69e-7a7b9bf4f957, merchant 28d95cad-a38c-4b1d-9654-f6df5fe49e69
DEBUG: calling db.get(Merchant)
DEBUG: db.get(Merchant) finished: ixona
DEBUG: executing select(MerchantMember) query
DEBUG: select(MerchantMember) query executed
DEBUG: MerchantMember role: owner
DEBUG: get_current_merchant returning success
DEBUG: get_current_merchant starting for user 20f83eef-9bb6-448d-a69e-7a7b9bf4f957, merchant 28d95cad-a38c-4b1d-9654-f6df5fe49e69
DEBUG: calling db.get(Merchant)
DEBUG: db.get(Merchant) finished: ixona
DEBUG: executing select(MerchantMember) query
DEBUG: get_current_merchant starting for user 20f83eef-9bb6-448d-a69e-7a7b9bf4f957, merchant 28d95cad-a38c-4b1d-9654-f6df5fe49e69
DEBUG: calling db.get(Merchant)
DEBUG: select(MerchantMember) query executed
DEBUG: MerchantMember role: owner
DEBUG: get_current_merchant returning success
DEBUG: db.get(Merchant) finished: ixona
DEBUG: executing select(MerchantMember) query
DEBUG: select(MerchantMember) query executed
DEBUG: MerchantMember role: owner
DEBUG: get_current_merchant returning success
DEBUG: get_current_merchant starting for user 20f83eef-9bb6-448d-a69e-7a7b9bf4f957, merchant 28d95cad-a38c-4b1d-9654-f6df5fe49e69
DEBUG: calling db.get(Merchant)
DEBUG: db.get(Merchant) finished: ixona
DEBUG: executing select(MerchantMember) query
DEBUG: select(MerchantMember) query executed
DEBUG: MerchantMember role: owner
DEBUG: get_current_merchant returning success
DEBUG: get_current_merchant starting for user 20f83eef-9bb6-448d-a69e-7a7b9bf4f957, merchant 28d95cad-a38c-4b1d-9654-f6df5fe49e69
DEBUG: calling db.get(Merchant)
DEBUG: get_current_merchant starting for user 20f83eef-9bb6-448d-a69e-7a7b9bf4f957, merchant 28d95cad-a38c-4b1d-9654-f6df5fe49e69
DEBUG: calling db.get(Merchant)
DEBUG: get_current_merchant starting for user 20f83eef-9bb6-448d-a69e-7a7b9bf4f957, merchant 28d95cad-a38c-4b1d-9654-f6df5fe49e69
DEBUG: calling db.get(Merchant)
DEBUG: db.get(Merchant) finished: ixona
DEBUG: executing select(MerchantMember) query
DEBUG: db.get(Merchant) finished: ixona
DEBUG: executing select(MerchantMember) query
DEBUG: db.get(Merchant) finished: ixona
DEBUG: executing select(MerchantMember) query
DEBUG: select(MerchantMember) query executed
DEBUG: MerchantMember role: owner
DEBUG: get_current_merchant returning success
DEBUG: select(MerchantMember) query executed
DEBUG: MerchantMember role: owner
DEBUG: get_current_merchant returning success
DEBUG: select(MerchantMember) query executed
DEBUG: MerchantMember role: owner
DEBUG: get_current_merchant returning success
DEBUG: get_current_merchant starting for user 20f83eef-9bb6-448d-a69e-7a7b9bf4f957, merchant 28d95cad-a38c-4b1d-9654-f6df5fe49e69
DEBUG: calling db.get(Merchant)
DEBUG: db.get(Merchant) finished: ixona
DEBUG: executing select(MerchantMember) query
DEBUG: get_current_merchant starting for user 20f83eef-9bb6-448d-a69e-7a7b9bf4f957, merchant 28d95cad-a38c-4b1d-9654-f6df5fe49e69
DEBUG: calling db.get(Merchant)
DEBUG: get_current_merchant starting for user 20f83eef-9bb6-448d-a69e-7a7b9bf4f957, merchant 28d95cad-a38c-4b1d-9654-f6df5fe49e69
DEBUG: calling db.get(Merchant)
DEBUG: select(MerchantMember) query executed
DEBUG: MerchantMember role: owner
DEBUG: get_current_merchant returning success
DEBUG: db.get(Merchant) finished: ixona
DEBUG: executing select(MerchantMember) query
DEBUG: get_current_merchant starting for user 20f83eef-9bb6-448d-a69e-7a7b9bf4f957, merchant 28d95cad-a38c-4b1d-9654-f6df5fe49e69
DEBUG: calling db.get(Merchant)
DEBUG: db.get(Merchant) finished: ixona
DEBUG: executing select(MerchantMember) query
DEBUG: db.get(Merchant) finished: ixona
DEBUG: executing select(MerchantMember) query
DEBUG: get_current_merchant starting for user 20f83eef-9bb6-448d-a69e-7a7b9bf4f957, merchant 28d95cad-a38c-4b1d-9654-f6df5fe49e69
DEBUG: calling db.get(Merchant)
DEBUG: select(MerchantMember) query executed
DEBUG: MerchantMember role: owner
DEBUG: get_current_merchant returning success
DEBUG: select(MerchantMember) query executed
DEBUG: MerchantMember role: owner
DEBUG: get_current_merchant returning success
DEBUG: select(MerchantMember) query executed
DEBUG: MerchantMember role: owner
DEBUG: get_current_merchant returning success
DEBUG: db.get(Merchant) finished: ixona
DEBUG: executing select(MerchantMember) query
DEBUG: select(MerchantMember) query executed
DEBUG: MerchantMember role: owner
DEBUG: get_current_merchant returning success
DEBUG: get_current_merchant starting for user 20f83eef-9bb6-448d-a69e-7a7b9bf4f957, merchant 28d95cad-a38c-4b1d-9654-f6df5fe49e69
DEBUG: calling db.get(Merchant)
DEBUG: get_current_merchant starting for user 20f83eef-9bb6-448d-a69e-7a7b9bf4f957, merchant 28d95cad-a38c-4b1d-9654-f6df5fe49e69
DEBUG: calling db.get(Merchant)
DEBUG: db.get(Merchant) finished: ixona
DEBUG: executing select(MerchantMember) query
DEBUG: db.get(Merchant) finished: ixona
DEBUG: executing select(MerchantMember) query
DEBUG: select(MerchantMember) query executed
DEBUG: MerchantMember role: owner
DEBUG: get_current_merchant returning success
DEBUG: select(MerchantMember) query executed
DEBUG: MerchantMember role: owner
DEBUG: get_current_merchant returning success
DEBUG: get_current_merchant starting for user 20f83eef-9bb6-448d-a69e-7a7b9bf4f957, merchant 28d95cad-a38c-4b1d-9654-f6df5fe49e69
DEBUG: calling db.get(Merchant)
DEBUG: db.get(Merchant) finished: ixona
DEBUG: executing select(MerchantMember) query
DEBUG: select(MerchantMember) query executed
DEBUG: MerchantMember role: owner
DEBUG: get_current_merchant returning success
DEBUG: get_current_merchant starting for user 20f83eef-9bb6-448d-a69e-7a7b9bf4f957, merchant 28d95cad-a38c-4b1d-9654-f6df5fe49e69
DEBUG: calling db.get(Merchant)
DEBUG: db.get(Merchant) finished: ixona
DEBUG: executing select(MerchantMember) query
DEBUG: get_current_merchant starting for user 20f83eef-9bb6-448d-a69e-7a7b9bf4f957, merchant 28d95cad-a38c-4b1d-9654-f6df5fe49e69
DEBUG: calling db.get(Merchant)
DEBUG: select(MerchantMember) query executed
DEBUG: MerchantMember role: owner
DEBUG: get_current_merchant returning success
DEBUG: db.get(Merchant) finished: ixona
DEBUG: executing select(MerchantMember) query
DEBUG: get_current_merchant starting for user 20f83eef-9bb6-448d-a69e-7a7b9bf4f957, merchant 28d95cad-a38c-4b1d-9654-f6df5fe49e69
DEBUG: calling db.get(Merchant)
DEBUG: select(MerchantMember) query executed
DEBUG: MerchantMember role: owner
DEBUG: get_current_merchant returning success
DEBUG: db.get(Merchant) finished: ixona
DEBUG: executing select(MerchantMember) query
DEBUG: select(MerchantMember) query executed
DEBUG: MerchantMember role: owner
DEBUG: get_current_merchant returning success
DEBUG: get_current_merchant starting for user 20f83eef-9bb6-448d-a69e-7a7b9bf4f957, merchant 28d95cad-a38c-4b1d-9654-f6df5fe49e69
DEBUG: calling db.get(Merchant)
DEBUG: db.get(Merchant) finished: ixona
DEBUG: executing select(MerchantMember) query
DEBUG: select(MerchantMember) query executed
DEBUG: MerchantMember role: owner
DEBUG: get_current_merchant returning success
DEBUG: get_current_merchant starting for user 20f83eef-9bb6-448d-a69e-7a7b9bf4f957, merchant 28d95cad-a38c-4b1d-9654-f6df5fe49e69
DEBUG: calling db.get(Merchant)
DEBUG: get_current_merchant starting for user 20f83eef-9bb6-448d-a69e-7a7b9bf4f957, merchant 28d95cad-a38c-4b1d-9654-f6df5fe49e69
DEBUG: calling db.get(Merchant)
DEBUG: get_current_merchant starting for user 20f83eef-9bb6-448d-a69e-7a7b9bf4f957, merchant 28d95cad-a38c-4b1d-9654-f6df5fe49e69
DEBUG: calling db.get(Merchant)
DEBUG: db.get(Merchant) finished: ixona
DEBUG: executing select(MerchantMember) query
DEBUG: db.get(Merchant) finished: ixona
DEBUG: executing select(MerchantMember) query
DEBUG: db.get(Merchant) finished: ixona
DEBUG: executing select(MerchantMember) query
DEBUG: select(MerchantMember) query executed
DEBUG: MerchantMember role: owner
DEBUG: get_current_merchant returning success
DEBUG: select(MerchantMember) query executed
DEBUG: MerchantMember role: owner
DEBUG: get_current_merchant returning success
DEBUG: select(MerchantMember) query executed
DEBUG: MerchantMember role: owner
DEBUG: get_current_merchant returning success
DEBUG: get_current_merchant starting for user 20f83eef-9bb6-448d-a69e-7a7b9bf4f957, merchant 28d95cad-a38c-4b1d-9654-f6df5fe49e69
DEBUG: calling db.get(Merchant)
DEBUG: db.get(Merchant) finished: ixona
DEBUG: executing select(MerchantMember) query
DEBUG: get_current_merchant starting for user 20f83eef-9bb6-448d-a69e-7a7b9bf4f957, merchant 28d95cad-a38c-4b1d-9654-f6df5fe49e69
DEBUG: calling db.get(Merchant)
DEBUG: select(MerchantMember) query executed
DEBUG: MerchantMember role: owner
DEBUG: get_current_merchant returning success
DEBUG: db.get(Merchant) finished: ixona
DEBUG: executing select(MerchantMember) query
DEBUG: select(MerchantMember) query executed
DEBUG: MerchantMember role: owner
DEBUG: get_current_merchant returning success
DEBUG: get_current_merchant starting for user 20f83eef-9bb6-448d-a69e-7a7b9bf4f957, merchant 28d95cad-a38c-4b1d-9654-f6df5fe49e69
DEBUG: calling db.get(Merchant)
DEBUG: db.get(Merchant) finished: ixona
DEBUG: executing select(MerchantMember) query
DEBUG: get_current_merchant starting for user 20f83eef-9bb6-448d-a69e-7a7b9bf4f957, merchant 28d95cad-a38c-4b1d-9654-f6df5fe49e69
DEBUG: calling db.get(Merchant)
DEBUG: get_current_merchant starting for user 20f83eef-9bb6-448d-a69e-7a7b9bf4f957, merchant 28d95cad-a38c-4b1d-9654-f6df5fe49e69
DEBUG: calling db.get(Merchant)
DEBUG: select(MerchantMember) query executed
DEBUG: MerchantMember role: owner
DEBUG: get_current_merchant returning success
DEBUG: db.get(Merchant) finished: ixona
DEBUG: executing select(MerchantMember) query
DEBUG: db.get(Merchant) finished: ixona
DEBUG: executing select(MerchantMember) query
DEBUG: select(MerchantMember) query executed
DEBUG: MerchantMember role: owner
DEBUG: get_current_merchant returning success
DEBUG: get_current_merchant starting for user 20f83eef-9bb6-448d-a69e-7a7b9bf4f957, merchant 28d95cad-a38c-4b1d-9654-f6df5fe49e69
DEBUG: calling db.get(Merchant)
DEBUG: select(MerchantMember) query executed
DEBUG: MerchantMember role: owner
DEBUG: get_current_merchant returning success
DEBUG: db.get(Merchant) finished: ixona
DEBUG: executing select(MerchantMember) query
DEBUG: select(MerchantMember) query executed
DEBUG: MerchantMember role: owner
DEBUG: get_current_merchant returning success
DEBUG: get_current_merchant starting for user 20f83eef-9bb6-448d-a69e-7a7b9bf4f957, merchant 28d95cad-a38c-4b1d-9654-f6df5fe49e69
DEBUG: calling db.get(Merchant)
DEBUG: get_current_merchant starting for user 20f83eef-9bb6-448d-a69e-7a7b9bf4f957, merchant 28d95cad-a38c-4b1d-9654-f6df5fe49e69
DEBUG: calling db.get(Merchant)
DEBUG: db.get(Merchant) finished: ixona
DEBUG: executing select(MerchantMember) query
DEBUG: db.get(Merchant) finished: ixona
DEBUG: executing select(MerchantMember) query
DEBUG: select(MerchantMember) query executed
DEBUG: MerchantMember role: owner
DEBUG: get_current_merchant returning success
DEBUG: select(MerchantMember) query executed
DEBUG: MerchantMember role: owner
DEBUG: get_current_merchant returning success
DEBUG: get_current_merchant starting for user 20f83eef-9bb6-448d-a69e-7a7b9bf4f957, merchant 28d95cad-a38c-4b1d-9654-f6df5fe49e69
DEBUG: calling db.get(Merchant)
DEBUG: db.get(Merchant) finished: ixona
DEBUG: executing select(MerchantMember) query
DEBUG: select(MerchantMember) query executed
DEBUG: MerchantMember role: owner
DEBUG: get_current_merchant returning success
DEBUG: get_current_merchant starting for user 20f83eef-9bb6-448d-a69e-7a7b9bf4f957, merchant 28d95cad-a38c-4b1d-9654-f6df5fe49e69
DEBUG: calling db.get(Merchant)
DEBUG: get_current_merchant starting for user 20f83eef-9bb6-448d-a69e-7a7b9bf4f957, merchant 28d95cad-a38c-4b1d-9654-f6df5fe49e69
DEBUG: calling db.get(Merchant)
DEBUG: db.get(Merchant) finished: ixona
DEBUG: executing select(MerchantMember) query
DEBUG: select(MerchantMember) query executed
DEBUG: MerchantMember role: owner
DEBUG: get_current_merchant returning success
DEBUG: db.get(Merchant) finished: ixona
DEBUG: executing select(MerchantMember) query
DEBUG: select(MerchantMember) query executed
DEBUG: MerchantMember role: owner
DEBUG: get_current_merchant returning success
DEBUG: get_current_merchant starting for user 20f83eef-9bb6-448d-a69e-7a7b9bf4f957, merchant 28d95cad-a38c-4b1d-9654-f6df5fe49e69
DEBUG: calling db.get(Merchant)
DEBUG: get_current_merchant starting for user 20f83eef-9bb6-448d-a69e-7a7b9bf4f957, merchant 28d95cad-a38c-4b1d-9654-f6df5fe49e69
DEBUG: calling db.get(Merchant)
DEBUG: db.get(Merchant) finished: ixona
DEBUG: executing select(MerchantMember) query
DEBUG: db.get(Merchant) finished: ixona
DEBUG: executing select(MerchantMember) query
DEBUG: select(MerchantMember) query executed
DEBUG: MerchantMember role: owner
DEBUG: get_current_merchant returning success
DEBUG: select(MerchantMember) query executed
DEBUG: MerchantMember role: owner
DEBUG: get_current_merchant returning success
DEBUG: get_current_merchant starting for user 20f83eef-9bb6-448d-a69e-7a7b9bf4f957, merchant 28d95cad-a38c-4b1d-9654-f6df5fe49e69
DEBUG: calling db.get(Merchant)
DEBUG: db.get(Merchant) finished: ixona
DEBUG: executing select(MerchantMember) query
DEBUG: get_current_merchant starting for user 20f83eef-9bb6-448d-a69e-7a7b9bf4f957, merchant 28d95cad-a38c-4b1d-9654-f6df5fe49e69
DEBUG: calling db.get(Merchant)
DEBUG: get_current_merchant starting for user 20f83eef-9bb6-448d-a69e-7a7b9bf4f957, merchant 28d95cad-a38c-4b1d-9654-f6df5fe49e69
DEBUG: calling db.get(Merchant)
DEBUG: get_current_merchant starting for user 20f83eef-9bb6-448d-a69e-7a7b9bf4f957, merchant 28d95cad-a38c-4b1d-9654-f6df5fe49e69
DEBUG: calling db.get(Merchant)
DEBUG: select(MerchantMember) query executed
DEBUG: MerchantMember role: owner
DEBUG: get_current_merchant returning success
DEBUG: db.get(Merchant) finished: ixona
DEBUG: executing select(MerchantMember) query
DEBUG: db.get(Merchant) finished: ixona
DEBUG: executing select(MerchantMember) query
DEBUG: db.get(Merchant) finished: ixona
DEBUG: executing select(MerchantMember) query
DEBUG: select(MerchantMember) query executed
DEBUG: MerchantMember role: owner
DEBUG: get_current_merchant returning success
DEBUG: select(MerchantMember) query executed
DEBUG: MerchantMember role: owner
DEBUG: get_current_merchant returning success
DEBUG: get_current_merchant starting for user 20f83eef-9bb6-448d-a69e-7a7b9bf4f957, merchant 28d95cad-a38c-4b1d-9654-f6df5fe49e69
DEBUG: calling db.get(Merchant)
DEBUG: get_current_merchant starting for user 20f83eef-9bb6-448d-a69e-7a7b9bf4f957, merchant 28d95cad-a38c-4b1d-9654-f6df5fe49e69
DEBUG: calling db.get(Merchant)
DEBUG: select(MerchantMember) query executed
DEBUG: MerchantMember role: owner
DEBUG: get_current_merchant returning success
DEBUG: db.get(Merchant) finished: ixona
DEBUG: executing select(MerchantMember) query
DEBUG: db.get(Merchant) finished: ixona
DEBUG: executing select(MerchantMember) query
DEBUG: select(MerchantMember) query executed
DEBUG: MerchantMember role: owner
DEBUG: get_current_merchant returning success
DEBUG: select(MerchantMember) query executed
DEBUG: MerchantMember role: owner
DEBUG: get_current_merchant returning success
DEBUG: get_current_merchant starting for user 20f83eef-9bb6-448d-a69e-7a7b9bf4f957, merchant 28d95cad-a38c-4b1d-9654-f6df5fe49e69
DEBUG: calling db.get(Merchant)
DEBUG: get_current_merchant starting for user 20f83eef-9bb6-448d-a69e-7a7b9bf4f957, merchant 28d95cad-a38c-4b1d-9654-f6df5fe49e69
DEBUG: calling db.get(Merchant)
DEBUG: db.get(Merchant) finished: ixona
DEBUG: executing select(MerchantMember) query
DEBUG: db.get(Merchant) finished: ixona
DEBUG: executing select(MerchantMember) query
DEBUG: select(MerchantMember) query executed
DEBUG: MerchantMember role: owner
DEBUG: get_current_merchant returning success
DEBUG: select(MerchantMember) query executed
DEBUG: MerchantMember role: owner
DEBUG: get_current_merchant returning success
DEBUG: get_current_merchant starting for user 20f83eef-9bb6-448d-a69e-7a7b9bf4f957, merchant 28d95cad-a38c-4b1d-9654-f6df5fe49e69
DEBUG: calling db.get(Merchant)
DEBUG: db.get(Merchant) finished: ixona
DEBUG: executing select(MerchantMember) query
DEBUG: select(MerchantMember) query executed
DEBUG: MerchantMember role: owner
DEBUG: get_current_merchant returning success
DEBUG: get_current_merchant starting for user 20f83eef-9bb6-448d-a69e-7a7b9bf4f957, merchant 28d95cad-a38c-4b1d-9654-f6df5fe49e69
DEBUG: calling db.get(Merchant)
DEBUG: get_current_merchant starting for user 20f83eef-9bb6-448d-a69e-7a7b9bf4f957, merchant 28d95cad-a38c-4b1d-9654-f6df5fe49e69
DEBUG: calling db.get(Merchant)
DEBUG: db.get(Merchant) finished: ixona
DEBUG: executing select(MerchantMember) query
DEBUG: db.get(Merchant) finished: ixona
DEBUG: executing select(MerchantMember) query
DEBUG: select(MerchantMember) query executed
DEBUG: MerchantMember role: owner
DEBUG: get_current_merchant returning success
DEBUG: select(MerchantMember) query executed
DEBUG: MerchantMember role: owner
DEBUG: get_current_merchant returning success
DEBUG: get_current_merchant starting for user 20f83eef-9bb6-448d-a69e-7a7b9bf4f957, merchant 28d95cad-a38c-4b1d-9654-f6df5fe49e69
DEBUG: calling db.get(Merchant)
DEBUG: get_current_merchant starting for user 20f83eef-9bb6-448d-a69e-7a7b9bf4f957, merchant 28d95cad-a38c-4b1d-9654-f6df5fe49e69
DEBUG: calling db.get(Merchant)
DEBUG: get_current_merchant starting for user 20f83eef-9bb6-448d-a69e-7a7b9bf4f957, merchant 28d95cad-a38c-4b1d-9654-f6df5fe49e69
DEBUG: calling db.get(Merchant)
DEBUG: db.get(Merchant) finished: ixona
DEBUG: executing select(MerchantMember) query
DEBUG: db.get(Merchant) finished: ixona
DEBUG: executing select(MerchantMember) query
DEBUG: db.get(Merchant) finished: ixona
DEBUG: executing select(MerchantMember) query
DEBUG: select(MerchantMember) query executed
DEBUG: MerchantMember role: owner
DEBUG: get_current_merchant returning success
DEBUG: select(MerchantMember) query executed
DEBUG: MerchantMember role: owner
DEBUG: get_current_merchant returning success
DEBUG: select(MerchantMember) query executed
DEBUG: MerchantMember role: owner
DEBUG: get_current_merchant returning success
DEBUG: get_current_merchant starting for user 20f83eef-9bb6-448d-a69e-7a7b9bf4f957, merchant 28d95cad-a38c-4b1d-9654-f6df5fe49e69
DEBUG: calling db.get(Merchant)
DEBUG: get_current_merchant starting for user 20f83eef-9bb6-448d-a69e-7a7b9bf4f957, merchant 28d95cad-a38c-4b1d-9654-f6df5fe49e69
DEBUG: calling db.get(Merchant)
DEBUG: get_current_merchant starting for user 20f83eef-9bb6-448d-a69e-7a7b9bf4f957, merchant 28d95cad-a38c-4b1d-9654-f6df5fe49e69
DEBUG: calling db.get(Merchant)
DEBUG: db.get(Merchant) finished: ixona
DEBUG: executing select(MerchantMember) query
DEBUG: db.get(Merchant) finished: ixona
DEBUG: executing select(MerchantMember) query
DEBUG: db.get(Merchant) finished: ixona
DEBUG: executing select(MerchantMember) query
DEBUG: select(MerchantMember) query executed
DEBUG: MerchantMember role: owner
DEBUG: get_current_merchant returning success
DEBUG: select(MerchantMember) query executed
DEBUG: MerchantMember role: owner
DEBUG: get_current_merchant returning success
DEBUG: select(MerchantMember) query executed
DEBUG: MerchantMember role: owner
DEBUG: get_current_merchant returning success
DEBUG: get_current_merchant starting for user 20f83eef-9bb6-448d-a69e-7a7b9bf4f957, merchant 28d95cad-a38c-4b1d-9654-f6df5fe49e69
DEBUG: calling db.get(Merchant)
DEBUG: get_current_merchant starting for user 20f83eef-9bb6-448d-a69e-7a7b9bf4f957, merchant 28d95cad-a38c-4b1d-9654-f6df5fe49e69
DEBUG: calling db.get(Merchant)
DEBUG: db.get(Merchant) finished: ixona
DEBUG: executing select(MerchantMember) query
DEBUG: get_current_merchant starting for user 20f83eef-9bb6-448d-a69e-7a7b9bf4f957, merchant 28d95cad-a38c-4b1d-9654-f6df5fe49e69
DEBUG: calling db.get(Merchant)
DEBUG: db.get(Merchant) finished: ixona
DEBUG: executing select(MerchantMember) query
DEBUG: select(MerchantMember) query executed
DEBUG: MerchantMember role: owner
DEBUG: get_current_merchant returning success
DEBUG: select(MerchantMember) query executed
DEBUG: MerchantMember role: owner
DEBUG: get_current_merchant returning success
DEBUG: get_current_merchant starting for user 20f83eef-9bb6-448d-a69e-7a7b9bf4f957, merchant 28d95cad-a38c-4b1d-9654-f6df5fe49e69
DEBUG: calling db.get(Merchant)
DEBUG: db.get(Merchant) finished: ixona
DEBUG: executing select(MerchantMember) query
DEBUG: db.get(Merchant) finished: ixona
DEBUG: select(MerchantMember) query executed
DEBUG: executing select(MerchantMember) query
DEBUG: MerchantMember role: owner
DEBUG: get_current_merchant returning success
DEBUG: select(MerchantMember) query executed
DEBUG: MerchantMember role: owner
DEBUG: get_current_merchant returning success
DEBUG: get_current_merchant starting for user 20f83eef-9bb6-448d-a69e-7a7b9bf4f957, merchant 28d95cad-a38c-4b1d-9654-f6df5fe49e69
DEBUG: calling db.get(Merchant)
DEBUG: db.get(Merchant) finished: ixona
DEBUG: executing select(MerchantMember) query
DEBUG: select(MerchantMember) query executed
DEBUG: MerchantMember role: owner
DEBUG: get_current_merchant returning success
DEBUG: get_current_merchant starting for user 20f83eef-9bb6-448d-a69e-7a7b9bf4f957, merchant 28d95cad-a38c-4b1d-9654-f6df5fe49e69
DEBUG: calling db.get(Merchant)
DEBUG: get_current_merchant starting for user 20f83eef-9bb6-448d-a69e-7a7b9bf4f957, merchant 28d95cad-a38c-4b1d-9654-f6df5fe49e69
DEBUG: calling db.get(Merchant)
DEBUG: db.get(Merchant) finished: ixona
DEBUG: executing select(MerchantMember) query
DEBUG: db.get(Merchant) finished: ixona
DEBUG: executing select(MerchantMember) query
DEBUG: get_current_merchant starting for user 20f83eef-9bb6-448d-a69e-7a7b9bf4f957, merchant 28d95cad-a38c-4b1d-9654-f6df5fe49e69
DEBUG: calling db.get(Merchant)
DEBUG: get_current_merchant starting for user 20f83eef-9bb6-448d-a69e-7a7b9bf4f957, merchant 28d95cad-a38c-4b1d-9654-f6df5fe49e69
DEBUG: calling db.get(Merchant)
DEBUG: db.get(Merchant) finished: ixona
DEBUG: executing select(MerchantMember) query
DEBUG: select(MerchantMember) query executed
DEBUG: MerchantMember role: owner
DEBUG: get_current_merchant returning success
DEBUG: db.get(Merchant) finished: ixona
DEBUG: executing select(MerchantMember) query
DEBUG: select(MerchantMember) query executed
DEBUG: MerchantMember role: owner
DEBUG: get_current_merchant returning success
DEBUG: select(MerchantMember) query executed
DEBUG: MerchantMember role: owner
DEBUG: get_current_merchant returning success
DEBUG: select(MerchantMember) query executed
DEBUG: MerchantMember role: owner
DEBUG: get_current_merchant returning success
DEBUG: get_current_merchant starting for user 20f83eef-9bb6-448d-a69e-7a7b9bf4f957, merchant 28d95cad-a38c-4b1d-9654-f6df5fe49e69
DEBUG: calling db.get(Merchant)
DEBUG: get_current_merchant starting for user 20f83eef-9bb6-448d-a69e-7a7b9bf4f957, merchant 28d95cad-a38c-4b1d-9654-f6df5fe49e69
DEBUG: calling db.get(Merchant)
DEBUG: get_current_merchant starting for user 20f83eef-9bb6-448d-a69e-7a7b9bf4f957, merchant 28d95cad-a38c-4b1d-9654-f6df5fe49e69
DEBUG: calling db.get(Merchant)
DEBUG: get_current_merchant starting for user 20f83eef-9bb6-448d-a69e-7a7b9bf4f957, merchant 28d95cad-a38c-4b1d-9654-f6df5fe49e69
DEBUG: calling db.get(Merchant)
DEBUG: db.get(Merchant) finished: ixona
DEBUG: executing select(MerchantMember) query
DEBUG: get_current_merchant starting for user 20f83eef-9bb6-448d-a69e-7a7b9bf4f957, merchant 28d95cad-a38c-4b1d-9654-f6df5fe49e69
DEBUG: calling db.get(Merchant)
DEBUG: select(MerchantMember) query executed
DEBUG: MerchantMember role: owner
DEBUG: get_current_merchant returning success
DEBUG: db.get(Merchant) finished: ixona
DEBUG: executing select(MerchantMember) query
DEBUG: db.get(Merchant) finished: ixona
DEBUG: executing select(MerchantMember) query
DEBUG: db.get(Merchant) finished: ixona
DEBUG: executing select(MerchantMember) query
DEBUG: db.get(Merchant) finished: ixona
DEBUG: executing select(MerchantMember) query
DEBUG: select(MerchantMember) query executed
DEBUG: MerchantMember role: owner
DEBUG: get_current_merchant returning success
DEBUG: select(MerchantMember) query executed
DEBUG: MerchantMember role: owner
DEBUG: get_current_merchant returning success
DEBUG: select(MerchantMember) query executed
DEBUG: MerchantMember role: owner
DEBUG: get_current_merchant returning success
DEBUG: select(MerchantMember) query executed
DEBUG: MerchantMember role: owner
DEBUG: get_current_merchant returning success
DEBUG: get_current_merchant starting for user 20f83eef-9bb6-448d-a69e-7a7b9bf4f957, merchant 28d95cad-a38c-4b1d-9654-f6df5fe49e69
DEBUG: calling db.get(Merchant)
DEBUG: db.get(Merchant) finished: ixona
DEBUG: executing select(MerchantMember) query
DEBUG: select(MerchantMember) query executed
DEBUG: MerchantMember role: owner
DEBUG: get_current_merchant returning success
DEBUG: get_current_merchant starting for user 20f83eef-9bb6-448d-a69e-7a7b9bf4f957, merchant 28d95cad-a38c-4b1d-9654-f6df5fe49e69
DEBUG: calling db.get(Merchant)
DEBUG: db.get(Merchant) finished: ixona
DEBUG: executing select(MerchantMember) query
DEBUG: select(MerchantMember) query executed
DEBUG: MerchantMember role: owner
DEBUG: get_current_merchant returning success
DEBUG: get_current_merchant starting for user 20f83eef-9bb6-448d-a69e-7a7b9bf4f957, merchant 28d95cad-a38c-4b1d-9654-f6df5fe49e69
DEBUG: calling db.get(Merchant)
DEBUG: db.get(Merchant) finished: ixona
DEBUG: executing select(MerchantMember) query
DEBUG: select(MerchantMember) query executed
DEBUG: MerchantMember role: owner
DEBUG: get_current_merchant returning success
DEBUG: get_current_merchant starting for user 20f83eef-9bb6-448d-a69e-7a7b9bf4f957, merchant 28d95cad-a38c-4b1d-9654-f6df5fe49e69
DEBUG: calling db.get(Merchant)
DEBUG: get_current_merchant starting for user 20f83eef-9bb6-448d-a69e-7a7b9bf4f957, merchant 28d95cad-a38c-4b1d-9654-f6df5fe49e69
DEBUG: calling db.get(Merchant)
DEBUG: db.get(Merchant) finished: ixona
DEBUG: executing select(MerchantMember) query
DEBUG: db.get(Merchant) finished: ixona
DEBUG: executing select(MerchantMember) query
DEBUG: select(MerchantMember) query executed
DEBUG: MerchantMember role: owner
DEBUG: get_current_merchant returning success
DEBUG: select(MerchantMember) query executed
DEBUG: MerchantMember role: owner
DEBUG: get_current_merchant returning success
DEBUG: get_current_merchant starting for user 20f83eef-9bb6-448d-a69e-7a7b9bf4f957, merchant 28d95cad-a38c-4b1d-9654-f6df5fe49e69
DEBUG: calling db.get(Merchant)
DEBUG: get_current_merchant starting for user 20f83eef-9bb6-448d-a69e-7a7b9bf4f957, merchant 28d95cad-a38c-4b1d-9654-f6df5fe49e69
DEBUG: calling db.get(Merchant)
DEBUG: db.get(Merchant) finished: ixona
DEBUG: executing select(MerchantMember) query
DEBUG: db.get(Merchant) finished: ixona
DEBUG: executing select(MerchantMember) query
DEBUG: select(MerchantMember) query executed
DEBUG: MerchantMember role: owner
DEBUG: get_current_merchant returning success
DEBUG: select(MerchantMember) query executed
DEBUG: MerchantMember role: owner
DEBUG: get_current_merchant returning success
DEBUG: get_current_merchant starting for user 20f83eef-9bb6-448d-a69e-7a7b9bf4f957, merchant 28d95cad-a38c-4b1d-9654-f6df5fe49e69
DEBUG: calling db.get(Merchant)
DEBUG: get_current_merchant starting for user 20f83eef-9bb6-448d-a69e-7a7b9bf4f957, merchant 28d95cad-a38c-4b1d-9654-f6df5fe49e69
DEBUG: calling db.get(Merchant)
DEBUG: db.get(Merchant) finished: ixona
DEBUG: executing select(MerchantMember) query
DEBUG: db.get(Merchant) finished: ixona
DEBUG: executing select(MerchantMember) query
DEBUG: select(MerchantMember) query executed
DEBUG: MerchantMember role: owner
DEBUG: get_current_merchant returning success
DEBUG: select(MerchantMember) query executed
DEBUG: MerchantMember role: owner
DEBUG: get_current_merchant returning success
DEBUG: get_current_merchant starting for user 20f83eef-9bb6-448d-a69e-7a7b9bf4f957, merchant 28d95cad-a38c-4b1d-9654-f6df5fe49e69
DEBUG: calling db.get(Merchant)
DEBUG: db.get(Merchant) finished: ixona
DEBUG: executing select(MerchantMember) query
DEBUG: select(MerchantMember) query executed
DEBUG: MerchantMember role: owner
DEBUG: get_current_merchant returning success
DEBUG: get_current_merchant starting for user 20f83eef-9bb6-448d-a69e-7a7b9bf4f957, merchant 28d95cad-a38c-4b1d-9654-f6df5fe49e69
DEBUG: calling db.get(Merchant)
DEBUG: get_current_merchant starting for user 20f83eef-9bb6-448d-a69e-7a7b9bf4f957, merchant 28d95cad-a38c-4b1d-9654-f6df5fe49e69
DEBUG: calling db.get(Merchant)
DEBUG: db.get(Merchant) finished: ixona
DEBUG: executing select(MerchantMember) query
DEBUG: db.get(Merchant) finished: ixona
DEBUG: executing select(MerchantMember) query
DEBUG: select(MerchantMember) query executed
DEBUG: MerchantMember role: owner
DEBUG: get_current_merchant returning success
DEBUG: select(MerchantMember) query executed
DEBUG: MerchantMember role: owner
DEBUG: get_current_merchant returning success
DEBUG: get_current_merchant starting for user 20f83eef-9bb6-448d-a69e-7a7b9bf4f957, merchant 28d95cad-a38c-4b1d-9654-f6df5fe49e69
DEBUG: calling db.get(Merchant)
DEBUG: db.get(Merchant) finished: ixona
DEBUG: executing select(MerchantMember) query
DEBUG: get_current_merchant starting for user 20f83eef-9bb6-448d-a69e-7a7b9bf4f957, merchant 28d95cad-a38c-4b1d-9654-f6df5fe49e69
DEBUG: calling db.get(Merchant)
DEBUG: select(MerchantMember) query executed
DEBUG: MerchantMember role: owner
DEBUG: get_current_merchant returning success
DEBUG: db.get(Merchant) finished: ixona
DEBUG: executing select(MerchantMember) query
DEBUG: select(MerchantMember) query executed
DEBUG: MerchantMember role: owner
DEBUG: get_current_merchant returning success
DEBUG: get_current_merchant starting for user 20f83eef-9bb6-448d-a69e-7a7b9bf4f957, merchant 28d95cad-a38c-4b1d-9654-f6df5fe49e69
DEBUG: calling db.get(Merchant)
DEBUG: get_current_merchant starting for user 20f83eef-9bb6-448d-a69e-7a7b9bf4f957, merchant 28d95cad-a38c-4b1d-9654-f6df5fe49e69
DEBUG: calling db.get(Merchant)
DEBUG: db.get(Merchant) finished: ixona
DEBUG: executing select(MerchantMember) query
DEBUG: db.get(Merchant) finished: ixona
DEBUG: executing select(MerchantMember) query
DEBUG: select(MerchantMember) query executed
DEBUG: MerchantMember role: owner
DEBUG: get_current_merchant returning success
DEBUG: select(MerchantMember) query executed
DEBUG: MerchantMember role: owner
DEBUG: get_current_merchant returning success
DEBUG: get_current_merchant starting for user 20f83eef-9bb6-448d-a69e-7a7b9bf4f957, merchant 28d95cad-a38c-4b1d-9654-f6df5fe49e69
DEBUG: calling db.get(Merchant)
DEBUG: get_current_merchant starting for user 20f83eef-9bb6-448d-a69e-7a7b9bf4f957, merchant 28d95cad-a38c-4b1d-9654-f6df5fe49e69
DEBUG: calling db.get(Merchant)
DEBUG: db.get(Merchant) finished: ixona
DEBUG: executing select(MerchantMember) query
DEBUG: db.get(Merchant) finished: ixona
DEBUG: executing select(MerchantMember) query
DEBUG: select(MerchantMember) query executed
DEBUG: MerchantMember role: owner
DEBUG: get_current_merchant returning success
DEBUG: select(MerchantMember) query executed
DEBUG: MerchantMember role: owner
DEBUG: get_current_merchant returning success
DEBUG: get_current_merchant starting for user 20f83eef-9bb6-448d-a69e-7a7b9bf4f957, merchant 28d95cad-a38c-4b1d-9654-f6df5fe49e69
DEBUG: calling db.get(Merchant)
DEBUG: db.get(Merchant) finished: ixona
DEBUG: executing select(MerchantMember) query
DEBUG: get_current_merchant starting for user 20f83eef-9bb6-448d-a69e-7a7b9bf4f957, merchant 28d95cad-a38c-4b1d-9654-f6df5fe49e69
DEBUG: calling db.get(Merchant)
DEBUG: select(MerchantMember) query executed
DEBUG: MerchantMember role: owner
DEBUG: get_current_merchant returning success
DEBUG: db.get(Merchant) finished: ixona
DEBUG: executing select(MerchantMember) query
DEBUG: select(MerchantMember) query executed
DEBUG: MerchantMember role: owner
DEBUG: get_current_merchant returning success
DEBUG: get_current_merchant starting for user 20f83eef-9bb6-448d-a69e-7a7b9bf4f957, merchant 28d95cad-a38c-4b1d-9654-f6df5fe49e69
DEBUG: calling db.get(Merchant)
DEBUG: db.get(Merchant) finished: ixona
DEBUG: executing select(MerchantMember) query
DEBUG: select(MerchantMember) query executed
DEBUG: MerchantMember role: owner
DEBUG: get_current_merchant returning success
DEBUG: get_current_merchant starting for user 20f83eef-9bb6-448d-a69e-7a7b9bf4f957, merchant 28d95cad-a38c-4b1d-9654-f6df5fe49e69
DEBUG: calling db.get(Merchant)
DEBUG: get_current_merchant starting for user 20f83eef-9bb6-448d-a69e-7a7b9bf4f957, merchant 28d95cad-a38c-4b1d-9654-f6df5fe49e69
DEBUG: calling db.get(Merchant)
DEBUG: db.get(Merchant) finished: ixona
DEBUG: executing select(MerchantMember) query
DEBUG: db.get(Merchant) finished: ixona
DEBUG: executing select(MerchantMember) query
DEBUG: select(MerchantMember) query executed
DEBUG: MerchantMember role: owner
DEBUG: get_current_merchant returning success
DEBUG: select(MerchantMember) query executed
DEBUG: MerchantMember role: owner
DEBUG: get_current_merchant returning success
DEBUG: get_current_merchant starting for user 20f83eef-9bb6-448d-a69e-7a7b9bf4f957, merchant 28d95cad-a38c-4b1d-9654-f6df5fe49e69
DEBUG: calling db.get(Merchant)
DEBUG: db.get(Merchant) finished: ixona
DEBUG: executing select(MerchantMember) query
DEBUG: get_current_merchant starting for user 20f83eef-9bb6-448d-a69e-7a7b9bf4f957, merchant 28d95cad-a38c-4b1d-9654-f6df5fe49e69
DEBUG: calling db.get(Merchant)
DEBUG: get_current_merchant starting for user 20f83eef-9bb6-448d-a69e-7a7b9bf4f957, merchant 28d95cad-a38c-4b1d-9654-f6df5fe49e69
DEBUG: calling db.get(Merchant)
DEBUG: get_current_merchant starting for user 20f83eef-9bb6-448d-a69e-7a7b9bf4f957, merchant 28d95cad-a38c-4b1d-9654-f6df5fe49e69
DEBUG: calling db.get(Merchant)
DEBUG: select(MerchantMember) query executed
DEBUG: MerchantMember role: owner
DEBUG: get_current_merchant returning success
DEBUG: db.get(Merchant) finished: ixona
DEBUG: executing select(MerchantMember) query
DEBUG: db.get(Merchant) finished: ixona
DEBUG: executing select(MerchantMember) query
DEBUG: select(MerchantMember) query executed
DEBUG: MerchantMember role: owner
DEBUG: get_current_merchant returning success
DEBUG: MerchantMember role: owner
DEBUG: get_current_merchant returning success
DEBUG: select(MerchantMember) query executed
DEBUG: MerchantMember role: owner
DEBUG: get_current_merchant returning success
DEBUG: get_current_merchant starting for user 20f83eef-9bb6-448d-a69e-7a7b9bf4f957, merchant 28d95cad-a38c-4b1d-9654-f6df5fe49e69
DEBUG: calling db.get(Merchant)
DEBUG: get_current_merchant starting for user 20f83eef-9bb6-448d-a69e-7a7b9bf4f957, merchant 28d95cad-a38c-4b1d-9654-f6df5fe49e69
DEBUG: calling db.get(Merchant)
DEBUG: get_current_merchant starting for user 20f83eef-9bb6-448d-a69e-7a7b9bf4f957, merchant 28d95cad-a38c-4b1d-9654-f6df5fe49e69
DEBUG: calling db.get(Merchant)
DEBUG: get_current_merchant starting for user 20f83eef-9bb6-448d-a69e-7a7b9bf4f957, merchant 28d95cad-a38c-4b1d-9654-f6df5fe49e69
DEBUG: calling db.get(Merchant)
DEBUG: get_current_merchant starting for user 20f83eef-9bb6-448d-a69e-7a7b9bf4f957, merchant 28d95cad-a38c-4b1d-9654-f6df5fe49e69
DEBUG: calling db.get(Merchant)
DEBUG: get_current_merchant starting for user 20f83eef-9bb6-448d-a69e-7a7b9bf4f957, merchant 28d95cad-a38c-4b1d-9654-f6df5fe49e69
DEBUG: calling db.get(Merchant)
DEBUG: get_current_merchant starting for user 20f83eef-9bb6-448d-a69e-7a7b9bf4f957, merchant 28d95cad-a38c-4b1d-9654-f6df5fe49e69
DEBUG: calling db.get(Merchant)
DEBUG: db.get(Merchant) finished: ixona
DEBUG: executing select(MerchantMember) query
DEBUG: db.get(Merchant) finished: ixona
DEBUG: executing select(MerchantMember) query
DEBUG: db.get(Merchant) finished: ixona
DEBUG: executing select(MerchantMember) query
DEBUG: db.get(Merchant) finished: ixona
DEBUG: executing select(MerchantMember) query
DEBUG: db.get(Merchant) finished: ixona
DEBUG: executing select(MerchantMember) query
DEBUG: db.get(Merchant) finished: ixona
DEBUG: executing select(MerchantMember) query
DEBUG: db.get(Merchant) finished: ixona
DEBUG: executing select(MerchantMember) query
DEBUG: select(MerchantMember) query executed
DEBUG: MerchantMember role: owner
DEBUG: get_current_merchant returning success
DEBUG: select(MerchantMember) query executed
DEBUG: MerchantMember role: owner
DEBUG: get_current_merchant returning success
DEBUG: select(MerchantMember) query executed
DEBUG: MerchantMember role: owner
DEBUG: get_current_merchant returning success
DEBUG: select(MerchantMember) query executed
DEBUG: MerchantMember role: owner
DEBUG: get_current_merchant returning success
DEBUG: select(MerchantMember) query executed
DEBUG: MerchantMember role: owner
DEBUG: get_current_merchant returning success
DEBUG: select(MerchantMember) query executed
DEBUG: MerchantMember role: owner
DEBUG: get_current_merchant returning success
DEBUG: select(MerchantMember) query executed
DEBUG: MerchantMember role: owner
DEBUG: get_current_merchant returning success
DEBUG: get_current_merchant starting for user 20f83eef-9bb6-448d-a69e-7a7b9bf4f957, merchant 28d95cad-a38c-4b1d-9654-f6df5fe49e69
DEBUG: calling db.get(Merchant)
DEBUG: db.get(Merchant) finished: ixona
DEBUG: executing select(MerchantMember) query
DEBUG: select(MerchantMember) query executed
DEBUG: MerchantMember role: owner
DEBUG: get_current_merchant returning success
DEBUG: get_current_merchant starting for user 20f83eef-9bb6-448d-a69e-7a7b9bf4f957, merchant 28d95cad-a38c-4b1d-9654-f6df5fe49e69
DEBUG: calling db.get(Merchant)
DEBUG: db.get(Merchant) finished: ixona
DEBUG: executing select(MerchantMember) query
DEBUG: select(MerchantMember) query executed
DEBUG: MerchantMember role: owner
DEBUG: get_current_merchant returning success
DEBUG: get_current_merchant starting for user 20f83eef-9bb6-448d-a69e-7a7b9bf4f957, merchant 28d95cad-a38c-4b1d-9654-f6df5fe49e69
DEBUG: calling db.get(Merchant)
DEBUG: db.get(Merchant) finished: ixona
DEBUG: executing select(MerchantMember) query
DEBUG: select(MerchantMember) query executed
DEBUG: MerchantMember role: owner
DEBUG: get_current_merchant returning success
DEBUG: get_current_merchant starting for user 20f83eef-9bb6-448d-a69e-7a7b9bf4f957, merchant 28d95cad-a38c-4b1d-9654-f6df5fe49e69
DEBUG: calling db.get(Merchant)
DEBUG: db.get(Merchant) finished: ixona
DEBUG: executing select(MerchantMember) query
DEBUG: select(MerchantMember) query executed
DEBUG: MerchantMember role: owner
DEBUG: get_current_merchant returning success
DEBUG: get_current_merchant starting for user c118f98d-9526-493d-9fd2-6fb7bfee2012, merchant 2a2928d9-4560-4f24-a2ce-6f6d4a291367
DEBUG: calling db.get(Merchant)
DEBUG: db.get(Merchant) finished: Foreign
DEBUG: executing select(MerchantMember) query
DEBUG: select(MerchantMember) query executed
DEBUG: MerchantMember role: None
DEBUG: get_current_merchant got exception: 403: not a member of this merchant
DEBUG: get_current_merchant starting for user 50d2794d-dd5f-466e-aa24-841181c8f78a, merchant 701d6998-0e3d-413e-b44e-a10fe59bb8f4
DEBUG: calling db.get(Merchant)
DEBUG: db.get(Merchant) finished: Patch
DEBUG: executing select(MerchantMember) query
DEBUG: select(MerchantMember) query executed
DEBUG: MerchantMember role: staff
DEBUG: get_current_merchant returning success
DEBUG: get_current_merchant starting for user c6d300e7-514a-48d1-81e0-5d5628aace9f, merchant 1cda0b98-4a73-477b-adf4-1ebf233aa1d1
DEBUG: calling db.get(Merchant)
DEBUG: db.get(Merchant) finished: Team Test
DEBUG: executing select(MerchantMember) query
DEBUG: select(MerchantMember) query executed
DEBUG: MerchantMember role: owner
DEBUG: get_current_merchant returning success
DEBUG: get_current_merchant starting for user a902c246-fd5d-4659-863b-401ef7d31f68, merchant 88915c6e-d9e2-40a9-aff5-3ddde1ceb6fd
DEBUG: calling db.get(Merchant)
DEBUG: db.get(Merchant) finished: Inv Test
DEBUG: executing select(MerchantMember) query
DEBUG: select(MerchantMember) query executed
DEBUG: MerchantMember role: owner
DEBUG: get_current_merchant returning success
DEBUG: get_current_merchant starting for user 0d84fab4-2bb0-4e45-9360-864a96104d3b, merchant 818f921c-1da0-4027-86c9-7dcf96da8748
DEBUG: calling db.get(Merchant)
DEBUG: db.get(Merchant) finished: Unk
DEBUG: executing select(MerchantMember) query
DEBUG: select(MerchantMember) query executed
DEBUG: MerchantMember role: owner
DEBUG: get_current_merchant returning success
DEBUG: get_current_merchant starting for user bac24360-3477-49c4-8906-93f309a1bdb4, merchant b2c833ee-1163-42fe-8d54-1558a2c47492
DEBUG: calling db.get(Merchant)
DEBUG: db.get(Merchant) finished: Role Test
DEBUG: executing select(MerchantMember) query
DEBUG: select(MerchantMember) query executed
DEBUG: MerchantMember role: owner
DEBUG: get_current_merchant returning success
DEBUG: get_current_merchant starting for user d3c6b2a6-2381-4dac-9582-836609fa2fe0, merchant b2c833ee-1163-42fe-8d54-1558a2c47492
DEBUG: calling db.get(Merchant)
DEBUG: db.get(Merchant) finished: Role Test
DEBUG: executing select(MerchantMember) query
DEBUG: select(MerchantMember) query executed
DEBUG: MerchantMember role: admin
DEBUG: get_current_merchant returning success
DEBUG: get_current_merchant starting for user d3c6b2a6-2381-4dac-9582-836609fa2fe0, merchant b2c833ee-1163-42fe-8d54-1558a2c47492
DEBUG: calling db.get(Merchant)
DEBUG: db.get(Merchant) finished: Role Test
DEBUG: executing select(MerchantMember) query
DEBUG: select(MerchantMember) query executed
DEBUG: MerchantMember role: admin
DEBUG: get_current_merchant returning success
DEBUG: get_current_merchant starting for user a66f760a-7b3c-4368-8674-6ae65e394ff7, merchant 3ff8ce00-c632-435b-afa7-376256fb3b75
DEBUG: calling db.get(Merchant)
DEBUG: db.get(Merchant) finished: Self
DEBUG: executing select(MerchantMember) query
DEBUG: select(MerchantMember) query executed
DEBUG: MerchantMember role: owner
DEBUG: get_current_merchant returning success
DEBUG: get_current_merchant starting for user ca3852f8-4802-41bf-852b-591d9b86c0cb, merchant 37217d17-2091-471e-bae9-894e0f21c632
DEBUG: calling db.get(Merchant)
DEBUG: db.get(Merchant) finished: Prod Test
DEBUG: executing select(MerchantMember) query
DEBUG: select(MerchantMember) query executed
DEBUG: MerchantMember role: owner
DEBUG: get_current_merchant returning success
DEBUG: get_current_merchant starting for user a11e6844-ba39-457a-ac3e-954c8ffcb60d, merchant 1b58aa4d-6bcd-4a84-bf91-88e051181ff1
DEBUG: calling db.get(Merchant)
DEBUG: db.get(Merchant) finished: Dup
DEBUG: executing select(MerchantMember) query
DEBUG: select(MerchantMember) query executed
DEBUG: MerchantMember role: owner
DEBUG: get_current_merchant returning success
DEBUG: get_current_merchant starting for user 8484d1a8-553c-4bb9-988b-1fb87593c9fc, merchant 9fc4ec69-8598-4651-9e59-84e22b019c4b
DEBUG: calling db.get(Merchant)
DEBUG: db.get(Merchant) finished: M1
DEBUG: executing select(MerchantMember) query
DEBUG: select(MerchantMember) query executed
DEBUG: MerchantMember role: owner
DEBUG: get_current_merchant returning success
DEBUG: get_current_merchant starting for user 8484d1a8-553c-4bb9-988b-1fb87593c9fc, merchant 9fc4ec69-8598-4651-9e59-84e22b019c4b
DEBUG: calling db.get(Merchant)
DEBUG: db.get(Merchant) finished: M1
DEBUG: executing select(MerchantMember) query
DEBUG: select(MerchantMember) query executed
DEBUG: MerchantMember role: owner
DEBUG: get_current_merchant returning success
DEBUG: get_current_merchant starting for user 8484d1a8-553c-4bb9-988b-1fb87593c9fc, merchant 30dfcb93-3d9c-4826-bffb-75236f332944
DEBUG: calling db.get(Merchant)
DEBUG: db.get(Merchant) finished: M2
DEBUG: executing select(MerchantMember) query
DEBUG: select(MerchantMember) query executed
DEBUG: MerchantMember role: owner
DEBUG: get_current_merchant returning success
DEBUG: get_current_merchant starting for user 8484d1a8-553c-4bb9-988b-1fb87593c9fc, merchant 30dfcb93-3d9c-4826-bffb-75236f332944
DEBUG: calling db.get(Merchant)
DEBUG: db.get(Merchant) finished: M2
DEBUG: executing select(MerchantMember) query
DEBUG: select(MerchantMember) query executed
DEBUG: MerchantMember role: owner
DEBUG: get_current_merchant returning success
DEBUG: get_current_merchant starting for user 8484d1a8-553c-4bb9-988b-1fb87593c9fc, merchant 30dfcb93-3d9c-4826-bffb-75236f332944
DEBUG: calling db.get(Merchant)
DEBUG: db.get(Merchant) finished: M2
DEBUG: executing select(MerchantMember) query
DEBUG: select(MerchantMember) query executed
DEBUG: MerchantMember role: owner
DEBUG: get_current_merchant returning success
DEBUG: get_current_merchant starting for user 8484d1a8-553c-4bb9-988b-1fb87593c9fc, merchant 9fc4ec69-8598-4651-9e59-84e22b019c4b
DEBUG: calling db.get(Merchant)
DEBUG: db.get(Merchant) finished: M1
DEBUG: executing select(MerchantMember) query
DEBUG: select(MerchantMember) query executed
DEBUG: MerchantMember role: owner
DEBUG: get_current_merchant returning success
DEBUG: get_current_merchant starting for user 7c73538e-adc3-43d6-8392-4b045fb3ff69, merchant badb27e1-f5b4-4721-b6b8-44e0666366c1
DEBUG: calling db.get(Merchant)
DEBUG: db.get(Merchant) finished: Filt
DEBUG: executing select(MerchantMember) query
DEBUG: select(MerchantMember) query executed
DEBUG: MerchantMember role: owner
DEBUG: get_current_merchant returning success
DEBUG: get_current_merchant starting for user 7c73538e-adc3-43d6-8392-4b045fb3ff69, merchant badb27e1-f5b4-4721-b6b8-44e0666366c1
DEBUG: calling db.get(Merchant)
DEBUG: db.get(Merchant) finished: Filt
DEBUG: executing select(MerchantMember) query
DEBUG: select(MerchantMember) query executed
DEBUG: MerchantMember role: owner
DEBUG: get_current_merchant returning success
DEBUG: get_current_merchant starting for user 7c73538e-adc3-43d6-8392-4b045fb3ff69, merchant badb27e1-f5b4-4721-b6b8-44e0666366c1
DEBUG: calling db.get(Merchant)
DEBUG: db.get(Merchant) finished: Filt
DEBUG: executing select(MerchantMember) query
DEBUG: select(MerchantMember) query executed
DEBUG: MerchantMember role: owner
DEBUG: get_current_merchant returning success
DEBUG: get_current_merchant starting for user 7c73538e-adc3-43d6-8392-4b045fb3ff69, merchant badb27e1-f5b4-4721-b6b8-44e0666366c1
DEBUG: calling db.get(Merchant)
DEBUG: db.get(Merchant) finished: Filt
DEBUG: executing select(MerchantMember) query
DEBUG: select(MerchantMember) query executed
DEBUG: MerchantMember role: owner
DEBUG: get_current_merchant returning success
DEBUG: get_current_merchant starting for user 3fcab48b-58ba-4a0a-a2cc-0a78d6d69bdb, merchant e0fa90dd-e3c0-4bd7-9cf4-35f2f5626c2f
DEBUG: calling db.get(Merchant)
DEBUG: db.get(Merchant) finished: Merchant Alpha
DEBUG: executing select(MerchantMember) query
DEBUG: select(MerchantMember) query executed
DEBUG: MerchantMember role: owner
DEBUG: get_current_merchant returning success
DEBUG: get_current_merchant starting for user 3b3b5d67-a70a-4020-99a4-ced8ce1e2457, merchant 9a346a6b-f323-4170-a1cf-ea9281c075e1
DEBUG: calling db.get(Merchant)
DEBUG: db.get(Merchant) finished: Update Test
DEBUG: executing select(MerchantMember) query
DEBUG: select(MerchantMember) query executed
DEBUG: MerchantMember role: owner
DEBUG: get_current_merchant returning success
DEBUG: get_current_merchant starting for user d8cc0798-17ba-4138-8605-1b6c02a76562, merchant bb68ef14-8192-4ee3-8924-f65a80346eec
DEBUG: calling db.get(Merchant)
DEBUG: db.get(Merchant) finished: Archive Test
DEBUG: executing select(MerchantMember) query
DEBUG: select(MerchantMember) query executed
DEBUG: MerchantMember role: owner
DEBUG: get_current_merchant returning success
DEBUG: get_current_merchant starting for user fe96af2e-7260-4c1c-875e-1700e9c82d97, merchant e78d0277-d234-4160-b951-0f3ae43aa20d
DEBUG: calling db.get(Merchant)
DEBUG: db.get(Merchant) finished: Publish Test
DEBUG: executing select(MerchantMember) query
DEBUG: select(MerchantMember) query executed
DEBUG: MerchantMember role: owner
DEBUG: get_current_merchant returning success
DEBUG: get_current_merchant starting for user 8a0565b3-9741-4878-89a9-296aa86cdf11, merchant 580127ff-ef68-44e3-9d8a-502eb6b827f9
DEBUG: calling db.get(Merchant)
DEBUG: db.get(Merchant) finished: Archived Test
DEBUG: executing select(MerchantMember) query
DEBUG: select(MerchantMember) query executed
DEBUG: MerchantMember role: owner
DEBUG: get_current_merchant returning success
DEBUG: get_current_merchant starting for user 86477dab-1ec8-4e42-b5b6-df3d3e53bdf2, merchant 1455a2b9-c2c7-4059-940c-ec47ed7b9a48
DEBUG: calling db.get(Merchant)
DEBUG: db.get(Merchant) finished: External Links
DEBUG: executing select(MerchantMember) query
DEBUG: select(MerchantMember) query executed
DEBUG: MerchantMember role: owner
DEBUG: get_current_merchant returning success
DEBUG: get_current_merchant starting for user 2c579892-a4e1-46a3-b125-272aa15013ef, merchant 23cb750d-3c86-45f9-a729-c381f5aca04a
DEBUG: calling db.get(Merchant)
DEBUG: db.get(Merchant) finished: Update Links
DEBUG: executing select(MerchantMember) query
DEBUG: select(MerchantMember) query executed
DEBUG: MerchantMember role: owner
DEBUG: get_current_merchant returning success
DEBUG: get_current_merchant starting for user 2ad76dae-0fb7-4fb3-bb22-a5b034c79b6e, merchant 6afc4a48-0316-423d-9cf2-a6093e8e426c
DEBUG: calling db.get(Merchant)
DEBUG: db.get(Merchant) finished: Delete Links
DEBUG: executing select(MerchantMember) query
DEBUG: select(MerchantMember) query executed
DEBUG: MerchantMember role: owner
DEBUG: get_current_merchant returning success
DEBUG: get_current_merchant starting for user 4860f632-7f2c-4fd9-b875-6070a44f7663, merchant a3c4d431-21fc-45f9-a160-b86f6f959591
DEBUG: calling db.get(Merchant)
DEBUG: db.get(Merchant) finished: Alpha Org
DEBUG: executing select(MerchantMember) query
DEBUG: select(MerchantMember) query executed
DEBUG: MerchantMember role: owner
DEBUG: get_current_merchant returning success
DEBUG: get_current_merchant starting for user ae64bb90-f0a5-40a8-9896-4618f98a9c6f, merchant 187e8c38-c2a5-46d4-be35-fc76e91d92a3
DEBUG: calling db.get(Merchant)
DEBUG: db.get(Merchant) finished: Prod Test
DEBUG: executing select(MerchantMember) query
DEBUG: select(MerchantMember) query executed
DEBUG: MerchantMember role: owner
DEBUG: get_current_merchant returning success
DEBUG: get_current_merchant starting for user fa84b416-fb6d-4f8a-89eb-25be6a9e460e, merchant 5427e70d-fea5-4067-8487-64c5cfba88c4
DEBUG: calling db.get(Merchant)
DEBUG: db.get(Merchant) finished: Dup
DEBUG: executing select(MerchantMember) query
DEBUG: select(MerchantMember) query executed
DEBUG: MerchantMember role: owner
DEBUG: get_current_merchant returning success
DEBUG: get_current_merchant starting for user 536639c9-6b89-4020-9e05-e238c9540e21, merchant 7d2255f8-8b3f-461a-b6c5-828cf7423cd5
DEBUG: calling db.get(Merchant)
DEBUG: db.get(Merchant) finished: M1
DEBUG: executing select(MerchantMember) query
DEBUG: select(MerchantMember) query executed
DEBUG: MerchantMember role: owner
DEBUG: get_current_merchant returning success
DEBUG: get_current_merchant starting for user 536639c9-6b89-4020-9e05-e238c9540e21, merchant 7d2255f8-8b3f-461a-b6c5-828cf7423cd5
DEBUG: calling db.get(Merchant)
DEBUG: db.get(Merchant) finished: M1
DEBUG: executing select(MerchantMember) query
DEBUG: select(MerchantMember) query executed
DEBUG: MerchantMember role: owner
DEBUG: get_current_merchant returning success
DEBUG: get_current_merchant starting for user 536639c9-6b89-4020-9e05-e238c9540e21, merchant 2358690d-d660-4216-95ce-88a7fd5ac941
DEBUG: calling db.get(Merchant)
DEBUG: db.get(Merchant) finished: M2
DEBUG: executing select(MerchantMember) query
DEBUG: select(MerchantMember) query executed
DEBUG: MerchantMember role: owner
DEBUG: get_current_merchant returning success
DEBUG: get_current_merchant starting for user 536639c9-6b89-4020-9e05-e238c9540e21, merchant 2358690d-d660-4216-95ce-88a7fd5ac941
DEBUG: calling db.get(Merchant)
DEBUG: db.get(Merchant) finished: M2
DEBUG: executing select(MerchantMember) query
DEBUG: select(MerchantMember) query executed
DEBUG: MerchantMember role: owner
DEBUG: get_current_merchant returning success
DEBUG: get_current_merchant starting for user 536639c9-6b89-4020-9e05-e238c9540e21, merchant 2358690d-d660-4216-95ce-88a7fd5ac941
DEBUG: calling db.get(Merchant)
DEBUG: db.get(Merchant) finished: M2
DEBUG: executing select(MerchantMember) query
DEBUG: select(MerchantMember) query executed
DEBUG: MerchantMember role: owner
DEBUG: get_current_merchant returning success
DEBUG: get_current_merchant starting for user 536639c9-6b89-4020-9e05-e238c9540e21, merchant 7d2255f8-8b3f-461a-b6c5-828cf7423cd5
DEBUG: calling db.get(Merchant)
DEBUG: db.get(Merchant) finished: M1
DEBUG: executing select(MerchantMember) query
DEBUG: select(MerchantMember) query executed
DEBUG: MerchantMember role: owner
DEBUG: get_current_merchant returning success
DEBUG: get_current_merchant starting for user 1ba3070c-7da1-41f1-807d-0e9efc512a3b, merchant a9b50a51-96e5-4958-bf05-df7b684efb40
DEBUG: calling db.get(Merchant)
DEBUG: db.get(Merchant) finished: Filt
DEBUG: executing select(MerchantMember) query
DEBUG: select(MerchantMember) query executed
DEBUG: MerchantMember role: owner
DEBUG: get_current_merchant returning success
DEBUG: get_current_merchant starting for user 1ba3070c-7da1-41f1-807d-0e9efc512a3b, merchant a9b50a51-96e5-4958-bf05-df7b684efb40
DEBUG: calling db.get(Merchant)
DEBUG: db.get(Merchant) finished: Filt
DEBUG: executing select(MerchantMember) query
DEBUG: select(MerchantMember) query executed
DEBUG: MerchantMember role: owner
DEBUG: get_current_merchant returning success
DEBUG: get_current_merchant starting for user 1ba3070c-7da1-41f1-807d-0e9efc512a3b, merchant a9b50a51-96e5-4958-bf05-df7b684efb40
DEBUG: calling db.get(Merchant)
DEBUG: db.get(Merchant) finished: Filt
DEBUG: executing select(MerchantMember) query
DEBUG: select(MerchantMember) query executed
DEBUG: MerchantMember role: owner
DEBUG: get_current_merchant returning success
DEBUG: get_current_merchant starting for user 1ba3070c-7da1-41f1-807d-0e9efc512a3b, merchant a9b50a51-96e5-4958-bf05-df7b684efb40
DEBUG: calling db.get(Merchant)
DEBUG: db.get(Merchant) finished: Filt
DEBUG: executing select(MerchantMember) query
DEBUG: select(MerchantMember) query executed
DEBUG: MerchantMember role: owner
DEBUG: get_current_merchant returning success
DEBUG: get_current_merchant starting for user 39575f2d-c15d-4745-a585-5c66f887d1d6, merchant 209430f5-9370-4f65-959b-e43f0aa193cd
DEBUG: calling db.get(Merchant)
DEBUG: db.get(Merchant) finished: Merchant Alpha
DEBUG: executing select(MerchantMember) query
DEBUG: select(MerchantMember) query executed
DEBUG: MerchantMember role: owner
DEBUG: get_current_merchant returning success
DEBUG: get_current_merchant starting for user 5050ef49-5a91-47ca-882c-f506608fd347, merchant 4db49a08-5809-4cb3-9259-b4ce7ac0f78d
DEBUG: calling db.get(Merchant)
DEBUG: db.get(Merchant) finished: Update Test
DEBUG: executing select(MerchantMember) query
DEBUG: select(MerchantMember) query executed
DEBUG: MerchantMember role: owner
DEBUG: get_current_merchant returning success
DEBUG: get_current_merchant starting for user 84eed414-45ba-48eb-8543-b5c4c7f4a8d3, merchant ebadb7bc-a53a-4168-a7da-9ac0b5eb5398
DEBUG: calling db.get(Merchant)
DEBUG: db.get(Merchant) finished: Archive Test
DEBUG: executing select(MerchantMember) query
DEBUG: select(MerchantMember) query executed
DEBUG: MerchantMember role: owner
DEBUG: get_current_merchant returning success
DEBUG: get_current_merchant starting for user 8bcbbc01-25a3-48d8-9a4b-7ec42d7d450d, merchant 09de2f07-9fd7-48af-962b-aab0bc9f1e7a
DEBUG: calling db.get(Merchant)
DEBUG: db.get(Merchant) finished: Publish Test
DEBUG: executing select(MerchantMember) query
DEBUG: select(MerchantMember) query executed
DEBUG: MerchantMember role: owner
DEBUG: get_current_merchant returning success
DEBUG: get_current_merchant starting for user 71abb87a-ece7-4e2c-b3ac-54326f4cf4b9, merchant 60119935-09fe-4715-8695-8b9f61d6efd8
DEBUG: calling db.get(Merchant)
DEBUG: db.get(Merchant) finished: Archived Test
DEBUG: executing select(MerchantMember) query
DEBUG: select(MerchantMember) query executed
DEBUG: MerchantMember role: owner
DEBUG: get_current_merchant returning success
DEBUG: get_current_merchant starting for user 2bea0975-7ef9-43d8-8e09-c64d11f43eef, merchant ad15fc0f-4d86-4574-b6fd-5b24b98547ee
DEBUG: calling db.get(Merchant)
DEBUG: db.get(Merchant) finished: External Links
DEBUG: executing select(MerchantMember) query
DEBUG: select(MerchantMember) query executed
DEBUG: MerchantMember role: owner
DEBUG: get_current_merchant returning success
DEBUG: get_current_merchant starting for user bbfb2baa-072b-476f-97ef-5c7987fb1342, merchant b08bb4be-00e5-4ab8-8dac-f462d601ba55
DEBUG: calling db.get(Merchant)
DEBUG: db.get(Merchant) finished: Update Links
DEBUG: executing select(MerchantMember) query
DEBUG: select(MerchantMember) query executed
DEBUG: MerchantMember role: owner
DEBUG: get_current_merchant returning success
DEBUG: get_current_merchant starting for user 71126ef6-14ac-4829-bfd2-0b0a1261e7d7, merchant 9c35fe67-6a91-4bfb-ab45-ce3d166565a0
DEBUG: calling db.get(Merchant)
DEBUG: db.get(Merchant) finished: Delete Links
DEBUG: executing select(MerchantMember) query
DEBUG: select(MerchantMember) query executed
DEBUG: MerchantMember role: owner
DEBUG: get_current_merchant returning success
DEBUG: get_current_merchant starting for user 8c2fbc28-f5eb-43ce-9381-0aaa7f7dc87f, merchant d7bbf21a-fddd-49ae-b663-2a56d8b3c410
DEBUG: calling db.get(Merchant)
DEBUG: db.get(Merchant) finished: Alpha Org
DEBUG: executing select(MerchantMember) query
DEBUG: select(MerchantMember) query executed
DEBUG: MerchantMember role: owner
DEBUG: get_current_merchant returning success
DEBUG: get_current_merchant starting for user c3798ba4-9ee7-4ba0-b908-8b719058e8aa, merchant 21c563cf-2c10-4e39-a06b-b23e47077c28
DEBUG: calling db.get(Merchant)
DEBUG: db.get(Merchant) finished: Analytics Co
DEBUG: executing select(MerchantMember) query
DEBUG: select(MerchantMember) query executed
DEBUG: MerchantMember role: owner
DEBUG: get_current_merchant returning success
DEBUG: get_current_merchant starting for user b79e70a2-7bd6-4e53-8de7-8f5c12074bc0, merchant c48f137e-0406-4a10-9fe1-fe7fa1609af9
DEBUG: calling db.get(Merchant)
DEBUG: db.get(Merchant) finished: Analytics Co
DEBUG: executing select(MerchantMember) query
DEBUG: select(MerchantMember) query executed
DEBUG: MerchantMember role: owner
DEBUG: get_current_merchant returning success
DEBUG: get_current_merchant starting for user ae5973ad-7138-4cd9-8a1b-bb7b8a7e195f, merchant 21adc311-cb20-4b19-9a43-e442daec9997
DEBUG: calling db.get(Merchant)
DEBUG: db.get(Merchant) finished: Analytics Co
DEBUG: executing select(MerchantMember) query
DEBUG: select(MerchantMember) query executed
DEBUG: MerchantMember role: owner
DEBUG: get_current_merchant returning success
DEBUG: get_current_merchant starting for user 4a16a4b3-8243-47d5-8f6f-cdf00548b0bd, merchant 7e7c74b6-0b95-4b7e-b869-ab7db299a4d8
DEBUG: calling db.get(Merchant)
DEBUG: db.get(Merchant) finished: Diag
DEBUG: executing select(MerchantMember) query
DEBUG: select(MerchantMember) query executed
DEBUG: MerchantMember role: owner
DEBUG: get_current_merchant returning success
DEBUG: get_current_merchant starting for user 8e78ad93-fd59-4c48-96fe-1f356cee603c, merchant 33e42688-4276-470f-a562-6f86ae137f1f
DEBUG: calling db.get(Merchant)
DEBUG: db.get(Merchant) finished: Ctx
DEBUG: executing select(MerchantMember) query
DEBUG: select(MerchantMember) query executed
DEBUG: MerchantMember role: owner
DEBUG: get_current_merchant returning success
DEBUG: get_current_merchant starting for user 4e2f927e-c137-4516-8685-2bfd6bea8282, merchant 0f3b5cdc-93be-4834-9dd1-9109fced249e
DEBUG: calling db.get(Merchant)
DEBUG: db.get(Merchant) finished: Other
DEBUG: executing select(MerchantMember) query
DEBUG: select(MerchantMember) query executed
DEBUG: MerchantMember role: None
DEBUG: get_current_merchant got exception: 403: not a member of this merchant
DEBUG: get_current_merchant starting for user d665b589-1ae7-43b2-bc34-37a6e01d2808, merchant fea4f1bf-49d0-4af8-ad86-fc291c7e41d4
DEBUG: calling db.get(Merchant)
DEBUG: db.get(Merchant) finished: None
DEBUG: get_current_merchant got exception: 404: merchant not found
DEBUG: get_current_merchant starting for user 4c375bbc-59b8-4012-bbd8-eff392c4f897, merchant 499720a9-f044-41fa-ae1d-179a38605deb
DEBUG: calling db.get(Merchant)
DEBUG: db.get(Merchant) finished: Prod Test
DEBUG: executing select(MerchantMember) query
DEBUG: select(MerchantMember) query executed
DEBUG: MerchantMember role: owner
DEBUG: get_current_merchant returning success
DEBUG: get_current_merchant starting for user aa9d6a69-e174-4f1d-bd69-b7871d25e3ed, merchant f416fcb2-b840-4903-a4bd-9bfc75bd198f
DEBUG: calling db.get(Merchant)
DEBUG: db.get(Merchant) finished: Dup
DEBUG: executing select(MerchantMember) query
DEBUG: select(MerchantMember) query executed
DEBUG: MerchantMember role: owner
DEBUG: get_current_merchant returning success
DEBUG: get_current_merchant starting for user 6cc0ad79-cd1b-464e-8dc5-7ea93e0d6e90, merchant 746c3c9b-c5df-4fdf-8ef0-ea9aa6715079
DEBUG: calling db.get(Merchant)
DEBUG: db.get(Merchant) finished: M1
DEBUG: executing select(MerchantMember) query
DEBUG: select(MerchantMember) query executed
DEBUG: MerchantMember role: owner
DEBUG: get_current_merchant returning success
DEBUG: get_current_merchant starting for user 6cc0ad79-cd1b-464e-8dc5-7ea93e0d6e90, merchant 746c3c9b-c5df-4fdf-8ef0-ea9aa6715079
DEBUG: calling db.get(Merchant)
DEBUG: db.get(Merchant) finished: M1
DEBUG: executing select(MerchantMember) query
DEBUG: select(MerchantMember) query executed
DEBUG: MerchantMember role: owner
DEBUG: get_current_merchant returning success
DEBUG: get_current_merchant starting for user 6cc0ad79-cd1b-464e-8dc5-7ea93e0d6e90, merchant 06028ab7-3e12-4355-b4fc-1e4d40ccd8db
DEBUG: calling db.get(Merchant)
DEBUG: db.get(Merchant) finished: M2
DEBUG: executing select(MerchantMember) query
DEBUG: select(MerchantMember) query executed
DEBUG: MerchantMember role: owner
DEBUG: get_current_merchant returning success
DEBUG: get_current_merchant starting for user 6cc0ad79-cd1b-464e-8dc5-7ea93e0d6e90, merchant 06028ab7-3e12-4355-b4fc-1e4d40ccd8db
DEBUG: calling db.get(Merchant)
DEBUG: db.get(Merchant) finished: M2
DEBUG: executing select(MerchantMember) query
DEBUG: select(MerchantMember) query executed
DEBUG: MerchantMember role: owner
DEBUG: get_current_merchant returning success
DEBUG: get_current_merchant starting for user 6cc0ad79-cd1b-464e-8dc5-7ea93e0d6e90, merchant 06028ab7-3e12-4355-b4fc-1e4d40ccd8db
DEBUG: calling db.get(Merchant)
DEBUG: db.get(Merchant) finished: M2
DEBUG: executing select(MerchantMember) query
DEBUG: select(MerchantMember) query executed
DEBUG: MerchantMember role: owner
DEBUG: get_current_merchant returning success
DEBUG: get_current_merchant starting for user 6cc0ad79-cd1b-464e-8dc5-7ea93e0d6e90, merchant 746c3c9b-c5df-4fdf-8ef0-ea9aa6715079
DEBUG: calling db.get(Merchant)
DEBUG: db.get(Merchant) finished: M1
DEBUG: executing select(MerchantMember) query
DEBUG: select(MerchantMember) query executed
DEBUG: MerchantMember role: owner
DEBUG: get_current_merchant returning success
DEBUG: get_current_merchant starting for user 917d9e88-ec81-4c72-acc1-873caa667f6b, merchant 9410bf72-9090-49c8-b5a1-d282bcb871b2
DEBUG: calling db.get(Merchant)
DEBUG: db.get(Merchant) finished: Filt
DEBUG: executing select(MerchantMember) query
DEBUG: select(MerchantMember) query executed
DEBUG: MerchantMember role: owner
DEBUG: get_current_merchant returning success
DEBUG: get_current_merchant starting for user 917d9e88-ec81-4c72-acc1-873caa667f6b, merchant 9410bf72-9090-49c8-b5a1-d282bcb871b2
DEBUG: calling db.get(Merchant)
DEBUG: db.get(Merchant) finished: Filt
DEBUG: executing select(MerchantMember) query
DEBUG: select(MerchantMember) query executed
DEBUG: MerchantMember role: owner
DEBUG: get_current_merchant returning success
DEBUG: get_current_merchant starting for user 917d9e88-ec81-4c72-acc1-873caa667f6b, merchant 9410bf72-9090-49c8-b5a1-d282bcb871b2
DEBUG: calling db.get(Merchant)
DEBUG: db.get(Merchant) finished: Filt
DEBUG: executing select(MerchantMember) query
DEBUG: select(MerchantMember) query executed
DEBUG: MerchantMember role: owner
DEBUG: get_current_merchant returning success
DEBUG: get_current_merchant starting for user 917d9e88-ec81-4c72-acc1-873caa667f6b, merchant 9410bf72-9090-49c8-b5a1-d282bcb871b2
DEBUG: calling db.get(Merchant)
DEBUG: db.get(Merchant) finished: Filt
DEBUG: executing select(MerchantMember) query
DEBUG: select(MerchantMember) query executed
DEBUG: MerchantMember role: owner
DEBUG: get_current_merchant returning success
DEBUG: get_current_merchant starting for user c479ca98-d805-49bc-8a01-6350f125446c, merchant caa7f871-d223-40a8-9600-2c6763d84e68
DEBUG: calling db.get(Merchant)
DEBUG: db.get(Merchant) finished: Merchant Alpha
DEBUG: executing select(MerchantMember) query
DEBUG: select(MerchantMember) query executed
DEBUG: MerchantMember role: owner
DEBUG: get_current_merchant returning success
DEBUG: get_current_merchant starting for user ad977d50-fb27-4a43-9a54-1b4140783a11, merchant 4687c80d-5b39-462d-bde6-809f3f6efebc
DEBUG: calling db.get(Merchant)
DEBUG: db.get(Merchant) finished: Update Test
DEBUG: executing select(MerchantMember) query
DEBUG: select(MerchantMember) query executed
DEBUG: MerchantMember role: owner
DEBUG: get_current_merchant returning success
DEBUG: get_current_merchant starting for user 9cd74333-7834-4997-a9a6-9955b6e1d75d, merchant 963d69e6-c745-4024-a0ad-ff1e5ad8379e
DEBUG: calling db.get(Merchant)
DEBUG: db.get(Merchant) finished: Archive Test
DEBUG: executing select(MerchantMember) query
DEBUG: select(MerchantMember) query executed
DEBUG: MerchantMember role: owner
DEBUG: get_current_merchant returning success
DEBUG: get_current_merchant starting for user 8f345d22-cc54-40d4-96ce-c9498e093362, merchant 2943cb07-ee84-4887-97a8-2e0ef3bc1962
DEBUG: calling db.get(Merchant)
DEBUG: db.get(Merchant) finished: Publish Test
DEBUG: executing select(MerchantMember) query
DEBUG: select(MerchantMember) query executed
DEBUG: MerchantMember role: owner
DEBUG: get_current_merchant returning success
DEBUG: get_current_merchant starting for user 8b18155d-59d8-4cd8-b4f2-dae3e40ad7ea, merchant 2b520b7e-c428-43ad-8abd-f89333fb2cba
DEBUG: calling db.get(Merchant)
DEBUG: db.get(Merchant) finished: Archived Test
DEBUG: executing select(MerchantMember) query
DEBUG: select(MerchantMember) query executed
DEBUG: MerchantMember role: owner
DEBUG: get_current_merchant returning success
DEBUG: get_current_merchant starting for user 2ecccac1-fa42-49c8-8580-af2f310cf4f1, merchant 8a7e1ad6-58d7-4b5b-8910-0c4b702e6171
DEBUG: calling db.get(Merchant)
DEBUG: db.get(Merchant) finished: External Links
DEBUG: executing select(MerchantMember) query
DEBUG: select(MerchantMember) query executed
DEBUG: MerchantMember role: owner
DEBUG: get_current_merchant returning success
DEBUG: get_current_merchant starting for user 9766d4b7-f5e9-4b44-a5a4-9c4dbb918cd3, merchant 46127fe1-9e2c-442d-8709-ab30cb50aeac
DEBUG: calling db.get(Merchant)
DEBUG: db.get(Merchant) finished: Update Links
DEBUG: executing select(MerchantMember) query
DEBUG: select(MerchantMember) query executed
DEBUG: MerchantMember role: owner
DEBUG: get_current_merchant returning success
DEBUG: get_current_merchant starting for user 0312fd25-52ff-4a77-9f63-db8c33f86bcc, merchant 603db168-160b-49c8-87ee-b340aa719fb7
DEBUG: calling db.get(Merchant)
DEBUG: db.get(Merchant) finished: Delete Links
DEBUG: executing select(MerchantMember) query
DEBUG: select(MerchantMember) query executed
DEBUG: MerchantMember role: owner
DEBUG: get_current_merchant returning success
DEBUG: get_current_merchant starting for user 67498794-caca-4b9c-960b-b23d8a707b63, merchant a0e11db8-4984-4193-996d-e086a5980fc3
DEBUG: calling db.get(Merchant)
DEBUG: db.get(Merchant) finished: Alpha Org
DEBUG: executing select(MerchantMember) query
DEBUG: select(MerchantMember) query executed
DEBUG: MerchantMember role: owner
DEBUG: get_current_merchant returning success
DEBUG: get_current_merchant starting for user 341c8463-1e3a-492d-9946-4744cfc936d7, merchant 12de17f9-4d2d-4a00-b15c-1e1fc9759dac
DEBUG: calling db.get(Merchant)
DEBUG: db.get(Merchant) finished: Foreign
DEBUG: executing select(MerchantMember) query
DEBUG: select(MerchantMember) query executed
DEBUG: MerchantMember role: None
DEBUG: get_current_merchant got exception: 403: not a member of this merchant
DEBUG: get_current_merchant starting for user b182e6c4-1d32-45eb-8190-012cb340fef4, merchant e7a16833-f3dd-4509-9adc-4aae820ce46a
DEBUG: calling db.get(Merchant)
DEBUG: db.get(Merchant) finished: Patch
DEBUG: executing select(MerchantMember) query
DEBUG: select(MerchantMember) query executed
DEBUG: MerchantMember role: staff
DEBUG: get_current_merchant returning success
DEBUG: get_current_merchant starting for user 3c406c5a-884e-4404-a5c5-3fb27adcea14, merchant d5ba4b4e-be2b-40c9-adda-e090f0d459a4
DEBUG: calling db.get(Merchant)
DEBUG: db.get(Merchant) finished: Team Test
DEBUG: executing select(MerchantMember) query
DEBUG: select(MerchantMember) query executed
DEBUG: MerchantMember role: owner
DEBUG: get_current_merchant returning success
DEBUG: get_current_merchant starting for user bc40ff4d-de7d-4ab4-a71a-5a4754ac7c44, merchant 34fe62ed-9d6f-40af-8d8c-61346c04a801
DEBUG: calling db.get(Merchant)
DEBUG: db.get(Merchant) finished: Inv Test
DEBUG: executing select(MerchantMember) query
DEBUG: select(MerchantMember) query executed
DEBUG: MerchantMember role: owner
DEBUG: get_current_merchant returning success
DEBUG: get_current_merchant starting for user 448bb154-46db-47cc-9b19-d4856c28ad7d, merchant d50eba9e-c229-44d9-be95-a7430952acdd
DEBUG: calling db.get(Merchant)
DEBUG: db.get(Merchant) finished: Unk
DEBUG: executing select(MerchantMember) query
DEBUG: select(MerchantMember) query executed
DEBUG: MerchantMember role: owner
DEBUG: get_current_merchant returning success
DEBUG: get_current_merchant starting for user 3de82a8b-e15d-4f63-93c9-33680f8de637, merchant 752344ac-3840-4220-a470-144b78c7d95e
DEBUG: calling db.get(Merchant)
DEBUG: db.get(Merchant) finished: Role Test
DEBUG: executing select(MerchantMember) query
DEBUG: select(MerchantMember) query executed
DEBUG: MerchantMember role: owner
DEBUG: get_current_merchant returning success
DEBUG: get_current_merchant starting for user 1adea76f-e6f0-474e-ad2d-ceed2e228362, merchant 752344ac-3840-4220-a470-144b78c7d95e
DEBUG: calling db.get(Merchant)
DEBUG: db.get(Merchant) finished: Role Test
DEBUG: executing select(MerchantMember) query
DEBUG: select(MerchantMember) query executed
DEBUG: MerchantMember role: admin
DEBUG: get_current_merchant returning success
DEBUG: get_current_merchant starting for user 1adea76f-e6f0-474e-ad2d-ceed2e228362, merchant 752344ac-3840-4220-a470-144b78c7d95e
DEBUG: calling db.get(Merchant)
DEBUG: db.get(Merchant) finished: Role Test
DEBUG: executing select(MerchantMember) query
DEBUG: select(MerchantMember) query executed
DEBUG: MerchantMember role: admin
DEBUG: get_current_merchant returning success
DEBUG: get_current_merchant starting for user f237f014-9d64-4981-a9e7-bf4509a0673f, merchant 3d1688d7-8c02-4095-9d8c-4f87e0d8873b
DEBUG: calling db.get(Merchant)
DEBUG: db.get(Merchant) finished: Self
DEBUG: executing select(MerchantMember) query
DEBUG: select(MerchantMember) query executed
DEBUG: MerchantMember role: owner
DEBUG: get_current_merchant returning success
DEBUG: get_current_merchant starting for user 63ba00b3-a751-44fc-8e73-9f3ec136072c, merchant fd102b4d-8067-4b86-a897-cd0b0959d1d2
DEBUG: calling db.get(Merchant)
DEBUG: db.get(Merchant) finished: Wallet Read
DEBUG: executing select(MerchantMember) query
DEBUG: select(MerchantMember) query executed
DEBUG: MerchantMember role: owner
DEBUG: get_current_merchant returning success
DEBUG: get_current_merchant starting for user cc4588c5-1e5b-40b3-a63d-11009032970c, merchant 964cfeb8-f313-45b9-a9d4-2346ae10ace1
DEBUG: calling db.get(Merchant)
DEBUG: db.get(Merchant) finished: Txn List
DEBUG: executing select(MerchantMember) query
DEBUG: select(MerchantMember) query executed
DEBUG: MerchantMember role: owner
DEBUG: get_current_merchant returning success
DEBUG: get_current_merchant starting for user 5fa60951-4521-4ecc-9c3e-5c5e726debac, merchant 76c3ff67-524f-44e5-be2d-5e150e17584b
DEBUG: calling db.get(Merchant)
DEBUG: db.get(Merchant) finished: Threshold Test
DEBUG: executing select(MerchantMember) query
DEBUG: select(MerchantMember) query executed
DEBUG: MerchantMember role: owner
DEBUG: get_current_merchant returning success
DEBUG: get_current_merchant starting for user c7d060f6-6ab2-4fdf-af30-1e31587185bf, merchant b6c019ef-57bd-4665-aff6-ce6735086fdb
DEBUG: calling db.get(Merchant)
DEBUG: db.get(Merchant) finished: Intent Test
DEBUG: executing select(MerchantMember) query
DEBUG: select(MerchantMember) query executed
DEBUG: MerchantMember role: owner
DEBUG: get_current_merchant returning success
DEBUG: get_current_merchant starting for user dd207fba-8cbc-49a3-b2fa-a31b438cccb3, merchant d6cf6366-9085-4973-ad89-6794a7f60bd7
DEBUG: calling db.get(Merchant)
DEBUG: db.get(Merchant) finished: Confirm Test
DEBUG: executing select(MerchantMember) query
DEBUG: select(MerchantMember) query executed
DEBUG: MerchantMember role: owner
DEBUG: get_current_merchant returning success
DEBUG: get_current_merchant starting for user 7a53fd0d-73c1-4cda-9a85-8008cc379096, merchant f0698657-f809-408d-b2de-3c8e6a5a3fd2
DEBUG: calling db.get(Merchant)
DEBUG: db.get(Merchant) finished: Idem Test
DEBUG: executing select(MerchantMember) query
DEBUG: select(MerchantMember) query executed
DEBUG: MerchantMember role: owner
DEBUG: get_current_merchant returning success
DEBUG: get_current_merchant starting for user 0ffe966d-137f-4b19-8959-6434e0876938, merchant f7beda82-ca4c-4219-b8c4-cb5f0e1fa02e
DEBUG: calling db.get(Merchant)
DEBUG: db.get(Merchant) finished: Bad Sig
DEBUG: executing select(MerchantMember) query
DEBUG: select(MerchantMember) query executed
DEBUG: MerchantMember role: owner
DEBUG: get_current_merchant returning success
DEBUG: get_current_merchant starting for user b9f0c0ee-7f42-40d3-bb8f-aee21b96bb07, merchant f0d335a8-5ddb-4148-9cb4-7b241cd8b473
DEBUG: calling db.get(Merchant)
DEBUG: db.get(Merchant) finished: Publish Gate
DEBUG: executing select(MerchantMember) query
DEBUG: select(MerchantMember) query executed
DEBUG: MerchantMember role: owner
DEBUG: get_current_merchant returning success
DEBUG: get_current_merchant starting for user f44dc0d2-97ea-4842-b4b1-45a4a964bd65, merchant 6ea1b64d-c427-4afc-8b05-d8db240befa6
DEBUG: calling db.get(Merchant)
DEBUG: db.get(Merchant) finished: Analytics Co
DEBUG: executing select(MerchantMember) query
DEBUG: select(MerchantMember) query executed
DEBUG: MerchantMember role: owner
DEBUG: get_current_merchant returning success
DEBUG: get_current_merchant starting for user 6574f438-6e5e-49a1-ab71-209461025ea5, merchant c078a8b0-60d2-40e2-8a00-4a1fbc460ff9
DEBUG: calling db.get(Merchant)
DEBUG: db.get(Merchant) finished: Analytics Co
DEBUG: executing select(MerchantMember) query
DEBUG: select(MerchantMember) query executed
DEBUG: MerchantMember role: owner
DEBUG: get_current_merchant returning success
DEBUG: get_current_merchant starting for user 62a4f463-d5f1-4e7a-8f24-a1fdebcc3d9e, merchant f014c009-9d9a-46a7-9dd0-d68d93d004db
DEBUG: calling db.get(Merchant)
DEBUG: db.get(Merchant) finished: Analytics Co
DEBUG: executing select(MerchantMember) query
DEBUG: select(MerchantMember) query executed
DEBUG: MerchantMember role: owner
DEBUG: get_current_merchant returning success
DEBUG: get_current_merchant starting for user e7226fcd-ddbf-4ed7-957a-a05541fee4d2, merchant f387ddb2-9c7a-4eb0-a7df-d16aad5cc5ca
DEBUG: calling db.get(Merchant)
DEBUG: db.get(Merchant) finished: Diag
DEBUG: executing select(MerchantMember) query
DEBUG: select(MerchantMember) query executed
DEBUG: MerchantMember role: owner
DEBUG: get_current_merchant returning success
DEBUG: get_current_merchant starting for user 2cf8ca9c-7b09-470c-ac6f-c5609cf20e66, merchant d6af80f2-4cba-4c70-8d8b-e68dd1fc432d
DEBUG: calling db.get(Merchant)
DEBUG: db.get(Merchant) finished: Ctx
DEBUG: executing select(MerchantMember) query
DEBUG: select(MerchantMember) query executed
DEBUG: MerchantMember role: owner
DEBUG: get_current_merchant returning success
DEBUG: get_current_merchant starting for user 713b68cb-0a85-4243-9d98-96c2d7f14b2d, merchant e2a277a0-64f6-4edd-9be0-89b153b135d1
DEBUG: calling db.get(Merchant)
DEBUG: db.get(Merchant) finished: Other
DEBUG: executing select(MerchantMember) query
DEBUG: select(MerchantMember) query executed
DEBUG: MerchantMember role: None
DEBUG: get_current_merchant got exception: 403: not a member of this merchant
DEBUG: get_current_merchant starting for user fedc0038-f7d1-4b45-93a3-b13b114a0b0f, merchant b32b5470-9068-484e-81db-0b86aedfcb0e
DEBUG: calling db.get(Merchant)
DEBUG: db.get(Merchant) finished: None
DEBUG: get_current_merchant got exception: 404: merchant not found
DEBUG: get_current_merchant starting for user 095f8419-3111-4ac0-90c0-d467b9390c18, merchant d235f093-96d5-4c9c-8112-2082e14f0569
DEBUG: calling db.get(Merchant)
DEBUG: db.get(Merchant) finished: Prod Test
DEBUG: executing select(MerchantMember) query
DEBUG: select(MerchantMember) query executed
DEBUG: MerchantMember role: owner
DEBUG: get_current_merchant returning success
DEBUG: get_current_merchant starting for user b471b45e-d737-4c79-9ca8-f45aedc53eb1, merchant e5f0e6a8-3893-47af-8c54-12fa28a4d4ff
DEBUG: calling db.get(Merchant)
DEBUG: db.get(Merchant) finished: Dup
DEBUG: executing select(MerchantMember) query
DEBUG: select(MerchantMember) query executed
DEBUG: MerchantMember role: owner
DEBUG: get_current_merchant returning success
DEBUG: get_current_merchant starting for user b471b45e-d737-4c79-9ca8-f45aedc53eb1, merchant e5f0e6a8-3893-47af-8c54-12fa28a4d4ff
DEBUG: calling db.get(Merchant)
DEBUG: db.get(Merchant) finished: Dup
DEBUG: executing select(MerchantMember) query
DEBUG: select(MerchantMember) query executed
DEBUG: MerchantMember role: owner
DEBUG: get_current_merchant returning success
DEBUG: get_current_merchant starting for user ba26c587-1341-4918-b028-c7cd08f1c586, merchant 943a1269-770e-4c01-8bf5-b74b714f07f5
DEBUG: calling db.get(Merchant)
DEBUG: db.get(Merchant) finished: M1
DEBUG: executing select(MerchantMember) query
DEBUG: select(MerchantMember) query executed
DEBUG: MerchantMember role: owner
DEBUG: get_current_merchant returning success
DEBUG: get_current_merchant starting for user ba26c587-1341-4918-b028-c7cd08f1c586, merchant 943a1269-770e-4c01-8bf5-b74b714f07f5
DEBUG: calling db.get(Merchant)
DEBUG: db.get(Merchant) finished: M1
DEBUG: executing select(MerchantMember) query
DEBUG: select(MerchantMember) query executed
DEBUG: MerchantMember role: owner
DEBUG: get_current_merchant returning success
DEBUG: get_current_merchant starting for user ba26c587-1341-4918-b028-c7cd08f1c586, merchant c52e8ff5-8962-46ba-bd3f-b3c48ee81a56
DEBUG: calling db.get(Merchant)
DEBUG: db.get(Merchant) finished: M2
DEBUG: executing select(MerchantMember) query
DEBUG: select(MerchantMember) query executed
DEBUG: MerchantMember role: owner
DEBUG: get_current_merchant returning success
DEBUG: get_current_merchant starting for user ba26c587-1341-4918-b028-c7cd08f1c586, merchant c52e8ff5-8962-46ba-bd3f-b3c48ee81a56
DEBUG: calling db.get(Merchant)
DEBUG: db.get(Merchant) finished: M2
DEBUG: executing select(MerchantMember) query
DEBUG: select(MerchantMember) query executed
DEBUG: MerchantMember role: owner
DEBUG: get_current_merchant returning success
DEBUG: get_current_merchant starting for user ba26c587-1341-4918-b028-c7cd08f1c586, merchant c52e8ff5-8962-46ba-bd3f-b3c48ee81a56
DEBUG: calling db.get(Merchant)
DEBUG: db.get(Merchant) finished: M2
DEBUG: executing select(MerchantMember) query
DEBUG: select(MerchantMember) query executed
DEBUG: MerchantMember role: owner
DEBUG: get_current_merchant returning success
DEBUG: get_current_merchant starting for user ba26c587-1341-4918-b028-c7cd08f1c586, merchant 943a1269-770e-4c01-8bf5-b74b714f07f5
DEBUG: calling db.get(Merchant)
DEBUG: db.get(Merchant) finished: M1
DEBUG: executing select(MerchantMember) query
DEBUG: select(MerchantMember) query executed
DEBUG: MerchantMember role: owner
DEBUG: get_current_merchant returning success
DEBUG: get_current_merchant starting for user abdcb389-218a-443e-aeec-0d1d42c3305a, merchant fcf105a2-8926-484d-9071-71b1c7b1894b
DEBUG: calling db.get(Merchant)
DEBUG: db.get(Merchant) finished: Filt
DEBUG: executing select(MerchantMember) query
DEBUG: select(MerchantMember) query executed
DEBUG: MerchantMember role: owner
DEBUG: get_current_merchant returning success
DEBUG: get_current_merchant starting for user abdcb389-218a-443e-aeec-0d1d42c3305a, merchant fcf105a2-8926-484d-9071-71b1c7b1894b
DEBUG: calling db.get(Merchant)
DEBUG: db.get(Merchant) finished: Filt
DEBUG: executing select(MerchantMember) query
DEBUG: select(MerchantMember) query executed
DEBUG: MerchantMember role: owner
DEBUG: get_current_merchant returning success
DEBUG: get_current_merchant starting for user abdcb389-218a-443e-aeec-0d1d42c3305a, merchant fcf105a2-8926-484d-9071-71b1c7b1894b
DEBUG: calling db.get(Merchant)
DEBUG: db.get(Merchant) finished: Filt
DEBUG: executing select(MerchantMember) query
DEBUG: select(MerchantMember) query executed
DEBUG: MerchantMember role: owner
DEBUG: get_current_merchant returning success
DEBUG: get_current_merchant starting for user abdcb389-218a-443e-aeec-0d1d42c3305a, merchant fcf105a2-8926-484d-9071-71b1c7b1894b
DEBUG: calling db.get(Merchant)
DEBUG: db.get(Merchant) finished: Filt
DEBUG: executing select(MerchantMember) query
DEBUG: select(MerchantMember) query executed
DEBUG: MerchantMember role: owner
DEBUG: get_current_merchant returning success
DEBUG: get_current_merchant starting for user abdcb389-218a-443e-aeec-0d1d42c3305a, merchant fcf105a2-8926-484d-9071-71b1c7b1894b
DEBUG: calling db.get(Merchant)
DEBUG: db.get(Merchant) finished: Filt
DEBUG: executing select(MerchantMember) query
DEBUG: select(MerchantMember) query executed
DEBUG: MerchantMember role: owner
DEBUG: get_current_merchant returning success
DEBUG: get_current_merchant starting for user f75f42bc-bdca-4f7e-8f33-cc1a25d26fe1, merchant 2ab21248-9370-4fcf-a0c8-dd29f403ac3e
DEBUG: calling db.get(Merchant)
DEBUG: db.get(Merchant) finished: Merchant Alpha
DEBUG: executing select(MerchantMember) query
DEBUG: select(MerchantMember) query executed
DEBUG: MerchantMember role: owner
DEBUG: get_current_merchant returning success
DEBUG: get_current_merchant starting for user f75f42bc-bdca-4f7e-8f33-cc1a25d26fe1, merchant 1bb19104-dcc2-424d-aacc-26133f843cab
DEBUG: calling db.get(Merchant)
DEBUG: db.get(Merchant) finished: Merchant Beta
DEBUG: executing select(MerchantMember) query
DEBUG: select(MerchantMember) query executed
DEBUG: MerchantMember role: owner
DEBUG: get_current_merchant returning success
DEBUG: get_current_merchant starting for user 36eedbbc-65a5-4c90-a6e1-383d7ac49663, merchant 070b744b-32f1-492d-aa0c-e494327485b4
DEBUG: calling db.get(Merchant)
DEBUG: db.get(Merchant) finished: Update Test
DEBUG: executing select(MerchantMember) query
DEBUG: select(MerchantMember) query executed
DEBUG: MerchantMember role: owner
DEBUG: get_current_merchant returning success
DEBUG: get_current_merchant starting for user 36eedbbc-65a5-4c90-a6e1-383d7ac49663, merchant 070b744b-32f1-492d-aa0c-e494327485b4
DEBUG: calling db.get(Merchant)
DEBUG: db.get(Merchant) finished: Update Test
DEBUG: executing select(MerchantMember) query
DEBUG: select(MerchantMember) query executed
DEBUG: MerchantMember role: owner
DEBUG: get_current_merchant returning success
DEBUG: get_current_merchant starting for user 55a019c4-10c2-4b2d-bd25-9dbb40b92755, merchant 83cf3f9b-ebdd-4fdb-b209-72d05c386410
DEBUG: calling db.get(Merchant)
DEBUG: db.get(Merchant) finished: Archive Test
DEBUG: executing select(MerchantMember) query
DEBUG: select(MerchantMember) query executed
DEBUG: MerchantMember role: owner
DEBUG: get_current_merchant returning success
DEBUG: get_current_merchant starting for user 55a019c4-10c2-4b2d-bd25-9dbb40b92755, merchant 83cf3f9b-ebdd-4fdb-b209-72d05c386410
DEBUG: calling db.get(Merchant)
DEBUG: db.get(Merchant) finished: Archive Test
DEBUG: executing select(MerchantMember) query
DEBUG: select(MerchantMember) query executed
DEBUG: MerchantMember role: owner
DEBUG: get_current_merchant returning success
DEBUG: get_current_merchant starting for user 55a019c4-10c2-4b2d-bd25-9dbb40b92755, merchant 83cf3f9b-ebdd-4fdb-b209-72d05c386410
DEBUG: calling db.get(Merchant)
DEBUG: db.get(Merchant) finished: Archive Test
DEBUG: executing select(MerchantMember) query
DEBUG: select(MerchantMember) query executed
DEBUG: MerchantMember role: owner
DEBUG: get_current_merchant returning success
DEBUG: get_current_merchant starting for user fcc559ba-1143-443d-bad8-287b25aa8e71, merchant ad0a997c-8586-4211-8355-9a2cad1106d2
DEBUG: calling db.get(Merchant)
DEBUG: db.get(Merchant) finished: Publish Test
DEBUG: executing select(MerchantMember) query
DEBUG: select(MerchantMember) query executed
DEBUG: MerchantMember role: owner
DEBUG: get_current_merchant returning success
DEBUG: get_current_merchant starting for user fcc559ba-1143-443d-bad8-287b25aa8e71, merchant ad0a997c-8586-4211-8355-9a2cad1106d2
DEBUG: calling db.get(Merchant)
DEBUG: db.get(Merchant) finished: Publish Test
DEBUG: executing select(MerchantMember) query
DEBUG: select(MerchantMember) query executed
DEBUG: MerchantMember role: owner
DEBUG: get_current_merchant returning success
DEBUG: get_current_merchant starting for user d5eebc3c-d454-4c43-99b5-446cd72e7a52, merchant 2ac8e0c2-e135-4307-b02d-a00214905a97
DEBUG: calling db.get(Merchant)
DEBUG: db.get(Merchant) finished: Archived Test
DEBUG: executing select(MerchantMember) query
DEBUG: select(MerchantMember) query executed
DEBUG: MerchantMember role: owner
DEBUG: get_current_merchant returning success
DEBUG: get_current_merchant starting for user d5eebc3c-d454-4c43-99b5-446cd72e7a52, merchant 2ac8e0c2-e135-4307-b02d-a00214905a97
DEBUG: calling db.get(Merchant)
DEBUG: db.get(Merchant) finished: Archived Test
DEBUG: executing select(MerchantMember) query
DEBUG: select(MerchantMember) query executed
DEBUG: MerchantMember role: owner
DEBUG: get_current_merchant returning success
DEBUG: get_current_merchant starting for user d5eebc3c-d454-4c43-99b5-446cd72e7a52, merchant 2ac8e0c2-e135-4307-b02d-a00214905a97
DEBUG: calling db.get(Merchant)
DEBUG: db.get(Merchant) finished: Archived Test
DEBUG: executing select(MerchantMember) query
DEBUG: select(MerchantMember) query executed
DEBUG: MerchantMember role: owner
DEBUG: get_current_merchant returning success
DEBUG: get_current_merchant starting for user eb52bafc-127b-4acc-a86b-8eca39a5a133, merchant b44fcea1-10ef-4b5f-adef-4a8d74e1cd7c
DEBUG: calling db.get(Merchant)
DEBUG: db.get(Merchant) finished: External Links
DEBUG: executing select(MerchantMember) query
DEBUG: select(MerchantMember) query executed
DEBUG: MerchantMember role: owner
DEBUG: get_current_merchant returning success
DEBUG: get_current_merchant starting for user eb52bafc-127b-4acc-a86b-8eca39a5a133, merchant b44fcea1-10ef-4b5f-adef-4a8d74e1cd7c
DEBUG: calling db.get(Merchant)
DEBUG: db.get(Merchant) finished: External Links
DEBUG: executing select(MerchantMember) query
DEBUG: select(MerchantMember) query executed
DEBUG: MerchantMember role: owner
DEBUG: get_current_merchant returning success
DEBUG: get_current_merchant starting for user eb52bafc-127b-4acc-a86b-8eca39a5a133, merchant b44fcea1-10ef-4b5f-adef-4a8d74e1cd7c
DEBUG: calling db.get(Merchant)
DEBUG: db.get(Merchant) finished: External Links
DEBUG: executing select(MerchantMember) query
DEBUG: select(MerchantMember) query executed
DEBUG: MerchantMember role: owner
DEBUG: get_current_merchant returning success
DEBUG: get_current_merchant starting for user 0d823ead-bede-4524-9c8a-b4c053188724, merchant d4233413-f823-4850-b8d5-f243cc8b9577
DEBUG: calling db.get(Merchant)
DEBUG: db.get(Merchant) finished: Update Links
DEBUG: executing select(MerchantMember) query
DEBUG: select(MerchantMember) query executed
DEBUG: MerchantMember role: owner
DEBUG: get_current_merchant returning success
DEBUG: get_current_merchant starting for user 0d823ead-bede-4524-9c8a-b4c053188724, merchant d4233413-f823-4850-b8d5-f243cc8b9577
DEBUG: calling db.get(Merchant)
DEBUG: db.get(Merchant) finished: Update Links
DEBUG: executing select(MerchantMember) query
DEBUG: select(MerchantMember) query executed
DEBUG: MerchantMember role: owner
DEBUG: get_current_merchant returning success
DEBUG: get_current_merchant starting for user 0d823ead-bede-4524-9c8a-b4c053188724, merchant d4233413-f823-4850-b8d5-f243cc8b9577
DEBUG: calling db.get(Merchant)
DEBUG: db.get(Merchant) finished: Update Links
DEBUG: executing select(MerchantMember) query
DEBUG: select(MerchantMember) query executed
DEBUG: MerchantMember role: owner
DEBUG: get_current_merchant returning success
DEBUG: get_current_merchant starting for user 0d595f55-0e2d-429b-8f26-f162f79c0c87, merchant 5a709e8b-3ff2-4147-a10e-98e6ad60957a
DEBUG: calling db.get(Merchant)
DEBUG: db.get(Merchant) finished: Delete Links
DEBUG: executing select(MerchantMember) query
DEBUG: select(MerchantMember) query executed
DEBUG: MerchantMember role: owner
DEBUG: get_current_merchant returning success
DEBUG: get_current_merchant starting for user 0d595f55-0e2d-429b-8f26-f162f79c0c87, merchant 5a709e8b-3ff2-4147-a10e-98e6ad60957a
DEBUG: calling db.get(Merchant)
DEBUG: db.get(Merchant) finished: Delete Links
DEBUG: executing select(MerchantMember) query
DEBUG: select(MerchantMember) query executed
DEBUG: MerchantMember role: owner
DEBUG: get_current_merchant returning success
DEBUG: get_current_merchant starting for user 0d595f55-0e2d-429b-8f26-f162f79c0c87, merchant 5a709e8b-3ff2-4147-a10e-98e6ad60957a
DEBUG: calling db.get(Merchant)
DEBUG: db.get(Merchant) finished: Delete Links
DEBUG: executing select(MerchantMember) query
DEBUG: select(MerchantMember) query executed
DEBUG: MerchantMember role: owner
DEBUG: get_current_merchant returning success
DEBUG: get_current_merchant starting for user 0d595f55-0e2d-429b-8f26-f162f79c0c87, merchant 5a709e8b-3ff2-4147-a10e-98e6ad60957a
DEBUG: calling db.get(Merchant)
DEBUG: db.get(Merchant) finished: Delete Links
DEBUG: executing select(MerchantMember) query
DEBUG: select(MerchantMember) query executed
DEBUG: MerchantMember role: owner
DEBUG: get_current_merchant returning success
DEBUG: get_current_merchant starting for user 25a323a3-2bec-43a7-8bfa-d4709a612788, merchant 0d456e4c-9a6e-4d35-8832-5eccb7bd52e9
DEBUG: calling db.get(Merchant)
DEBUG: db.get(Merchant) finished: Alpha Org
DEBUG: executing select(MerchantMember) query
DEBUG: select(MerchantMember) query executed
DEBUG: MerchantMember role: owner
DEBUG: get_current_merchant returning success
DEBUG: get_current_merchant starting for user 25a323a3-2bec-43a7-8bfa-d4709a612788, merchant e56efee4-3c99-47fb-80c0-62f10ef52cbb
DEBUG: calling db.get(Merchant)
DEBUG: db.get(Merchant) finished: Beta Org
DEBUG: executing select(MerchantMember) query
DEBUG: select(MerchantMember) query executed
DEBUG: MerchantMember role: owner
DEBUG: get_current_merchant returning success
DEBUG: get_current_merchant starting for user e0ba11e6-0e56-4b59-b8c1-dcd100c0c585, merchant d55e8175-b81e-43ad-ae24-bfd63081b6ec
DEBUG: calling db.get(Merchant)
DEBUG: db.get(Merchant) finished: No Onboard Co
DEBUG: executing select(MerchantMember) query
DEBUG: select(MerchantMember) query executed
DEBUG: MerchantMember role: owner
DEBUG: get_current_merchant returning success
DEBUG: get_current_merchant starting for user ecf45495-083a-4e9c-bc1b-23600ced7553, merchant 4c28cfe1-9fb8-4d96-8388-f8b6eff2e4f8
DEBUG: calling db.get(Merchant)
DEBUG: db.get(Merchant) finished: Foreign
DEBUG: executing select(MerchantMember) query
DEBUG: select(MerchantMember) query executed
DEBUG: MerchantMember role: None
DEBUG: get_current_merchant got exception: 403: not a member of this merchant
DEBUG: get_current_merchant starting for user e809b0de-04cd-4375-b709-ab7918b30590, merchant 00fc133e-313e-44b2-a1ed-83c0e774365d
DEBUG: calling db.get(Merchant)
DEBUG: db.get(Merchant) finished: Patch
DEBUG: executing select(MerchantMember) query
DEBUG: select(MerchantMember) query executed
DEBUG: MerchantMember role: staff
DEBUG: get_current_merchant returning success
DEBUG: get_current_merchant starting for user bd469b6e-8133-47e4-87c1-c83fa26edbf3, merchant 073be391-62fc-411f-ba77-8b88922aebb8
DEBUG: calling db.get(Merchant)
DEBUG: db.get(Merchant) finished: Team Test
DEBUG: executing select(MerchantMember) query
DEBUG: select(MerchantMember) query executed
DEBUG: MerchantMember role: owner
DEBUG: get_current_merchant returning success
DEBUG: get_current_merchant starting for user 00f49f37-eaa0-461f-b406-2bb43fd66725, merchant a3d8910b-d485-4f0a-bbdf-208bbdeb41e6
DEBUG: calling db.get(Merchant)
DEBUG: db.get(Merchant) finished: Inv Test
DEBUG: executing select(MerchantMember) query
DEBUG: select(MerchantMember) query executed
DEBUG: MerchantMember role: owner
DEBUG: get_current_merchant returning success
DEBUG: get_current_merchant starting for user e721f3f1-f847-46c8-91bd-ee6ca8ed6d43, merchant 8d417fa6-97bb-4441-8923-3929c6549102
DEBUG: calling db.get(Merchant)
DEBUG: db.get(Merchant) finished: Unk
DEBUG: executing select(MerchantMember) query
DEBUG: select(MerchantMember) query executed
DEBUG: MerchantMember role: owner
DEBUG: get_current_merchant returning success
DEBUG: get_current_merchant starting for user e16842ea-dae1-4778-808e-69b2f529a304, merchant b087951a-aaac-46b4-bc48-9e81cf1bfd5e
DEBUG: calling db.get(Merchant)
DEBUG: db.get(Merchant) finished: Role Test
DEBUG: executing select(MerchantMember) query
DEBUG: select(MerchantMember) query executed
DEBUG: MerchantMember role: owner
DEBUG: get_current_merchant returning success
DEBUG: get_current_merchant starting for user 7b1ed0e4-e314-48d0-a85c-71d14a8778e2, merchant b087951a-aaac-46b4-bc48-9e81cf1bfd5e
DEBUG: calling db.get(Merchant)
DEBUG: db.get(Merchant) finished: Role Test
DEBUG: executing select(MerchantMember) query
DEBUG: select(MerchantMember) query executed
DEBUG: MerchantMember role: admin
DEBUG: get_current_merchant returning success
DEBUG: get_current_merchant starting for user 7b1ed0e4-e314-48d0-a85c-71d14a8778e2, merchant b087951a-aaac-46b4-bc48-9e81cf1bfd5e
DEBUG: calling db.get(Merchant)
DEBUG: db.get(Merchant) finished: Role Test
DEBUG: executing select(MerchantMember) query
DEBUG: select(MerchantMember) query executed
DEBUG: MerchantMember role: admin
DEBUG: get_current_merchant returning success
DEBUG: get_current_merchant starting for user 44e51dc5-b40c-4955-99fe-b6a1fd722f1c, merchant eaec7117-9877-4d13-bfb8-dec02abdc396
DEBUG: calling db.get(Merchant)
DEBUG: db.get(Merchant) finished: Self
DEBUG: executing select(MerchantMember) query
DEBUG: select(MerchantMember) query executed
DEBUG: MerchantMember role: owner
DEBUG: get_current_merchant returning success
DEBUG: get_current_merchant starting for user 6aa334d8-64d8-40e0-b71a-e4ce07b397ca, merchant 66b0e4ae-8435-4410-98b4-239eb386f0c0
DEBUG: calling db.get(Merchant)
DEBUG: db.get(Merchant) finished: Wallet Read
DEBUG: executing select(MerchantMember) query
DEBUG: select(MerchantMember) query executed
DEBUG: MerchantMember role: owner
DEBUG: get_current_merchant returning success
DEBUG: get_current_merchant starting for user 19c8fa47-fd7b-46dc-8b7d-316fa68457d0, merchant dc70531a-2c7b-46a6-a94e-71c6dba563e7
DEBUG: calling db.get(Merchant)
DEBUG: db.get(Merchant) finished: Txn List
DEBUG: executing select(MerchantMember) query
DEBUG: select(MerchantMember) query executed
DEBUG: MerchantMember role: owner
DEBUG: get_current_merchant returning success
DEBUG: get_current_merchant starting for user d4f0e098-87b0-4afa-abe7-7c5458a29d1a, merchant 1e2444b2-34b1-4d76-a21d-815a36c1771a
DEBUG: calling db.get(Merchant)
DEBUG: db.get(Merchant) finished: Threshold Test
DEBUG: executing select(MerchantMember) query
DEBUG: select(MerchantMember) query executed
DEBUG: MerchantMember role: owner
DEBUG: get_current_merchant returning success
DEBUG: get_current_merchant starting for user 98c3d9a2-5a24-449e-9ee2-c749d734790f, merchant ce93413a-8719-4eae-9682-612958503082
DEBUG: calling db.get(Merchant)
DEBUG: db.get(Merchant) finished: Intent Test
DEBUG: executing select(MerchantMember) query
DEBUG: select(MerchantMember) query executed
DEBUG: MerchantMember role: owner
DEBUG: get_current_merchant returning success
DEBUG: get_current_merchant starting for user e2c87c7f-ae32-458c-8ac5-f7f7a458c2c0, merchant 53091178-c9c4-4136-9f5e-e1a823147bc4
DEBUG: calling db.get(Merchant)
DEBUG: db.get(Merchant) finished: Confirm Test
DEBUG: executing select(MerchantMember) query
DEBUG: select(MerchantMember) query executed
DEBUG: MerchantMember role: owner
DEBUG: get_current_merchant returning success
DEBUG: get_current_merchant starting for user bb2d5bf2-fec5-401f-a2c4-b95ea8d3ac2a, merchant 4820daf6-9f7d-4966-9822-32e2d3e248af
DEBUG: calling db.get(Merchant)
DEBUG: db.get(Merchant) finished: Idem Test
DEBUG: executing select(MerchantMember) query
DEBUG: select(MerchantMember) query executed
DEBUG: MerchantMember role: owner
DEBUG: get_current_merchant returning success
DEBUG: get_current_merchant starting for user bf920fe1-c67a-49b9-a339-ccaff18b4a13, merchant 0c30324b-8456-43f9-b5b0-87b0eb021dfa
DEBUG: calling db.get(Merchant)
DEBUG: db.get(Merchant) finished: Bad Sig
DEBUG: executing select(MerchantMember) query
DEBUG: select(MerchantMember) query executed
DEBUG: MerchantMember role: owner
DEBUG: get_current_merchant returning success
DEBUG: get_current_merchant starting for user 8a8cf360-2463-4361-a091-c03b73248ed3, merchant c95db331-1bc2-4f56-ab16-8d5b2fb44572
DEBUG: calling db.get(Merchant)
DEBUG: db.get(Merchant) finished: Publish Gate
DEBUG: executing select(MerchantMember) query
DEBUG: select(MerchantMember) query executed
DEBUG: MerchantMember role: owner
DEBUG: get_current_merchant returning success
DEBUG: get_current_merchant starting for user 8a8cf360-2463-4361-a091-c03b73248ed3, merchant c95db331-1bc2-4f56-ab16-8d5b2fb44572
DEBUG: calling db.get(Merchant)
DEBUG: db.get(Merchant) finished: Publish Gate
DEBUG: executing select(MerchantMember) query
DEBUG: select(MerchantMember) query executed
DEBUG: MerchantMember role: owner
DEBUG: get_current_merchant returning success
DEBUG: get_current_merchant starting for user 8a8cf360-2463-4361-a091-c03b73248ed3, merchant c95db331-1bc2-4f56-ab16-8d5b2fb44572
DEBUG: calling db.get(Merchant)
DEBUG: db.get(Merchant) finished: Publish Gate
DEBUG: executing select(MerchantMember) query
DEBUG: select(MerchantMember) query executed
DEBUG: MerchantMember role: owner
DEBUG: get_current_merchant returning success
DEBUG: get_current_merchant starting for user 20f83eef-9bb6-448d-a69e-7a7b9bf4f957, merchant 28d95cad-a38c-4b1d-9654-f6df5fe49e69
DEBUG: calling db.get(Merchant)
DEBUG: get_current_merchant starting for user 20f83eef-9bb6-448d-a69e-7a7b9bf4f957, merchant 28d95cad-a38c-4b1d-9654-f6df5fe49e69
DEBUG: calling db.get(Merchant)
DEBUG: get_current_merchant starting for user 20f83eef-9bb6-448d-a69e-7a7b9bf4f957, merchant 28d95cad-a38c-4b1d-9654-f6df5fe49e69
DEBUG: calling db.get(Merchant)
DEBUG: get_current_merchant starting for user 20f83eef-9bb6-448d-a69e-7a7b9bf4f957, merchant 28d95cad-a38c-4b1d-9654-f6df5fe49e69
DEBUG: calling db.get(Merchant)
DEBUG: get_current_merchant starting for user 20f83eef-9bb6-448d-a69e-7a7b9bf4f957, merchant 28d95cad-a38c-4b1d-9654-f6df5fe49e69
DEBUG: calling db.get(Merchant)
DEBUG: get_current_merchant starting for user 20f83eef-9bb6-448d-a69e-7a7b9bf4f957, merchant 28d95cad-a38c-4b1d-9654-f6df5fe49e69
DEBUG: calling db.get(Merchant)
DEBUG: db.get(Merchant) finished: ixona
DEBUG: executing select(MerchantMember) query
DEBUG: db.get(Merchant) finished: ixona
DEBUG: executing select(MerchantMember) query
DEBUG: db.get(Merchant) finished: ixona
DEBUG: executing select(MerchantMember) query
DEBUG: db.get(Merchant) finished: ixona
DEBUG: executing select(MerchantMember) query
DEBUG: db.get(Merchant) finished: ixona
DEBUG: executing select(MerchantMember) query
DEBUG: db.get(Merchant) finished: ixona
DEBUG: executing select(MerchantMember) query
DEBUG: select(MerchantMember) query executed
DEBUG: MerchantMember role: owner
DEBUG: get_current_merchant returning success
DEBUG: select(MerchantMember) query executed
DEBUG: MerchantMember role: owner
DEBUG: get_current_merchant returning success
DEBUG: select(MerchantMember) query executed
DEBUG: MerchantMember role: owner
DEBUG: get_current_merchant returning success
DEBUG: get_current_merchant starting for user 20f83eef-9bb6-448d-a69e-7a7b9bf4f957, merchant 28d95cad-a38c-4b1d-9654-f6df5fe49e69
DEBUG: calling db.get(Merchant)
DEBUG: select(MerchantMember) query executed
DEBUG: MerchantMember role: owner
DEBUG: get_current_merchant returning success
DEBUG: get_current_merchant starting for user 20f83eef-9bb6-448d-a69e-7a7b9bf4f957, merchant 28d95cad-a38c-4b1d-9654-f6df5fe49e69
DEBUG: calling db.get(Merchant)
DEBUG: select(MerchantMember) query executed
DEBUG: MerchantMember role: owner
DEBUG: get_current_merchant returning success
DEBUG: get_current_merchant starting for user 20f83eef-9bb6-448d-a69e-7a7b9bf4f957, merchant 28d95cad-a38c-4b1d-9654-f6df5fe49e69
DEBUG: calling db.get(Merchant)
DEBUG: select(MerchantMember) query executed
DEBUG: MerchantMember role: owner
DEBUG: get_current_merchant returning success
DEBUG: db.get(Merchant) finished: ixona
DEBUG: executing select(MerchantMember) query
DEBUG: db.get(Merchant) finished: ixona
DEBUG: executing select(MerchantMember) query
DEBUG: db.get(Merchant) finished: ixona
DEBUG: executing select(MerchantMember) query
DEBUG: select(MerchantMember) query executed
DEBUG: MerchantMember role: owner
DEBUG: get_current_merchant returning success
DEBUG: select(MerchantMember) query executed
DEBUG: MerchantMember role: owner
DEBUG: get_current_merchant returning success
DEBUG: select(MerchantMember) query executed
DEBUG: MerchantMember role: owner
DEBUG: get_current_merchant returning success
DEBUG: get_current_merchant starting for user 20f83eef-9bb6-448d-a69e-7a7b9bf4f957, merchant 28d95cad-a38c-4b1d-9654-f6df5fe49e69
DEBUG: calling db.get(Merchant)
DEBUG: get_current_merchant starting for user 20f83eef-9bb6-448d-a69e-7a7b9bf4f957, merchant 28d95cad-a38c-4b1d-9654-f6df5fe49e69
DEBUG: calling db.get(Merchant)
DEBUG: db.get(Merchant) finished: ixona
DEBUG: executing select(MerchantMember) query
DEBUG: db.get(Merchant) finished: ixona
DEBUG: executing select(MerchantMember) query
DEBUG: select(MerchantMember) query executed
DEBUG: MerchantMember role: owner
DEBUG: get_current_merchant returning success
DEBUG: select(MerchantMember) query executed
DEBUG: MerchantMember role: owner
DEBUG: get_current_merchant returning success
DEBUG: get_current_merchant starting for user 20f83eef-9bb6-448d-a69e-7a7b9bf4f957, merchant 28d95cad-a38c-4b1d-9654-f6df5fe49e69
DEBUG: calling db.get(Merchant)
DEBUG: db.get(Merchant) finished: ixona
DEBUG: executing select(MerchantMember) query
DEBUG: select(MerchantMember) query executed
DEBUG: MerchantMember role: owner
DEBUG: get_current_merchant returning success
DEBUG: get_current_merchant starting for user 20f83eef-9bb6-448d-a69e-7a7b9bf4f957, merchant 28d95cad-a38c-4b1d-9654-f6df5fe49e69
DEBUG: calling db.get(Merchant)
DEBUG: db.get(Merchant) finished: ixona
DEBUG: executing select(MerchantMember) query
DEBUG: select(MerchantMember) query executed
DEBUG: MerchantMember role: owner
DEBUG: get_current_merchant returning success
DEBUG: get_current_merchant starting for user 20f83eef-9bb6-448d-a69e-7a7b9bf4f957, merchant 28d95cad-a38c-4b1d-9654-f6df5fe49e69
DEBUG: calling db.get(Merchant)
DEBUG: db.get(Merchant) finished: ixona
DEBUG: executing select(MerchantMember) query
DEBUG: select(MerchantMember) query executed
DEBUG: MerchantMember role: owner
DEBUG: get_current_merchant returning success
DEBUG: get_current_merchant starting for user 20f83eef-9bb6-448d-a69e-7a7b9bf4f957, merchant 28d95cad-a38c-4b1d-9654-f6df5fe49e69
DEBUG: calling db.get(Merchant)
DEBUG: db.get(Merchant) finished: ixona
DEBUG: executing select(MerchantMember) query
DEBUG: select(MerchantMember) query executed
DEBUG: MerchantMember role: owner
DEBUG: get_current_merchant returning success
DEBUG: get_current_merchant starting for user a0cd5614-3d2e-4021-b261-377fe4b9d393, merchant cfaae461-c6f8-4dff-b039-27b7ef762cbf
DEBUG: calling db.get(Merchant)
DEBUG: db.get(Merchant) finished: Analytics Co
DEBUG: executing select(MerchantMember) query
DEBUG: select(MerchantMember) query executed
DEBUG: MerchantMember role: owner
DEBUG: get_current_merchant returning success
DEBUG: get_current_merchant starting for user 3b74f02b-9362-4a18-9959-d182329d9d76, merchant caae831b-b03c-49a8-ad28-4d4116ba3e8b
DEBUG: calling db.get(Merchant)
DEBUG: db.get(Merchant) finished: Analytics Co
DEBUG: executing select(MerchantMember) query
DEBUG: select(MerchantMember) query executed
DEBUG: MerchantMember role: owner
DEBUG: get_current_merchant returning success
DEBUG: get_current_merchant starting for user f272ce5d-7707-4522-bf22-d492628bbcca, merchant a302cca8-0028-4660-bba5-9383dc17d8f0
DEBUG: calling db.get(Merchant)
DEBUG: db.get(Merchant) finished: Analytics Co
DEBUG: executing select(MerchantMember) query
DEBUG: select(MerchantMember) query executed
DEBUG: MerchantMember role: owner
DEBUG: get_current_merchant returning success
DEBUG: get_current_merchant starting for user 873cb015-edb5-4558-bbf3-c56435e88cd7, merchant 988a9080-de9a-4c01-9e38-5d50ea2b1870
DEBUG: calling db.get(Merchant)
DEBUG: db.get(Merchant) finished: Diag
DEBUG: executing select(MerchantMember) query
DEBUG: select(MerchantMember) query executed
DEBUG: MerchantMember role: owner
DEBUG: get_current_merchant returning success
DEBUG: get_current_merchant starting for user 44d9d876-b4e4-4fff-acb0-8be42b837730, merchant 00e291c3-8279-46d8-a66b-1f90ab7f719c
DEBUG: calling db.get(Merchant)
DEBUG: db.get(Merchant) finished: Ctx
DEBUG: executing select(MerchantMember) query
DEBUG: select(MerchantMember) query executed
DEBUG: MerchantMember role: owner
DEBUG: get_current_merchant returning success
DEBUG: get_current_merchant starting for user 81d38b47-1637-4e53-8cb6-15ebd8c29aec, merchant 51ec5bd9-223a-476d-b9d4-bbf0f4aec8b4
DEBUG: calling db.get(Merchant)
DEBUG: db.get(Merchant) finished: Other
DEBUG: executing select(MerchantMember) query
DEBUG: select(MerchantMember) query executed
DEBUG: MerchantMember role: None
DEBUG: get_current_merchant got exception: 403: not a member of this merchant
DEBUG: get_current_merchant starting for user a335b622-a425-498f-9e07-7f795ef55edc, merchant 06bee67c-5d88-402a-920d-8b1920b332b2
DEBUG: calling db.get(Merchant)
DEBUG: db.get(Merchant) finished: None
DEBUG: get_current_merchant got exception: 404: merchant not found
DEBUG: get_current_merchant starting for user b11a024a-b9b8-4954-b533-ae82263326e9, merchant 00bc931c-6310-4344-b02b-633d56b1eaff
DEBUG: calling db.get(Merchant)
DEBUG: db.get(Merchant) finished: Prod Test
DEBUG: executing select(MerchantMember) query
DEBUG: select(MerchantMember) query executed
DEBUG: MerchantMember role: owner
DEBUG: get_current_merchant returning success
DEBUG: get_current_merchant starting for user f09e1532-724b-4634-978a-d43db85541a2, merchant 9a5d3c77-7d32-4824-9ab2-0a06c339849a
DEBUG: calling db.get(Merchant)
DEBUG: db.get(Merchant) finished: Dup
DEBUG: executing select(MerchantMember) query
DEBUG: select(MerchantMember) query executed
DEBUG: MerchantMember role: owner
DEBUG: get_current_merchant returning success
DEBUG: get_current_merchant starting for user f09e1532-724b-4634-978a-d43db85541a2, merchant 9a5d3c77-7d32-4824-9ab2-0a06c339849a
DEBUG: calling db.get(Merchant)
DEBUG: db.get(Merchant) finished: Dup
DEBUG: executing select(MerchantMember) query
DEBUG: select(MerchantMember) query executed
DEBUG: MerchantMember role: owner
DEBUG: get_current_merchant returning success
DEBUG: get_current_merchant starting for user cf382a5f-54d5-4e41-972d-730a81af7614, merchant 667c22c3-0a7d-4d13-b633-6f5fc9226ec5
DEBUG: calling db.get(Merchant)
DEBUG: db.get(Merchant) finished: M1
DEBUG: executing select(MerchantMember) query
DEBUG: select(MerchantMember) query executed
DEBUG: MerchantMember role: owner
DEBUG: get_current_merchant returning success
DEBUG: get_current_merchant starting for user cf382a5f-54d5-4e41-972d-730a81af7614, merchant 667c22c3-0a7d-4d13-b633-6f5fc9226ec5
DEBUG: calling db.get(Merchant)
DEBUG: db.get(Merchant) finished: M1
DEBUG: executing select(MerchantMember) query
DEBUG: select(MerchantMember) query executed
DEBUG: MerchantMember role: owner
DEBUG: get_current_merchant returning success
DEBUG: get_current_merchant starting for user cf382a5f-54d5-4e41-972d-730a81af7614, merchant 730df378-c8b9-4dfc-8a70-dcb5093bafce
DEBUG: calling db.get(Merchant)
DEBUG: db.get(Merchant) finished: M2
DEBUG: executing select(MerchantMember) query
DEBUG: select(MerchantMember) query executed
DEBUG: MerchantMember role: owner
DEBUG: get_current_merchant returning success
DEBUG: get_current_merchant starting for user cf382a5f-54d5-4e41-972d-730a81af7614, merchant 730df378-c8b9-4dfc-8a70-dcb5093bafce
DEBUG: calling db.get(Merchant)
DEBUG: db.get(Merchant) finished: M2
DEBUG: executing select(MerchantMember) query
DEBUG: select(MerchantMember) query executed
DEBUG: MerchantMember role: owner
DEBUG: get_current_merchant returning success
DEBUG: get_current_merchant starting for user cf382a5f-54d5-4e41-972d-730a81af7614, merchant 730df378-c8b9-4dfc-8a70-dcb5093bafce
DEBUG: calling db.get(Merchant)
DEBUG: db.get(Merchant) finished: M2
DEBUG: executing select(MerchantMember) query
DEBUG: select(MerchantMember) query executed
DEBUG: MerchantMember role: owner
DEBUG: get_current_merchant returning success
DEBUG: get_current_merchant starting for user cf382a5f-54d5-4e41-972d-730a81af7614, merchant 667c22c3-0a7d-4d13-b633-6f5fc9226ec5
DEBUG: calling db.get(Merchant)
DEBUG: db.get(Merchant) finished: M1
DEBUG: executing select(MerchantMember) query
DEBUG: select(MerchantMember) query executed
DEBUG: MerchantMember role: owner
DEBUG: get_current_merchant returning success
DEBUG: get_current_merchant starting for user 9e3a8d7d-0652-4de5-9a73-aec83d96a588, merchant 2b5ce53a-23b1-4cfc-8538-8ab12b80b34e
DEBUG: calling db.get(Merchant)
DEBUG: db.get(Merchant) finished: Filt
DEBUG: executing select(MerchantMember) query
DEBUG: select(MerchantMember) query executed
DEBUG: MerchantMember role: owner
DEBUG: get_current_merchant returning success
DEBUG: get_current_merchant starting for user 9e3a8d7d-0652-4de5-9a73-aec83d96a588, merchant 2b5ce53a-23b1-4cfc-8538-8ab12b80b34e
DEBUG: calling db.get(Merchant)
DEBUG: db.get(Merchant) finished: Filt
DEBUG: executing select(MerchantMember) query
DEBUG: select(MerchantMember) query executed
DEBUG: MerchantMember role: owner
DEBUG: get_current_merchant returning success
DEBUG: get_current_merchant starting for user 9e3a8d7d-0652-4de5-9a73-aec83d96a588, merchant 2b5ce53a-23b1-4cfc-8538-8ab12b80b34e
DEBUG: calling db.get(Merchant)
DEBUG: db.get(Merchant) finished: Filt
DEBUG: executing select(MerchantMember) query
DEBUG: select(MerchantMember) query executed
DEBUG: MerchantMember role: owner
DEBUG: get_current_merchant returning success
DEBUG: get_current_merchant starting for user 9e3a8d7d-0652-4de5-9a73-aec83d96a588, merchant 2b5ce53a-23b1-4cfc-8538-8ab12b80b34e
DEBUG: calling db.get(Merchant)
DEBUG: db.get(Merchant) finished: Filt
DEBUG: executing select(MerchantMember) query
DEBUG: select(MerchantMember) query executed
DEBUG: MerchantMember role: owner
DEBUG: get_current_merchant returning success
DEBUG: get_current_merchant starting for user 9e3a8d7d-0652-4de5-9a73-aec83d96a588, merchant 2b5ce53a-23b1-4cfc-8538-8ab12b80b34e
DEBUG: calling db.get(Merchant)
DEBUG: db.get(Merchant) finished: Filt
DEBUG: executing select(MerchantMember) query
DEBUG: select(MerchantMember) query executed
DEBUG: MerchantMember role: owner
DEBUG: get_current_merchant returning success
DEBUG: get_current_merchant starting for user e7a9654e-3cb3-4a15-b4f1-be613e8d50eb, merchant 480eab02-2ead-46fa-a36f-c3d3e71573ae
DEBUG: calling db.get(Merchant)
DEBUG: db.get(Merchant) finished: Merchant Alpha
DEBUG: executing select(MerchantMember) query
DEBUG: select(MerchantMember) query executed
DEBUG: MerchantMember role: owner
DEBUG: get_current_merchant returning success
DEBUG: get_current_merchant starting for user e7a9654e-3cb3-4a15-b4f1-be613e8d50eb, merchant 9f6dfdf9-1733-4e82-a9f4-9cc2d58ec4d2
DEBUG: calling db.get(Merchant)
DEBUG: db.get(Merchant) finished: Merchant Beta
DEBUG: executing select(MerchantMember) query
DEBUG: select(MerchantMember) query executed
DEBUG: MerchantMember role: owner
DEBUG: get_current_merchant returning success
DEBUG: get_current_merchant starting for user a54e9591-54ae-4696-ab0b-38e955b0335a, merchant c5fc349e-3c69-4589-b0bc-cc96d35e8d5c
DEBUG: calling db.get(Merchant)
DEBUG: db.get(Merchant) finished: Update Test
DEBUG: executing select(MerchantMember) query
DEBUG: select(MerchantMember) query executed
DEBUG: MerchantMember role: owner
DEBUG: get_current_merchant returning success
DEBUG: get_current_merchant starting for user a54e9591-54ae-4696-ab0b-38e955b0335a, merchant c5fc349e-3c69-4589-b0bc-cc96d35e8d5c
DEBUG: calling db.get(Merchant)
DEBUG: db.get(Merchant) finished: Update Test
DEBUG: executing select(MerchantMember) query
DEBUG: select(MerchantMember) query executed
DEBUG: MerchantMember role: owner
DEBUG: get_current_merchant returning success
DEBUG: get_current_merchant starting for user 925f93af-4340-435a-900a-b380003f977d, merchant 993439dd-51d0-4aa9-a1b1-2222b4d2fb42
DEBUG: calling db.get(Merchant)
DEBUG: db.get(Merchant) finished: Archive Test
DEBUG: executing select(MerchantMember) query
DEBUG: select(MerchantMember) query executed
DEBUG: MerchantMember role: owner
DEBUG: get_current_merchant returning success
DEBUG: get_current_merchant starting for user 925f93af-4340-435a-900a-b380003f977d, merchant 993439dd-51d0-4aa9-a1b1-2222b4d2fb42
DEBUG: calling db.get(Merchant)
DEBUG: db.get(Merchant) finished: Archive Test
DEBUG: executing select(MerchantMember) query
DEBUG: select(MerchantMember) query executed
DEBUG: MerchantMember role: owner
DEBUG: get_current_merchant returning success
DEBUG: get_current_merchant starting for user 925f93af-4340-435a-900a-b380003f977d, merchant 993439dd-51d0-4aa9-a1b1-2222b4d2fb42
DEBUG: calling db.get(Merchant)
DEBUG: db.get(Merchant) finished: Archive Test
DEBUG: executing select(MerchantMember) query
DEBUG: select(MerchantMember) query executed
DEBUG: MerchantMember role: owner
DEBUG: get_current_merchant returning success
DEBUG: get_current_merchant starting for user bc352e96-1b81-40eb-ae28-4c080503bf8f, merchant 9720257f-b667-49b8-a32d-e2421eaca0aa
DEBUG: calling db.get(Merchant)
DEBUG: db.get(Merchant) finished: Publish Test
DEBUG: executing select(MerchantMember) query
DEBUG: select(MerchantMember) query executed
DEBUG: MerchantMember role: owner
DEBUG: get_current_merchant returning success
DEBUG: get_current_merchant starting for user bc352e96-1b81-40eb-ae28-4c080503bf8f, merchant 9720257f-b667-49b8-a32d-e2421eaca0aa
DEBUG: calling db.get(Merchant)
DEBUG: db.get(Merchant) finished: Publish Test
DEBUG: executing select(MerchantMember) query
DEBUG: select(MerchantMember) query executed
DEBUG: MerchantMember role: owner
DEBUG: get_current_merchant returning success
DEBUG: get_current_merchant starting for user 0ad4311e-ce0d-42ec-9bc4-629de522fd50, merchant 9e2bc35d-55d9-45fa-a6e6-0a1be29e2fc9
DEBUG: calling db.get(Merchant)
DEBUG: db.get(Merchant) finished: Archived Test
DEBUG: executing select(MerchantMember) query
DEBUG: select(MerchantMember) query executed
DEBUG: MerchantMember role: owner
DEBUG: get_current_merchant returning success
DEBUG: get_current_merchant starting for user 0ad4311e-ce0d-42ec-9bc4-629de522fd50, merchant 9e2bc35d-55d9-45fa-a6e6-0a1be29e2fc9
DEBUG: calling db.get(Merchant)
DEBUG: db.get(Merchant) finished: Archived Test
DEBUG: executing select(MerchantMember) query
DEBUG: select(MerchantMember) query executed
DEBUG: MerchantMember role: owner
DEBUG: get_current_merchant returning success
DEBUG: get_current_merchant starting for user 0ad4311e-ce0d-42ec-9bc4-629de522fd50, merchant 9e2bc35d-55d9-45fa-a6e6-0a1be29e2fc9
DEBUG: calling db.get(Merchant)
DEBUG: db.get(Merchant) finished: Archived Test
DEBUG: executing select(MerchantMember) query
DEBUG: select(MerchantMember) query executed
DEBUG: MerchantMember role: owner
DEBUG: get_current_merchant returning success
DEBUG: get_current_merchant starting for user e405edbb-2e84-4e37-8196-0fb17bbdfe97, merchant 489e3724-9e34-4594-8cd1-ea37d76af2fa
DEBUG: calling db.get(Merchant)
DEBUG: db.get(Merchant) finished: External Links
DEBUG: executing select(MerchantMember) query
DEBUG: select(MerchantMember) query executed
DEBUG: MerchantMember role: owner
DEBUG: get_current_merchant returning success
DEBUG: get_current_merchant starting for user e405edbb-2e84-4e37-8196-0fb17bbdfe97, merchant 489e3724-9e34-4594-8cd1-ea37d76af2fa
DEBUG: calling db.get(Merchant)
DEBUG: db.get(Merchant) finished: External Links
DEBUG: executing select(MerchantMember) query
DEBUG: select(MerchantMember) query executed
DEBUG: MerchantMember role: owner
DEBUG: get_current_merchant returning success
DEBUG: get_current_merchant starting for user e405edbb-2e84-4e37-8196-0fb17bbdfe97, merchant 489e3724-9e34-4594-8cd1-ea37d76af2fa
DEBUG: calling db.get(Merchant)
DEBUG: db.get(Merchant) finished: External Links
DEBUG: executing select(MerchantMember) query
DEBUG: select(MerchantMember) query executed
DEBUG: MerchantMember role: owner
DEBUG: get_current_merchant returning success
DEBUG: get_current_merchant starting for user 99570cf5-5963-4631-a8e2-4de852d81fdf, merchant 8384f848-aee1-41e8-b862-8bff3fb8bc5e
DEBUG: calling db.get(Merchant)
DEBUG: db.get(Merchant) finished: Update Links
DEBUG: executing select(MerchantMember) query
DEBUG: select(MerchantMember) query executed
DEBUG: MerchantMember role: owner
DEBUG: get_current_merchant returning success
DEBUG: get_current_merchant starting for user 99570cf5-5963-4631-a8e2-4de852d81fdf, merchant 8384f848-aee1-41e8-b862-8bff3fb8bc5e
DEBUG: calling db.get(Merchant)
DEBUG: db.get(Merchant) finished: Update Links
DEBUG: executing select(MerchantMember) query
DEBUG: select(MerchantMember) query executed
DEBUG: MerchantMember role: owner
DEBUG: get_current_merchant returning success
DEBUG: get_current_merchant starting for user 99570cf5-5963-4631-a8e2-4de852d81fdf, merchant 8384f848-aee1-41e8-b862-8bff3fb8bc5e
DEBUG: calling db.get(Merchant)
DEBUG: db.get(Merchant) finished: Update Links
DEBUG: executing select(MerchantMember) query
DEBUG: select(MerchantMember) query executed
DEBUG: MerchantMember role: owner
DEBUG: get_current_merchant returning success
DEBUG: get_current_merchant starting for user 69318cbd-9bb0-4b21-906e-b8754ede66ad, merchant ec942121-49b5-400a-b37c-60ee6ee9fc54
DEBUG: calling db.get(Merchant)
DEBUG: db.get(Merchant) finished: Delete Links
DEBUG: executing select(MerchantMember) query
DEBUG: select(MerchantMember) query executed
DEBUG: MerchantMember role: owner
DEBUG: get_current_merchant returning success
DEBUG: get_current_merchant starting for user 69318cbd-9bb0-4b21-906e-b8754ede66ad, merchant ec942121-49b5-400a-b37c-60ee6ee9fc54
DEBUG: calling db.get(Merchant)
DEBUG: db.get(Merchant) finished: Delete Links
DEBUG: executing select(MerchantMember) query
DEBUG: select(MerchantMember) query executed
DEBUG: MerchantMember role: owner
DEBUG: get_current_merchant returning success
DEBUG: get_current_merchant starting for user 69318cbd-9bb0-4b21-906e-b8754ede66ad, merchant ec942121-49b5-400a-b37c-60ee6ee9fc54
DEBUG: calling db.get(Merchant)
DEBUG: db.get(Merchant) finished: Delete Links
DEBUG: executing select(MerchantMember) query
DEBUG: select(MerchantMember) query executed
DEBUG: MerchantMember role: owner
DEBUG: get_current_merchant returning success
DEBUG: get_current_merchant starting for user 69318cbd-9bb0-4b21-906e-b8754ede66ad, merchant ec942121-49b5-400a-b37c-60ee6ee9fc54
DEBUG: calling db.get(Merchant)
DEBUG: db.get(Merchant) finished: Delete Links
DEBUG: executing select(MerchantMember) query
DEBUG: select(MerchantMember) query executed
DEBUG: MerchantMember role: owner
DEBUG: get_current_merchant returning success
DEBUG: get_current_merchant starting for user 69a23097-7c9d-4402-a739-959370284be5, merchant 2db85aed-627f-4398-80da-089497357c0f
DEBUG: calling db.get(Merchant)
DEBUG: db.get(Merchant) finished: Alpha Org
DEBUG: executing select(MerchantMember) query
DEBUG: select(MerchantMember) query executed
DEBUG: MerchantMember role: owner
DEBUG: get_current_merchant returning success
DEBUG: get_current_merchant starting for user 69a23097-7c9d-4402-a739-959370284be5, merchant 52f17635-bdff-4b19-9809-694bdc53b2d2
DEBUG: calling db.get(Merchant)
DEBUG: db.get(Merchant) finished: Beta Org
DEBUG: executing select(MerchantMember) query
DEBUG: select(MerchantMember) query executed
DEBUG: MerchantMember role: owner
DEBUG: get_current_merchant returning success
DEBUG: get_current_merchant starting for user a9659166-b19b-4787-a444-f61d99c7b3a0, merchant a3b44d26-479d-4ec1-8c48-c4fb5b5df696
DEBUG: calling db.get(Merchant)
DEBUG: db.get(Merchant) finished: No Onboard Co
DEBUG: executing select(MerchantMember) query
DEBUG: select(MerchantMember) query executed
DEBUG: MerchantMember role: owner
DEBUG: get_current_merchant returning success
DEBUG: get_current_merchant starting for user a098b7f3-9cab-43c8-a3f9-9622b45ddc8e, merchant 08688820-1323-462f-947d-0d54d6ba523b
DEBUG: calling db.get(Merchant)
DEBUG: db.get(Merchant) finished: Foreign
DEBUG: executing select(MerchantMember) query
DEBUG: select(MerchantMember) query executed
DEBUG: MerchantMember role: None
DEBUG: get_current_merchant got exception: 403: not a member of this merchant
DEBUG: get_current_merchant starting for user eba4bbed-2145-4a07-8bb1-e4a4ebdb0fb9, merchant 5e5b38d7-9b40-44cc-84de-f4a1c253d4cd
DEBUG: calling db.get(Merchant)
DEBUG: db.get(Merchant) finished: Patch
DEBUG: executing select(MerchantMember) query
DEBUG: select(MerchantMember) query executed
DEBUG: MerchantMember role: staff
DEBUG: get_current_merchant returning success
DEBUG: get_current_merchant starting for user 8e1a432a-9156-4137-9384-f8308f958bf8, merchant ac50d304-0b5d-42ae-a929-21ecc8a15784
DEBUG: calling db.get(Merchant)
DEBUG: db.get(Merchant) finished: Team Test
DEBUG: executing select(MerchantMember) query
DEBUG: select(MerchantMember) query executed
DEBUG: MerchantMember role: owner
DEBUG: get_current_merchant returning success
DEBUG: get_current_merchant starting for user 5b063a81-ba8c-40e4-b028-01562b64c04b, merchant 843a6fb4-dd33-4308-9f7b-7263f8bafa4e
DEBUG: calling db.get(Merchant)
DEBUG: db.get(Merchant) finished: Inv Test
DEBUG: executing select(MerchantMember) query
DEBUG: select(MerchantMember) query executed
DEBUG: MerchantMember role: owner
DEBUG: get_current_merchant returning success
DEBUG: get_current_merchant starting for user 24ba8dc1-694c-4f19-b550-fa139ff45c24, merchant 135b7ed0-1af8-4fa2-84d3-e513793b324f
DEBUG: calling db.get(Merchant)
DEBUG: db.get(Merchant) finished: Unk
DEBUG: executing select(MerchantMember) query
DEBUG: select(MerchantMember) query executed
DEBUG: MerchantMember role: owner
DEBUG: get_current_merchant returning success
DEBUG: get_current_merchant starting for user a8d9c6c4-6c59-4417-a5c9-abd5592f5c1e, merchant 2cbd5f49-d0ef-435e-a3db-24c84fcbfc6a
DEBUG: calling db.get(Merchant)
DEBUG: db.get(Merchant) finished: Role Test
DEBUG: executing select(MerchantMember) query
DEBUG: select(MerchantMember) query executed
DEBUG: MerchantMember role: owner
DEBUG: get_current_merchant returning success
DEBUG: get_current_merchant starting for user 05f5bf61-b1a2-4c81-bfee-006ef0de812d, merchant 2cbd5f49-d0ef-435e-a3db-24c84fcbfc6a
DEBUG: calling db.get(Merchant)
DEBUG: db.get(Merchant) finished: Role Test
DEBUG: executing select(MerchantMember) query
DEBUG: select(MerchantMember) query executed
DEBUG: MerchantMember role: admin
DEBUG: get_current_merchant returning success
DEBUG: get_current_merchant starting for user 05f5bf61-b1a2-4c81-bfee-006ef0de812d, merchant 2cbd5f49-d0ef-435e-a3db-24c84fcbfc6a
DEBUG: calling db.get(Merchant)
DEBUG: db.get(Merchant) finished: Role Test
DEBUG: executing select(MerchantMember) query
DEBUG: select(MerchantMember) query executed
DEBUG: MerchantMember role: admin
DEBUG: get_current_merchant returning success
DEBUG: get_current_merchant starting for user ecf9cc29-052e-4692-b12a-7c878a65edec, merchant 60a7dac3-6e91-49e4-be58-6e78c5a54dd5
DEBUG: calling db.get(Merchant)
DEBUG: db.get(Merchant) finished: Self
DEBUG: executing select(MerchantMember) query
DEBUG: select(MerchantMember) query executed
DEBUG: MerchantMember role: owner
DEBUG: get_current_merchant returning success
DEBUG: get_current_merchant starting for user 9359ef34-6efc-4ce0-83e5-9773c16c2c9e, merchant c114a5cb-51cd-418d-8ca0-51161276b0ff
DEBUG: calling db.get(Merchant)
DEBUG: db.get(Merchant) finished: Wallet Read
DEBUG: executing select(MerchantMember) query
DEBUG: select(MerchantMember) query executed
DEBUG: MerchantMember role: owner
DEBUG: get_current_merchant returning success
DEBUG: get_current_merchant starting for user 5ae8a457-3dba-42bd-9417-0b71ca0fdea6, merchant f4d2f696-c847-4186-b9b9-9a23b8251bb7
DEBUG: calling db.get(Merchant)
DEBUG: db.get(Merchant) finished: Txn List
DEBUG: executing select(MerchantMember) query
DEBUG: select(MerchantMember) query executed
DEBUG: MerchantMember role: owner
DEBUG: get_current_merchant returning success
DEBUG: get_current_merchant starting for user eff021ce-16d3-46d7-8d73-55b9f0b7550e, merchant 1cdcfe11-e6e7-415f-8f2d-0dc136bcf4d9
DEBUG: calling db.get(Merchant)
DEBUG: db.get(Merchant) finished: Threshold Test
DEBUG: executing select(MerchantMember) query
DEBUG: select(MerchantMember) query executed
DEBUG: MerchantMember role: owner
DEBUG: get_current_merchant returning success
DEBUG: get_current_merchant starting for user 90d22fc7-17c8-4184-a36e-2aec35c453e8, merchant d0ff7d22-1a0b-45ad-b898-ae4a92ac1ffe
DEBUG: calling db.get(Merchant)
DEBUG: db.get(Merchant) finished: Intent Test
DEBUG: executing select(MerchantMember) query
DEBUG: select(MerchantMember) query executed
DEBUG: MerchantMember role: owner
DEBUG: get_current_merchant returning success
DEBUG: get_current_merchant starting for user ed7d4794-eca9-4ae6-a521-ac82253a1b6b, merchant 63456d01-60bc-406e-9f68-997e7a1ec513
DEBUG: calling db.get(Merchant)
DEBUG: db.get(Merchant) finished: Confirm Test
DEBUG: executing select(MerchantMember) query
DEBUG: select(MerchantMember) query executed
DEBUG: MerchantMember role: owner
DEBUG: get_current_merchant returning success
DEBUG: get_current_merchant starting for user a3cc044e-877f-4e1e-904b-38e14ebef270, merchant d2d27250-80c7-4ec4-99bb-d3031c65e2ab
DEBUG: calling db.get(Merchant)
DEBUG: db.get(Merchant) finished: Idem Test
DEBUG: executing select(MerchantMember) query
DEBUG: select(MerchantMember) query executed
DEBUG: MerchantMember role: owner
DEBUG: get_current_merchant returning success
DEBUG: get_current_merchant starting for user 649e6c21-e7ff-4f65-87bc-2ed0669ca086, merchant 124ddfc1-5f51-4288-b99e-54d21d4f111c
DEBUG: calling db.get(Merchant)
DEBUG: db.get(Merchant) finished: Bad Sig
DEBUG: executing select(MerchantMember) query
DEBUG: select(MerchantMember) query executed
DEBUG: MerchantMember role: owner
DEBUG: get_current_merchant returning success
DEBUG: get_current_merchant starting for user df151415-1d79-4c6a-9856-1c1cde450a99, merchant f79aecdc-faa0-4faf-a9a9-521e41a2de51
DEBUG: calling db.get(Merchant)
DEBUG: db.get(Merchant) finished: Publish Gate
DEBUG: executing select(MerchantMember) query
DEBUG: select(MerchantMember) query executed
DEBUG: MerchantMember role: owner
DEBUG: get_current_merchant returning success
DEBUG: get_current_merchant starting for user df151415-1d79-4c6a-9856-1c1cde450a99, merchant f79aecdc-faa0-4faf-a9a9-521e41a2de51
DEBUG: calling db.get(Merchant)
DEBUG: db.get(Merchant) finished: Publish Gate
DEBUG: executing select(MerchantMember) query
DEBUG: select(MerchantMember) query executed
DEBUG: MerchantMember role: owner
DEBUG: get_current_merchant returning success
DEBUG: get_current_merchant starting for user df151415-1d79-4c6a-9856-1c1cde450a99, merchant f79aecdc-faa0-4faf-a9a9-521e41a2de51
DEBUG: calling db.get(Merchant)
DEBUG: db.get(Merchant) finished: Publish Gate
DEBUG: executing select(MerchantMember) query
DEBUG: select(MerchantMember) query executed
DEBUG: MerchantMember role: owner
DEBUG: get_current_merchant returning success
DEBUG: get_current_merchant starting for user 20f83eef-9bb6-448d-a69e-7a7b9bf4f957, merchant 28d95cad-a38c-4b1d-9654-f6df5fe49e69
DEBUG: get_current_merchant starting for user 20f83eef-9bb6-448d-a69e-7a7b9bf4f957, merchant 28d95cad-a38c-4b1d-9654-f6df5fe49e69
DEBUG: calling db.get(Merchant)
DEBUG: calling db.get(Merchant)
DEBUG: db.get(Merchant) finished: ixona
DEBUG: executing select(MerchantMember) query
DEBUG: db.get(Merchant) finished: ixona
DEBUG: executing select(MerchantMember) query
DEBUG: get_current_merchant starting for user 20f83eef-9bb6-448d-a69e-7a7b9bf4f957, merchant 28d95cad-a38c-4b1d-9654-f6df5fe49e69
DEBUG: calling db.get(Merchant)
DEBUG: get_current_merchant starting for user 20f83eef-9bb6-448d-a69e-7a7b9bf4f957, merchant 28d95cad-a38c-4b1d-9654-f6df5fe49e69
DEBUG: calling db.get(Merchant)
DEBUG: select(MerchantMember) query executed
DEBUG: MerchantMember role: owner
DEBUG: get_current_merchant returning success
DEBUG: select(MerchantMember) query executed
DEBUG: MerchantMember role: owner
DEBUG: get_current_merchant returning success
DEBUG: db.get(Merchant) finished: ixona
DEBUG: executing select(MerchantMember) query
DEBUG: db.get(Merchant) finished: ixona
DEBUG: executing select(MerchantMember) query
DEBUG: select(MerchantMember) query executed
DEBUG: MerchantMember role: owner
DEBUG: get_current_merchant returning success
DEBUG: select(MerchantMember) query executed
DEBUG: MerchantMember role: owner
DEBUG: get_current_merchant returning success
DEBUG: get_current_merchant starting for user 20f83eef-9bb6-448d-a69e-7a7b9bf4f957, merchant 28d95cad-a38c-4b1d-9654-f6df5fe49e69
DEBUG: calling db.get(Merchant)
DEBUG: db.get(Merchant) finished: ixona
DEBUG: executing select(MerchantMember) query
DEBUG: select(MerchantMember) query executed
DEBUG: MerchantMember role: owner
DEBUG: get_current_merchant returning success
DEBUG: get_current_merchant starting for user 20f83eef-9bb6-448d-a69e-7a7b9bf4f957, merchant 28d95cad-a38c-4b1d-9654-f6df5fe49e69
DEBUG: calling db.get(Merchant)
DEBUG: db.get(Merchant) finished: ixona
DEBUG: executing select(MerchantMember) query
DEBUG: select(MerchantMember) query executed
DEBUG: MerchantMember role: owner
DEBUG: get_current_merchant returning success
DEBUG: get_current_merchant starting for user 20f83eef-9bb6-448d-a69e-7a7b9bf4f957, merchant 28d95cad-a38c-4b1d-9654-f6df5fe49e69
DEBUG: calling db.get(Merchant)
DEBUG: db.get(Merchant) finished: ixona
DEBUG: executing select(MerchantMember) query
DEBUG: select(MerchantMember) query executed
DEBUG: MerchantMember role: owner
DEBUG: get_current_merchant returning success
DEBUG: get_current_merchant starting for user 20f83eef-9bb6-448d-a69e-7a7b9bf4f957, merchant 28d95cad-a38c-4b1d-9654-f6df5fe49e69
DEBUG: calling db.get(Merchant)
DEBUG: get_current_merchant starting for user 20f83eef-9bb6-448d-a69e-7a7b9bf4f957, merchant 28d95cad-a38c-4b1d-9654-f6df5fe49e69
DEBUG: calling db.get(Merchant)
DEBUG: get_current_merchant starting for user 20f83eef-9bb6-448d-a69e-7a7b9bf4f957, merchant 28d95cad-a38c-4b1d-9654-f6df5fe49e69
DEBUG: calling db.get(Merchant)
DEBUG: db.get(Merchant) finished: ixona
DEBUG: executing select(MerchantMember) query
DEBUG: get_current_merchant starting for user 20f83eef-9bb6-448d-a69e-7a7b9bf4f957, merchant 28d95cad-a38c-4b1d-9654-f6df5fe49e69
DEBUG: get_current_merchant starting for user 20f83eef-9bb6-448d-a69e-7a7b9bf4f957, merchant 28d95cad-a38c-4b1d-9654-f6df5fe49e69
DEBUG: get_current_merchant starting for user 20f83eef-9bb6-448d-a69e-7a7b9bf4f957, merchant 28d95cad-a38c-4b1d-9654-f6df5fe49e69
DEBUG: calling db.get(Merchant)
DEBUG: calling db.get(Merchant)
DEBUG: calling db.get(Merchant)
DEBUG: db.get(Merchant) finished: ixona
DEBUG: executing select(MerchantMember) query
DEBUG: db.get(Merchant) finished: ixona
DEBUG: executing select(MerchantMember) query
DEBUG: get_current_merchant starting for user 20f83eef-9bb6-448d-a69e-7a7b9bf4f957, merchant 28d95cad-a38c-4b1d-9654-f6df5fe49e69
DEBUG: db.get(Merchant) finished: ixona
DEBUG: calling db.get(Merchant)
DEBUG: executing select(MerchantMember) query
DEBUG: executing select(MerchantMember) query
DEBUG: get_current_merchant starting for user 20f83eef-9bb6-448d-a69e-7a7b9bf4f957, merchant 28d95cad-a38c-4b1d-9654-f6df5fe49e69
DEBUG: calling db.get(Merchant)
DEBUG: db.get(Merchant) finished: ixona
DEBUG: executing select(MerchantMember) query
DEBUG: select(MerchantMember) query executed
DEBUG: MerchantMember role: owner
DEBUG: get_current_merchant returning success
DEBUG: select(MerchantMember) query executed
DEBUG: MerchantMember role: owner
DEBUG: get_current_merchant returning success
DEBUG: select(MerchantMember) query executed
DEBUG: MerchantMember role: owner
DEBUG: get_current_merchant returning success
DEBUG: db.get(Merchant) finished: ixona
DEBUG: executing select(MerchantMember) query
DEBUG: select(MerchantMember) query executed
DEBUG: MerchantMember role: owner
DEBUG: MerchantMember role: owner
DEBUG: get_current_merchant returning success
DEBUG: get_current_merchant returning success
DEBUG: db.get(Merchant) finished: ixona
DEBUG: executing select(MerchantMember) query
DEBUG: select(MerchantMember) query executed
DEBUG: MerchantMember role: owner
DEBUG: get_current_merchant returning success
DEBUG: select(MerchantMember) query executed
DEBUG: MerchantMember role: owner
DEBUG: get_current_merchant returning success
DEBUG: select(MerchantMember) query executed
DEBUG: MerchantMember role: owner
DEBUG: get_current_merchant returning success
DEBUG: get_current_merchant starting for user 20f83eef-9bb6-448d-a69e-7a7b9bf4f957, merchant 28d95cad-a38c-4b1d-9654-f6df5fe49e69
DEBUG: calling db.get(Merchant)
DEBUG: get_current_merchant starting for user 20f83eef-9bb6-448d-a69e-7a7b9bf4f957, merchant 28d95cad-a38c-4b1d-9654-f6df5fe49e69
DEBUG: calling db.get(Merchant)
DEBUG: calling db.get(Merchant)
DEBUG: db.get(Merchant) finished: ixona
DEBUG: executing select(MerchantMember) query
DEBUG: db.get(Merchant) finished: ixona
DEBUG: executing select(MerchantMember) query
DEBUG: db.get(Merchant) finished: ixona
DEBUG: executing select(MerchantMember) query
DEBUG: select(MerchantMember) query executed
DEBUG: MerchantMember role: owner
DEBUG: get_current_merchant returning success
DEBUG: select(MerchantMember) query executed
DEBUG: MerchantMember role: owner
DEBUG: MerchantMember role: owner
DEBUG: get_current_merchant returning success
DEBUG: get_current_merchant starting for user 20f83eef-9bb6-448d-a69e-7a7b9bf4f957, merchant 28d95cad-a38c-4b1d-9654-f6df5fe49e69
DEBUG: calling db.get(Merchant)
DEBUG: db.get(Merchant) finished: ixona
DEBUG: executing select(MerchantMember) query
DEBUG: select(MerchantMember) query executed
DEBUG: MerchantMember role: owner
DEBUG: get_current_merchant returning success
DEBUG: get_current_merchant starting for user 20f83eef-9bb6-448d-a69e-7a7b9bf4f957, merchant 28d95cad-a38c-4b1d-9654-f6df5fe49e69
DEBUG: calling db.get(Merchant)
DEBUG: db.get(Merchant) finished: ixona
DEBUG: executing select(MerchantMember) query
DEBUG: select(MerchantMember) query executed
DEBUG: MerchantMember role: owner
DEBUG: get_current_merchant returning success
DEBUG: get_current_merchant starting for user 20f83eef-9bb6-448d-a69e-7a7b9bf4f957, merchant 28d95cad-a38c-4b1d-9654-f6df5fe49e69
DEBUG: calling db.get(Merchant)
DEBUG: db.get(Merchant) finished: ixona
DEBUG: executing select(MerchantMember) query
DEBUG: get_current_merchant starting for user 20f83eef-9bb6-448d-a69e-7a7b9bf4f957, merchant 28d95cad-a38c-4b1d-9654-f6df5fe49e69
DEBUG: calling db.get(Merchant)
DEBUG: select(MerchantMember) query executed
DEBUG: MerchantMember role: owner
DEBUG: get_current_merchant returning success
DEBUG: db.get(Merchant) finished: ixona
DEBUG: executing select(MerchantMember) query
DEBUG: select(MerchantMember) query executed
DEBUG: MerchantMember role: owner
DEBUG: get_current_merchant returning success
DEBUG: get_current_merchant starting for user 20f83eef-9bb6-448d-a69e-7a7b9bf4f957, merchant 28d95cad-a38c-4b1d-9654-f6df5fe49e69
DEBUG: calling db.get(Merchant)
DEBUG: db.get(Merchant) finished: ixona
DEBUG: executing select(MerchantMember) query
DEBUG: select(MerchantMember) query executed
DEBUG: MerchantMember role: owner
DEBUG: get_current_merchant returning success
DEBUG: get_current_merchant starting for user 20f83eef-9bb6-448d-a69e-7a7b9bf4f957, merchant 28d95cad-a38c-4b1d-9654-f6df5fe49e69
DEBUG: calling db.get(Merchant)
DEBUG: db.get(Merchant) finished: ixona
DEBUG: executing select(MerchantMember) query
DEBUG: select(MerchantMember) query executed
DEBUG: MerchantMember role: owner
DEBUG: get_current_merchant returning success
DEBUG: get_current_merchant starting for user 20f83eef-9bb6-448d-a69e-7a7b9bf4f957, merchant 28d95cad-a38c-4b1d-9654-f6df5fe49e69
DEBUG: calling db.get(Merchant)
DEBUG: get_current_merchant starting for user 20f83eef-9bb6-448d-a69e-7a7b9bf4f957, merchant 28d95cad-a38c-4b1d-9654-f6df5fe49e69
DEBUG: calling db.get(Merchant)
DEBUG: db.get(Merchant) finished: ixona
DEBUG: executing select(MerchantMember) query
DEBUG: db.get(Merchant) finished: ixona
DEBUG: executing select(MerchantMember) query
DEBUG: get_current_merchant starting for user 20f83eef-9bb6-448d-a69e-7a7b9bf4f957, merchant 28d95cad-a38c-4b1d-9654-f6df5fe49e69
DEBUG: calling db.get(Merchant)
DEBUG: select(MerchantMember) query executed
DEBUG: MerchantMember role: owner
DEBUG: get_current_merchant returning success
DEBUG: select(MerchantMember) query executed
DEBUG: MerchantMember role: owner
DEBUG: get_current_merchant returning success
DEBUG: db.get(Merchant) finished: ixona
DEBUG: executing select(MerchantMember) query
DEBUG: select(MerchantMember) query executed
DEBUG: MerchantMember role: owner
DEBUG: get_current_merchant returning success
DEBUG: get_current_merchant starting for user 20f83eef-9bb6-448d-a69e-7a7b9bf4f957, merchant 28d95cad-a38c-4b1d-9654-f6df5fe49e69
DEBUG: calling db.get(Merchant)
DEBUG: db.get(Merchant) finished: ixona
DEBUG: executing select(MerchantMember) query
DEBUG: get_current_merchant starting for user 20f83eef-9bb6-448d-a69e-7a7b9bf4f957, merchant 28d95cad-a38c-4b1d-9654-f6df5fe49e69
DEBUG: calling db.get(Merchant)
DEBUG: select(MerchantMember) query executed
DEBUG: MerchantMember role: owner
DEBUG: get_current_merchant returning success
DEBUG: get_current_merchant starting for user 20f83eef-9bb6-448d-a69e-7a7b9bf4f957, merchant 28d95cad-a38c-4b1d-9654-f6df5fe49e69
DEBUG: calling db.get(Merchant)
DEBUG: get_current_merchant starting for user 20f83eef-9bb6-448d-a69e-7a7b9bf4f957, merchant 28d95cad-a38c-4b1d-9654-f6df5fe49e69
DEBUG: calling db.get(Merchant)
DEBUG: get_current_merchant starting for user 20f83eef-9bb6-448d-a69e-7a7b9bf4f957, merchant 28d95cad-a38c-4b1d-9654-f6df5fe49e69
DEBUG: calling db.get(Merchant)
DEBUG: db.get(Merchant) finished: ixona
DEBUG: executing select(MerchantMember) query
DEBUG: db.get(Merchant) finished: ixona
DEBUG: executing select(MerchantMember) query
DEBUG: db.get(Merchant) finished: ixona
DEBUG: executing select(MerchantMember) query
DEBUG: db.get(Merchant) finished: ixona
DEBUG: executing select(MerchantMember) query
DEBUG: select(MerchantMember) query executed
DEBUG: MerchantMember role: owner
DEBUG: get_current_merchant returning success
DEBUG: select(MerchantMember) query executed
DEBUG: MerchantMember role: owner
DEBUG: get_current_merchant returning success
DEBUG: select(MerchantMember) query executed
DEBUG: MerchantMember role: owner
DEBUG: get_current_merchant returning success
DEBUG: select(MerchantMember) query executed
DEBUG: MerchantMember role: owner
DEBUG: get_current_merchant returning success
DEBUG: get_current_merchant starting for user 20f83eef-9bb6-448d-a69e-7a7b9bf4f957, merchant 28d95cad-a38c-4b1d-9654-f6df5fe49e69
DEBUG: calling db.get(Merchant)
DEBUG: get_current_merchant starting for user 20f83eef-9bb6-448d-a69e-7a7b9bf4f957, merchant 28d95cad-a38c-4b1d-9654-f6df5fe49e69
DEBUG: calling db.get(Merchant)
DEBUG: get_current_merchant starting for user 20f83eef-9bb6-448d-a69e-7a7b9bf4f957, merchant 28d95cad-a38c-4b1d-9654-f6df5fe49e69
DEBUG: calling db.get(Merchant)
DEBUG: db.get(Merchant) finished: ixona
DEBUG: db.get(Merchant) finished: ixona
DEBUG: executing select(MerchantMember) query
DEBUG: executing select(MerchantMember) query
DEBUG: db.get(Merchant) finished: ixona
DEBUG: executing select(MerchantMember) query
DEBUG: select(MerchantMember) query executed
DEBUG: MerchantMember role: owner
DEBUG: MerchantMember role: owner
DEBUG: get_current_merchant returning success
DEBUG: get_current_merchant returning success
DEBUG: get_current_merchant starting for user 20f83eef-9bb6-448d-a69e-7a7b9bf4f957, merchant 28d95cad-a38c-4b1d-9654-f6df5fe49e69
DEBUG: calling db.get(Merchant)
DEBUG: select(MerchantMember) query executed
DEBUG: MerchantMember role: owner
DEBUG: get_current_merchant returning success
DEBUG: db.get(Merchant) finished: ixona
DEBUG: executing select(MerchantMember) query
DEBUG: get_current_merchant starting for user 20f83eef-9bb6-448d-a69e-7a7b9bf4f957, merchant 28d95cad-a38c-4b1d-9654-f6df5fe49e69
DEBUG: calling db.get(Merchant)
DEBUG: select(MerchantMember) query executed
DEBUG: MerchantMember role: owner
DEBUG: get_current_merchant returning success
DEBUG: db.get(Merchant) finished: ixona
DEBUG: executing select(MerchantMember) query
DEBUG: select(MerchantMember) query executed
DEBUG: MerchantMember role: owner
DEBUG: get_current_merchant returning success
DEBUG: get_current_merchant starting for user 10995bbd-71d0-49ee-bcbb-91af52d8e45a, merchant 5f8a2093-1a5e-44d3-be0a-8d92477d7440
DEBUG: calling db.get(Merchant)
DEBUG: db.get(Merchant) finished: Analytics Co
DEBUG: executing select(MerchantMember) query
DEBUG: select(MerchantMember) query executed
DEBUG: MerchantMember role: owner
DEBUG: get_current_merchant returning success
DEBUG: get_current_merchant starting for user e7a1525e-7a6d-4ac7-a539-459e0f0f3183, merchant b99f0993-2640-4577-a4d7-53c30cf476ee
DEBUG: calling db.get(Merchant)
DEBUG: db.get(Merchant) finished: Analytics Co
DEBUG: executing select(MerchantMember) query
DEBUG: select(MerchantMember) query executed
DEBUG: MerchantMember role: owner
DEBUG: get_current_merchant returning success
DEBUG: get_current_merchant starting for user 1e06216e-35ab-49de-96d7-f4a7b7b605cd, merchant c9d8b5c4-3a04-48fe-991a-f4d409b71be2
DEBUG: calling db.get(Merchant)
DEBUG: db.get(Merchant) finished: Analytics Co
DEBUG: executing select(MerchantMember) query
DEBUG: select(MerchantMember) query executed
DEBUG: MerchantMember role: owner
DEBUG: get_current_merchant returning success
DEBUG: get_current_merchant starting for user 8419b48a-6c7d-48c4-aa6f-6d09c465ec74, merchant 85e58cde-199a-4a82-81db-c3b402fcb785
DEBUG: calling db.get(Merchant)
DEBUG: db.get(Merchant) finished: Diag
DEBUG: executing select(MerchantMember) query
DEBUG: select(MerchantMember) query executed
DEBUG: MerchantMember role: owner
DEBUG: get_current_merchant returning success
DEBUG: get_current_merchant starting for user 20f83eef-9bb6-448d-a69e-7a7b9bf4f957, merchant 28d95cad-a38c-4b1d-9654-f6df5fe49e69
DEBUG: calling db.get(Merchant)
DEBUG: db.get(Merchant) finished: ixona
DEBUG: executing select(MerchantMember) query
DEBUG: select(MerchantMember) query executed
DEBUG: MerchantMember role: owner
DEBUG: get_current_merchant returning success
DEBUG: get_current_merchant starting for user 20f83eef-9bb6-448d-a69e-7a7b9bf4f957, merchant 28d95cad-a38c-4b1d-9654-f6df5fe49e69
DEBUG: calling db.get(Merchant)
DEBUG: db.get(Merchant) finished: ixona
DEBUG: executing select(MerchantMember) query
DEBUG: select(MerchantMember) query executed
DEBUG: MerchantMember role: owner
DEBUG: get_current_merchant returning success
DEBUG: get_current_merchant starting for user a6f87483-55ef-4e0b-a61e-938eb9c483a1, merchant 636658cb-645f-4a84-91ab-62ef06dbeaf1
DEBUG: calling db.get(Merchant)
DEBUG: db.get(Merchant) finished: Ctx
DEBUG: executing select(MerchantMember) query
DEBUG: select(MerchantMember) query executed
DEBUG: MerchantMember role: owner
DEBUG: get_current_merchant returning success
DEBUG: get_current_merchant starting for user 47ff0aaf-84ac-4b60-a85a-e8773440b3fd, merchant d42b84b0-7df0-4369-b882-6072aeb4756c
DEBUG: calling db.get(Merchant)
DEBUG: db.get(Merchant) finished: Other
DEBUG: executing select(MerchantMember) query
DEBUG: select(MerchantMember) query executed
DEBUG: MerchantMember role: None
DEBUG: get_current_merchant got exception: 403: not a member of this merchant
DEBUG: get_current_merchant starting for user fbfa258b-26a3-4a6d-9cca-ced96be78442, merchant 90c9e37c-7286-4987-8204-79688f011cf7
DEBUG: calling db.get(Merchant)
DEBUG: db.get(Merchant) finished: None
DEBUG: get_current_merchant got exception: 404: merchant not found
DEBUG: get_current_merchant starting for user 4d5c31d4-bc17-4eed-b8ae-c8d2f785eae2, merchant d9b59ff5-06fa-4470-be08-793ad13237d6
DEBUG: calling db.get(Merchant)
DEBUG: db.get(Merchant) finished: Prod Test
DEBUG: executing select(MerchantMember) query
DEBUG: select(MerchantMember) query executed
DEBUG: MerchantMember role: owner
DEBUG: get_current_merchant returning success
DEBUG: get_current_merchant starting for user db9b2a3b-03ae-45d7-a7ef-edcc2afede6c, merchant 4db374c7-066f-408d-b67d-1ecb68a5cbc6
DEBUG: calling db.get(Merchant)
DEBUG: db.get(Merchant) finished: Dup
DEBUG: executing select(MerchantMember) query
DEBUG: select(MerchantMember) query executed
DEBUG: MerchantMember role: owner
DEBUG: get_current_merchant returning success
DEBUG: get_current_merchant starting for user db9b2a3b-03ae-45d7-a7ef-edcc2afede6c, merchant 4db374c7-066f-408d-b67d-1ecb68a5cbc6
DEBUG: calling db.get(Merchant)
DEBUG: db.get(Merchant) finished: Dup
DEBUG: executing select(MerchantMember) query
DEBUG: select(MerchantMember) query executed
DEBUG: MerchantMember role: owner
DEBUG: get_current_merchant returning success
DEBUG: get_current_merchant starting for user 6ef33c86-5398-4b61-a75b-c179ef8b4778, merchant 481dfa2c-261c-4d1c-ad52-4cc0538a9cc7
DEBUG: calling db.get(Merchant)
DEBUG: db.get(Merchant) finished: M1
DEBUG: executing select(MerchantMember) query
DEBUG: select(MerchantMember) query executed
DEBUG: MerchantMember role: owner
DEBUG: get_current_merchant returning success
DEBUG: get_current_merchant starting for user 6ef33c86-5398-4b61-a75b-c179ef8b4778, merchant 481dfa2c-261c-4d1c-ad52-4cc0538a9cc7
DEBUG: calling db.get(Merchant)
DEBUG: db.get(Merchant) finished: M1
DEBUG: executing select(MerchantMember) query
DEBUG: select(MerchantMember) query executed
DEBUG: MerchantMember role: owner
DEBUG: get_current_merchant returning success
DEBUG: get_current_merchant starting for user 6ef33c86-5398-4b61-a75b-c179ef8b4778, merchant c9a6562f-6cb3-45d7-8146-c0f48ee4dbb7
DEBUG: calling db.get(Merchant)
DEBUG: db.get(Merchant) finished: M2
DEBUG: executing select(MerchantMember) query
DEBUG: select(MerchantMember) query executed
DEBUG: MerchantMember role: owner
DEBUG: get_current_merchant returning success
DEBUG: get_current_merchant starting for user 6ef33c86-5398-4b61-a75b-c179ef8b4778, merchant c9a6562f-6cb3-45d7-8146-c0f48ee4dbb7
DEBUG: calling db.get(Merchant)
DEBUG: db.get(Merchant) finished: M2
DEBUG: executing select(MerchantMember) query
DEBUG: select(MerchantMember) query executed
DEBUG: MerchantMember role: owner
DEBUG: get_current_merchant returning success
DEBUG: get_current_merchant starting for user 6ef33c86-5398-4b61-a75b-c179ef8b4778, merchant c9a6562f-6cb3-45d7-8146-c0f48ee4dbb7
DEBUG: calling db.get(Merchant)
DEBUG: db.get(Merchant) finished: M2
DEBUG: executing select(MerchantMember) query
DEBUG: select(MerchantMember) query executed
DEBUG: MerchantMember role: owner
DEBUG: get_current_merchant returning success
DEBUG: get_current_merchant starting for user 6ef33c86-5398-4b61-a75b-c179ef8b4778, merchant 481dfa2c-261c-4d1c-ad52-4cc0538a9cc7
DEBUG: calling db.get(Merchant)
DEBUG: db.get(Merchant) finished: M1
DEBUG: executing select(MerchantMember) query
DEBUG: select(MerchantMember) query executed
DEBUG: MerchantMember role: owner
DEBUG: get_current_merchant returning success
DEBUG: get_current_merchant starting for user cc845623-e083-4541-a39b-825f03b42932, merchant df8f08a8-5c79-4819-b4fe-0901aadfab61
DEBUG: calling db.get(Merchant)
DEBUG: db.get(Merchant) finished: Filt
DEBUG: executing select(MerchantMember) query
DEBUG: select(MerchantMember) query executed
DEBUG: MerchantMember role: owner
DEBUG: get_current_merchant returning success
DEBUG: get_current_merchant starting for user cc845623-e083-4541-a39b-825f03b42932, merchant df8f08a8-5c79-4819-b4fe-0901aadfab61
DEBUG: calling db.get(Merchant)
DEBUG: db.get(Merchant) finished: Filt
DEBUG: executing select(MerchantMember) query
DEBUG: select(MerchantMember) query executed
DEBUG: MerchantMember role: owner
DEBUG: get_current_merchant returning success
DEBUG: get_current_merchant starting for user cc845623-e083-4541-a39b-825f03b42932, merchant df8f08a8-5c79-4819-b4fe-0901aadfab61
DEBUG: calling db.get(Merchant)
DEBUG: db.get(Merchant) finished: Filt
DEBUG: executing select(MerchantMember) query
DEBUG: select(MerchantMember) query executed
DEBUG: MerchantMember role: owner
DEBUG: get_current_merchant returning success
DEBUG: get_current_merchant starting for user cc845623-e083-4541-a39b-825f03b42932, merchant df8f08a8-5c79-4819-b4fe-0901aadfab61
DEBUG: calling db.get(Merchant)
DEBUG: db.get(Merchant) finished: Filt
DEBUG: executing select(MerchantMember) query
DEBUG: select(MerchantMember) query executed
DEBUG: MerchantMember role: owner
DEBUG: get_current_merchant returning success
DEBUG: get_current_merchant starting for user cc845623-e083-4541-a39b-825f03b42932, merchant df8f08a8-5c79-4819-b4fe-0901aadfab61
DEBUG: calling db.get(Merchant)
DEBUG: db.get(Merchant) finished: Filt
DEBUG: executing select(MerchantMember) query
DEBUG: select(MerchantMember) query executed
DEBUG: MerchantMember role: owner
DEBUG: get_current_merchant returning success
DEBUG: get_current_merchant starting for user cd7c9bc6-1182-46ca-92b7-f90fff3b8aad, merchant 975d26d7-454f-4209-838f-c6015e33e24c
DEBUG: calling db.get(Merchant)
DEBUG: db.get(Merchant) finished: Merchant Alpha
DEBUG: executing select(MerchantMember) query
DEBUG: select(MerchantMember) query executed
DEBUG: MerchantMember role: owner
DEBUG: get_current_merchant returning success
DEBUG: get_current_merchant starting for user cd7c9bc6-1182-46ca-92b7-f90fff3b8aad, merchant d416c64d-7bbe-42ba-8fbd-4e3aebfd557e
DEBUG: calling db.get(Merchant)
DEBUG: db.get(Merchant) finished: Merchant Beta
DEBUG: executing select(MerchantMember) query
DEBUG: select(MerchantMember) query executed
DEBUG: MerchantMember role: owner
DEBUG: get_current_merchant returning success
DEBUG: get_current_merchant starting for user 68a1d20a-5736-4e42-8bee-a269f2e18b66, merchant e8e4fe68-d15b-4c4d-b8ff-0b75b8fa7c87
DEBUG: calling db.get(Merchant)
DEBUG: db.get(Merchant) finished: Update Test
DEBUG: executing select(MerchantMember) query
DEBUG: select(MerchantMember) query executed
DEBUG: MerchantMember role: owner
DEBUG: get_current_merchant returning success
DEBUG: get_current_merchant starting for user 68a1d20a-5736-4e42-8bee-a269f2e18b66, merchant e8e4fe68-d15b-4c4d-b8ff-0b75b8fa7c87
DEBUG: calling db.get(Merchant)
DEBUG: db.get(Merchant) finished: Update Test
DEBUG: executing select(MerchantMember) query
DEBUG: select(MerchantMember) query executed
DEBUG: MerchantMember role: owner
DEBUG: get_current_merchant returning success
DEBUG: get_current_merchant starting for user 9cb96865-c163-4d42-8fc3-45a028a6ffb6, merchant c4bcd1b3-c908-47a4-bea3-fe57e1e915af
DEBUG: calling db.get(Merchant)
DEBUG: db.get(Merchant) finished: Archive Test
DEBUG: executing select(MerchantMember) query
DEBUG: select(MerchantMember) query executed
DEBUG: MerchantMember role: owner
DEBUG: get_current_merchant returning success
DEBUG: get_current_merchant starting for user 9cb96865-c163-4d42-8fc3-45a028a6ffb6, merchant c4bcd1b3-c908-47a4-bea3-fe57e1e915af
DEBUG: calling db.get(Merchant)
DEBUG: db.get(Merchant) finished: Archive Test
DEBUG: executing select(MerchantMember) query
DEBUG: select(MerchantMember) query executed
DEBUG: MerchantMember role: owner
DEBUG: get_current_merchant returning success
DEBUG: get_current_merchant starting for user 9cb96865-c163-4d42-8fc3-45a028a6ffb6, merchant c4bcd1b3-c908-47a4-bea3-fe57e1e915af
DEBUG: calling db.get(Merchant)
DEBUG: db.get(Merchant) finished: Archive Test
DEBUG: executing select(MerchantMember) query
DEBUG: select(MerchantMember) query executed
DEBUG: MerchantMember role: owner
DEBUG: get_current_merchant returning success
DEBUG: get_current_merchant starting for user 170ac77f-aca2-4693-b387-7b49ee711185, merchant 3f3a5c9e-b7ef-476d-a3e5-dddd94953af4
DEBUG: calling db.get(Merchant)
DEBUG: db.get(Merchant) finished: Publish Test
DEBUG: executing select(MerchantMember) query
DEBUG: select(MerchantMember) query executed
DEBUG: MerchantMember role: owner
DEBUG: get_current_merchant returning success
DEBUG: get_current_merchant starting for user 170ac77f-aca2-4693-b387-7b49ee711185, merchant 3f3a5c9e-b7ef-476d-a3e5-dddd94953af4
DEBUG: calling db.get(Merchant)
DEBUG: db.get(Merchant) finished: Publish Test
DEBUG: executing select(MerchantMember) query
DEBUG: select(MerchantMember) query executed
DEBUG: MerchantMember role: owner
DEBUG: get_current_merchant returning success
DEBUG: get_current_merchant starting for user 22bd7180-25b2-459d-9393-3d0593dfa7a4, merchant 9f460f05-65a0-4da9-ba7b-cd5a37c2c833
DEBUG: calling db.get(Merchant)
DEBUG: db.get(Merchant) finished: Archived Test
DEBUG: executing select(MerchantMember) query
DEBUG: select(MerchantMember) query executed
DEBUG: MerchantMember role: owner
DEBUG: get_current_merchant returning success
DEBUG: get_current_merchant starting for user 22bd7180-25b2-459d-9393-3d0593dfa7a4, merchant 9f460f05-65a0-4da9-ba7b-cd5a37c2c833
DEBUG: calling db.get(Merchant)
DEBUG: db.get(Merchant) finished: Archived Test
DEBUG: executing select(MerchantMember) query
DEBUG: select(MerchantMember) query executed
DEBUG: MerchantMember role: owner
DEBUG: get_current_merchant returning success
DEBUG: get_current_merchant starting for user 22bd7180-25b2-459d-9393-3d0593dfa7a4, merchant 9f460f05-65a0-4da9-ba7b-cd5a37c2c833
DEBUG: calling db.get(Merchant)
DEBUG: db.get(Merchant) finished: Archived Test
DEBUG: executing select(MerchantMember) query
DEBUG: select(MerchantMember) query executed
DEBUG: MerchantMember role: owner
DEBUG: get_current_merchant returning success
DEBUG: get_current_merchant starting for user 7828a220-fd9f-42a6-9d39-e64104f811ef, merchant 89fafb67-5a0b-4f82-806a-1ae64955efa6
DEBUG: calling db.get(Merchant)
DEBUG: db.get(Merchant) finished: External Links
DEBUG: executing select(MerchantMember) query
DEBUG: select(MerchantMember) query executed
DEBUG: MerchantMember role: owner
DEBUG: get_current_merchant returning success
DEBUG: get_current_merchant starting for user 7828a220-fd9f-42a6-9d39-e64104f811ef, merchant 89fafb67-5a0b-4f82-806a-1ae64955efa6
DEBUG: calling db.get(Merchant)
DEBUG: db.get(Merchant) finished: External Links
DEBUG: executing select(MerchantMember) query
DEBUG: select(MerchantMember) query executed
DEBUG: MerchantMember role: owner
DEBUG: get_current_merchant returning success
DEBUG: get_current_merchant starting for user 7828a220-fd9f-42a6-9d39-e64104f811ef, merchant 89fafb67-5a0b-4f82-806a-1ae64955efa6
DEBUG: calling db.get(Merchant)
DEBUG: db.get(Merchant) finished: External Links
DEBUG: executing select(MerchantMember) query
DEBUG: select(MerchantMember) query executed
DEBUG: MerchantMember role: owner
DEBUG: get_current_merchant returning success
DEBUG: get_current_merchant starting for user ecaa5b83-68cb-42ac-8bfe-faa2c6f1b8d6, merchant 6fef596c-4916-46ff-854a-e409aa2e6516
DEBUG: calling db.get(Merchant)
DEBUG: db.get(Merchant) finished: Update Links
DEBUG: executing select(MerchantMember) query
DEBUG: select(MerchantMember) query executed
DEBUG: MerchantMember role: owner
DEBUG: get_current_merchant returning success
DEBUG: get_current_merchant starting for user ecaa5b83-68cb-42ac-8bfe-faa2c6f1b8d6, merchant 6fef596c-4916-46ff-854a-e409aa2e6516
DEBUG: calling db.get(Merchant)
DEBUG: db.get(Merchant) finished: Update Links
DEBUG: executing select(MerchantMember) query
DEBUG: select(MerchantMember) query executed
DEBUG: MerchantMember role: owner
DEBUG: get_current_merchant returning success
DEBUG: get_current_merchant starting for user ecaa5b83-68cb-42ac-8bfe-faa2c6f1b8d6, merchant 6fef596c-4916-46ff-854a-e409aa2e6516
DEBUG: calling db.get(Merchant)
DEBUG: db.get(Merchant) finished: Update Links
DEBUG: executing select(MerchantMember) query
DEBUG: select(MerchantMember) query executed
DEBUG: MerchantMember role: owner
DEBUG: get_current_merchant returning success
DEBUG: get_current_merchant starting for user 486e3d2b-74c0-4389-817e-8e116339cb46, merchant 9ce2de1d-31cd-4ab9-a8e8-5c77886cd618
DEBUG: calling db.get(Merchant)
DEBUG: db.get(Merchant) finished: Delete Links
DEBUG: executing select(MerchantMember) query
DEBUG: select(MerchantMember) query executed
DEBUG: MerchantMember role: owner
DEBUG: get_current_merchant returning success
DEBUG: get_current_merchant starting for user 486e3d2b-74c0-4389-817e-8e116339cb46, merchant 9ce2de1d-31cd-4ab9-a8e8-5c77886cd618
DEBUG: calling db.get(Merchant)
DEBUG: db.get(Merchant) finished: Delete Links
DEBUG: executing select(MerchantMember) query
DEBUG: select(MerchantMember) query executed
DEBUG: MerchantMember role: owner
DEBUG: get_current_merchant returning success
DEBUG: get_current_merchant starting for user 486e3d2b-74c0-4389-817e-8e116339cb46, merchant 9ce2de1d-31cd-4ab9-a8e8-5c77886cd618
DEBUG: calling db.get(Merchant)
DEBUG: db.get(Merchant) finished: Delete Links
DEBUG: executing select(MerchantMember) query
DEBUG: select(MerchantMember) query executed
DEBUG: MerchantMember role: owner
DEBUG: get_current_merchant returning success
DEBUG: get_current_merchant starting for user 486e3d2b-74c0-4389-817e-8e116339cb46, merchant 9ce2de1d-31cd-4ab9-a8e8-5c77886cd618
DEBUG: calling db.get(Merchant)
DEBUG: db.get(Merchant) finished: Delete Links
DEBUG: executing select(MerchantMember) query
DEBUG: select(MerchantMember) query executed
DEBUG: MerchantMember role: owner
DEBUG: get_current_merchant returning success
DEBUG: get_current_merchant starting for user 38db696e-7a06-4cc0-af09-fb97851ceec3, merchant 5bca6263-aad5-4e36-9bc7-e4448d1eeb6d
DEBUG: calling db.get(Merchant)
DEBUG: db.get(Merchant) finished: Alpha Org
DEBUG: executing select(MerchantMember) query
DEBUG: select(MerchantMember) query executed
DEBUG: MerchantMember role: owner
DEBUG: get_current_merchant returning success
DEBUG: get_current_merchant starting for user 38db696e-7a06-4cc0-af09-fb97851ceec3, merchant c80f557c-2298-4184-b8bf-042d391d59fa
DEBUG: calling db.get(Merchant)
DEBUG: db.get(Merchant) finished: Beta Org
DEBUG: executing select(MerchantMember) query
DEBUG: select(MerchantMember) query executed
DEBUG: MerchantMember role: owner
DEBUG: get_current_merchant returning success
DEBUG: get_current_merchant starting for user 86fd592c-12c6-4a59-8863-02effe42daf3, merchant 0a1095e6-495a-4719-bf50-b430f52be817
DEBUG: calling db.get(Merchant)
DEBUG: db.get(Merchant) finished: No Onboard Co
DEBUG: executing select(MerchantMember) query
DEBUG: select(MerchantMember) query executed
DEBUG: MerchantMember role: owner
DEBUG: get_current_merchant returning success
DEBUG: get_current_merchant starting for user 2ac37a2b-3ca2-4345-ba15-35dbc0320efd, merchant ca894828-6cc7-429f-9364-fd9845419b11
DEBUG: calling db.get(Merchant)
DEBUG: db.get(Merchant) finished: Foreign
DEBUG: executing select(MerchantMember) query
DEBUG: select(MerchantMember) query executed
DEBUG: MerchantMember role: None
DEBUG: get_current_merchant got exception: 403: not a member of this merchant
DEBUG: get_current_merchant starting for user 0fab6039-b483-4912-87b6-cd6fe3491c47, merchant c7d002c5-2b9e-4e33-a374-479486a6fc12
DEBUG: calling db.get(Merchant)
DEBUG: db.get(Merchant) finished: Patch
DEBUG: executing select(MerchantMember) query
DEBUG: select(MerchantMember) query executed
DEBUG: MerchantMember role: staff
DEBUG: get_current_merchant returning success
DEBUG: get_current_merchant starting for user 2b838ec8-30a6-41f8-bde3-c28bddf25d92, merchant 2011282c-64ea-4930-a84d-7c6068981509
DEBUG: calling db.get(Merchant)
DEBUG: db.get(Merchant) finished: Team Test
DEBUG: executing select(MerchantMember) query
DEBUG: select(MerchantMember) query executed
DEBUG: MerchantMember role: owner
DEBUG: get_current_merchant returning success
DEBUG: get_current_merchant starting for user 0d7a6070-6a29-48c5-a05f-9f74696f7d49, merchant 1feec180-3fdb-4bf8-bc99-e97da0a792d0
DEBUG: calling db.get(Merchant)
DEBUG: db.get(Merchant) finished: Inv Test
DEBUG: executing select(MerchantMember) query
DEBUG: select(MerchantMember) query executed
DEBUG: MerchantMember role: owner
DEBUG: get_current_merchant returning success
DEBUG: get_current_merchant starting for user 2d9fa0a7-914d-4196-a6ba-2891929f1c21, merchant 827a5230-33d3-43f2-88fa-bab90147c7e7
DEBUG: calling db.get(Merchant)
DEBUG: db.get(Merchant) finished: Unk
DEBUG: executing select(MerchantMember) query
DEBUG: select(MerchantMember) query executed
DEBUG: MerchantMember role: owner
DEBUG: get_current_merchant returning success
DEBUG: get_current_merchant starting for user 1d554984-6378-4d6b-9f1c-bfbf4bf64eed, merchant 9860e3e5-fef6-4b25-a3ea-543a585c595e
DEBUG: calling db.get(Merchant)
DEBUG: db.get(Merchant) finished: Role Test
DEBUG: executing select(MerchantMember) query
DEBUG: select(MerchantMember) query executed
DEBUG: MerchantMember role: owner
DEBUG: get_current_merchant returning success
DEBUG: get_current_merchant starting for user ab31b04a-87ea-42f0-a3f8-04f1a908b4aa, merchant 9860e3e5-fef6-4b25-a3ea-543a585c595e
DEBUG: calling db.get(Merchant)
DEBUG: db.get(Merchant) finished: Role Test
DEBUG: executing select(MerchantMember) query
DEBUG: select(MerchantMember) query executed
DEBUG: MerchantMember role: admin
DEBUG: get_current_merchant returning success
DEBUG: get_current_merchant starting for user ab31b04a-87ea-42f0-a3f8-04f1a908b4aa, merchant 9860e3e5-fef6-4b25-a3ea-543a585c595e
DEBUG: calling db.get(Merchant)
DEBUG: db.get(Merchant) finished: Role Test
DEBUG: executing select(MerchantMember) query
DEBUG: select(MerchantMember) query executed
DEBUG: MerchantMember role: admin
DEBUG: get_current_merchant returning success
DEBUG: get_current_merchant starting for user bb537597-ec2a-4b39-9f34-e9c6e0730e97, merchant 73ef47c6-0b2b-4d48-8bbc-a1c2ff827c11
DEBUG: calling db.get(Merchant)
DEBUG: db.get(Merchant) finished: Self
DEBUG: executing select(MerchantMember) query
DEBUG: select(MerchantMember) query executed
DEBUG: MerchantMember role: owner
DEBUG: get_current_merchant returning success
DEBUG: get_current_merchant starting for user af700527-679a-4dec-bf51-dfef0090b2ba, merchant 2e379ebe-8a82-42bc-a82e-08446335f353
DEBUG: calling db.get(Merchant)
DEBUG: db.get(Merchant) finished: Wallet Read
DEBUG: executing select(MerchantMember) query
DEBUG: select(MerchantMember) query executed
DEBUG: MerchantMember role: owner
DEBUG: get_current_merchant returning success
DEBUG: get_current_merchant starting for user 60d7496f-83e4-44f4-a24b-24f8a1b61089, merchant 86072beb-7e36-4a67-aaf6-860bf7fc809b
DEBUG: calling db.get(Merchant)
DEBUG: db.get(Merchant) finished: Txn List
DEBUG: executing select(MerchantMember) query
DEBUG: select(MerchantMember) query executed
DEBUG: MerchantMember role: owner
DEBUG: get_current_merchant returning success
DEBUG: get_current_merchant starting for user e641c2f9-b1d3-4e77-a331-3be4f8988388, merchant 523fad0f-995c-4f14-a13c-dbf16ec76b54
DEBUG: calling db.get(Merchant)
DEBUG: db.get(Merchant) finished: Threshold Test
DEBUG: executing select(MerchantMember) query
DEBUG: select(MerchantMember) query executed
DEBUG: MerchantMember role: owner
DEBUG: get_current_merchant returning success
DEBUG: get_current_merchant starting for user ed6d85e4-ca3a-4ab0-8a31-765f8e2984f5, merchant 26c9ed39-85db-40dd-ae84-cba42584ad07
DEBUG: calling db.get(Merchant)
DEBUG: db.get(Merchant) finished: Intent Test
DEBUG: executing select(MerchantMember) query
DEBUG: select(MerchantMember) query executed
DEBUG: MerchantMember role: owner
DEBUG: get_current_merchant returning success
DEBUG: get_current_merchant starting for user 9a5a9f2e-ab02-41dd-bbf2-f09ce9960ca7, merchant 2397a8a0-69b7-420d-8735-8fad79d83d67
DEBUG: calling db.get(Merchant)
DEBUG: db.get(Merchant) finished: Confirm Test
DEBUG: executing select(MerchantMember) query
DEBUG: select(MerchantMember) query executed
DEBUG: MerchantMember role: owner
DEBUG: get_current_merchant returning success
DEBUG: get_current_merchant starting for user 470ea923-2d34-4374-8792-9b085cec41e4, merchant 48b09d6b-02f5-420d-abf7-1b7e87290f2b
DEBUG: calling db.get(Merchant)
DEBUG: db.get(Merchant) finished: Idem Test
DEBUG: executing select(MerchantMember) query
DEBUG: select(MerchantMember) query executed
DEBUG: MerchantMember role: owner
DEBUG: get_current_merchant returning success
DEBUG: get_current_merchant starting for user 3521dfb8-1809-41be-9d52-bffbfa1b6751, merchant 527b3691-7b1f-4a51-a14b-075fc3a5f450
DEBUG: calling db.get(Merchant)
DEBUG: db.get(Merchant) finished: Bad Sig
DEBUG: executing select(MerchantMember) query
DEBUG: select(MerchantMember) query executed
DEBUG: MerchantMember role: owner
DEBUG: get_current_merchant returning success
DEBUG: get_current_merchant starting for user 88f522aa-80cf-4e6c-9cdc-5e7fa6c4cf83, merchant fc132b04-fac8-48a0-89df-c7a67cfd63e0
DEBUG: calling db.get(Merchant)
DEBUG: db.get(Merchant) finished: Publish Gate
DEBUG: executing select(MerchantMember) query
DEBUG: select(MerchantMember) query executed
DEBUG: MerchantMember role: owner
DEBUG: get_current_merchant returning success
DEBUG: get_current_merchant starting for user 88f522aa-80cf-4e6c-9cdc-5e7fa6c4cf83, merchant fc132b04-fac8-48a0-89df-c7a67cfd63e0
DEBUG: calling db.get(Merchant)
DEBUG: db.get(Merchant) finished: Publish Gate
DEBUG: executing select(MerchantMember) query
DEBUG: select(MerchantMember) query executed
DEBUG: MerchantMember role: owner
DEBUG: get_current_merchant returning success
DEBUG: get_current_merchant starting for user 88f522aa-80cf-4e6c-9cdc-5e7fa6c4cf83, merchant fc132b04-fac8-48a0-89df-c7a67cfd63e0
DEBUG: calling db.get(Merchant)
DEBUG: db.get(Merchant) finished: Publish Gate
DEBUG: executing select(MerchantMember) query
DEBUG: select(MerchantMember) query executed
DEBUG: MerchantMember role: owner
DEBUG: get_current_merchant returning success
DEBUG: get_current_merchant starting for user 20f83eef-9bb6-448d-a69e-7a7b9bf4f957, merchant 28d95cad-a38c-4b1d-9654-f6df5fe49e69
DEBUG: get_current_merchant starting for user 20f83eef-9bb6-448d-a69e-7a7b9bf4f957, merchant 28d95cad-a38c-4b1d-9654-f6df5fe49e69
DEBUG: calling db.get(Merchant)
DEBUG: calling db.get(Merchant)
DEBUG: get_current_merchant starting for user 20f83eef-9bb6-448d-a69e-7a7b9bf4f957, merchant 28d95cad-a38c-4b1d-9654-f6df5fe49e69
DEBUG: calling db.get(Merchant)
DEBUG: get_current_merchant starting for user 20f83eef-9bb6-448d-a69e-7a7b9bf4f957, merchant 28d95cad-a38c-4b1d-9654-f6df5fe49e69
DEBUG: calling db.get(Merchant)
DEBUG: get_current_merchant starting for user 20f83eef-9bb6-448d-a69e-7a7b9bf4f957, merchant 28d95cad-a38c-4b1d-9654-f6df5fe49e69
DEBUG: calling db.get(Merchant)
DEBUG: db.get(Merchant) finished: ixona
DEBUG: db.get(Merchant) finished: ixona
DEBUG: executing select(MerchantMember) query
DEBUG: executing select(MerchantMember) query
DEBUG: db.get(Merchant) finished: ixona
DEBUG: executing select(MerchantMember) query
DEBUG: db.get(Merchant) finished: ixona
DEBUG: executing select(MerchantMember) query
DEBUG: db.get(Merchant) finished: ixona
DEBUG: executing select(MerchantMember) query
DEBUG: select(MerchantMember) query executed
DEBUG: MerchantMember role: owner
DEBUG: get_current_merchant starting for user 20f83eef-9bb6-448d-a69e-7a7b9bf4f957, merchant 28d95cad-a38c-4b1d-9654-f6df5fe49e69
DEBUG: get_current_merchant returning success
DEBUG: calling db.get(Merchant)
DEBUG: get_current_merchant returning success
DEBUG: select(MerchantMember) query executed
DEBUG: MerchantMember role: owner
DEBUG: get_current_merchant returning success
DEBUG: select(MerchantMember) query executed
DEBUG: MerchantMember role: owner
DEBUG: get_current_merchant returning success
DEBUG: select(MerchantMember) query executed
DEBUG: MerchantMember role: owner
DEBUG: get_current_merchant returning success
DEBUG: db.get(Merchant) finished: ixona
DEBUG: executing select(MerchantMember) query
DEBUG: select(MerchantMember) query executed
DEBUG: MerchantMember role: owner
DEBUG: get_current_merchant returning success
DEBUG: get_current_merchant starting for user 20f83eef-9bb6-448d-a69e-7a7b9bf4f957, merchant 28d95cad-a38c-4b1d-9654-f6df5fe49e69
DEBUG: calling db.get(Merchant)
DEBUG: db.get(Merchant) finished: ixona
DEBUG: executing select(MerchantMember) query
DEBUG: select(MerchantMember) query executed
DEBUG: MerchantMember role: owner
DEBUG: get_current_merchant returning success
DEBUG: get_current_merchant starting for user 20f83eef-9bb6-448d-a69e-7a7b9bf4f957, merchant 28d95cad-a38c-4b1d-9654-f6df5fe49e69
DEBUG: calling db.get(Merchant)
DEBUG: db.get(Merchant) finished: ixona
DEBUG: executing select(MerchantMember) query
DEBUG: select(MerchantMember) query executed
DEBUG: get_current_merchant starting for user 20f83eef-9bb6-448d-a69e-7a7b9bf4f957, merchant 28d95cad-a38c-4b1d-9654-f6df5fe49e69
DEBUG: MerchantMember role: owner
DEBUG: calling db.get(Merchant)
DEBUG: get_current_merchant returning success
DEBUG: db.get(Merchant) finished: ixona
DEBUG: executing select(MerchantMember) query
DEBUG: select(MerchantMember) query executed
DEBUG: MerchantMember role: owner
DEBUG: get_current_merchant returning success
DEBUG: get_current_merchant starting for user 20f83eef-9bb6-448d-a69e-7a7b9bf4f957, merchant 28d95cad-a38c-4b1d-9654-f6df5fe49e69
DEBUG: calling db.get(Merchant)
DEBUG: get_current_merchant starting for user 20f83eef-9bb6-448d-a69e-7a7b9bf4f957, merchant 28d95cad-a38c-4b1d-9654-f6df5fe49e69
DEBUG: calling db.get(Merchant)
DEBUG: get_current_merchant starting for user 20f83eef-9bb6-448d-a69e-7a7b9bf4f957, merchant 28d95cad-a38c-4b1d-9654-f6df5fe49e69
DEBUG: calling db.get(Merchant)
DEBUG: db.get(Merchant) finished: ixona
DEBUG: executing select(MerchantMember) query
DEBUG: db.get(Merchant) finished: ixona
DEBUG: executing select(MerchantMember) query
DEBUG: executing select(MerchantMember) query
DEBUG: select(MerchantMember) query executed
DEBUG: select(MerchantMember) query executed
DEBUG: MerchantMember role: owner
ng success
DEBUG: MerchantMember role: owner
DEBUG: get_current_merchant returning success
DEBUG: get_current_merchant starting for user 20f83eef-9bb6-448d-a69e-7a7b9bf4f957, merchant 28d95cad-a38c-4b1d-9654-f6df5fe49e69
DEBUG: calling db.get(Merchant)
DEBUG: db.get(Merchant) finished: ixona
DEBUG: executing select(MerchantMember) query
DEBUG: select(MerchantMember) query executed
DEBUG: MerchantMember role: owner
DEBUG: get_current_merchant returning success
DEBUG: get_current_merchant starting for user 20f83eef-9bb6-448d-a69e-7a7b9bf4f957, merchant 28d95cad-a38c-4b1d-9654-f6df5fe49e69
DEBUG: calling db.get(Merchant)
DEBUG: db.get(Merchant) finished: ixona
DEBUG: executing select(MerchantMember) query
DEBUG: select(MerchantMember) query executed
DEBUG: MerchantMember role: owner
DEBUG: get_current_merchant returning success
DEBUG: get_current_merchant starting for user 20f83eef-9bb6-448d-a69e-7a7b9bf4f957, merchant 28d95cad-a38c-4b1d-9654-f6df5fe49e69
DEBUG: calling db.get(Merchant)
DEBUG: db.get(Merchant) finished: ixona
DEBUG: executing select(MerchantMember) query
DEBUG: select(MerchantMember) query executed
DEBUG: MerchantMember role: owner
DEBUG: get_current_merchant returning success
DEBUG: get_current_merchant starting for user 20f83eef-9bb6-448d-a69e-7a7b9bf4f957, merchant 28d95cad-a38c-4b1d-9654-f6df5fe49e69
DEBUG: get_current_merchant starting for user 20f83eef-9bb6-448d-a69e-7a7b9bf4f957, merchant 28d95cad-a38c-4b1d-9654-f6df5fe49e69
DEBUG: calling db.get(Merchant)
DEBUG: calling db.get(Merchant)
DEBUG: db.get(Merchant) finished: ixona
DEBUG: db.get(Merchant) finished: ixona
DEBUG: executing select(MerchantMember) query
DEBUG: select(MerchantMember) query executed
DEBUG: MerchantMember role: owner
DEBUG: get_current_merchant starting for user 20f83eef-9bb6-448d-a69e-7a7b9bf4f957, merchant 28d95cad-a38c-4b1d-9654-f6df5fe49e69
DEBUG: get_current_merchant returning success
DEBUG: get_current_merchant returning success
DEBUG: calling db.get(Merchant)
DEBUG: get_current_merchant starting for user 20f83eef-9bb6-448d-a69e-7a7b9bf4f957, merchant 28d95cad-a38c-4b1d-9654-f6df5fe49e69
DEBUG: calling db.get(Merchant)
DEBUG: db.get(Merchant) finished: ixona
DEBUG: executing select(MerchantMember) query
DEBUG: db.get(Merchant) finished: ixona
DEBUG: executing select(MerchantMember) query
DEBUG: select(MerchantMember) query executed
DEBUG: MerchantMember role: owner
DEBUG: get_current_merchant returning success
DEBUG: select(MerchantMember) query executed
DEBUG: MerchantMember role: owner
DEBUG: get_current_merchant returning success
DEBUG: get_current_merchant starting for user 20f83eef-9bb6-448d-a69e-7a7b9bf4f957, merchant 28d95cad-a38c-4b1d-9654-f6df5fe49e69
DEBUG: calling db.get(Merchant)
DEBUG: get_current_merchant starting for user 20f83eef-9bb6-448d-a69e-7a7b9bf4f957, merchant 28d95cad-a38c-4b1d-9654-f6df5fe49e69
DEBUG: calling db.get(Merchant)
DEBUG: get_current_merchant starting for user 20f83eef-9bb6-448d-a69e-7a7b9bf4f957, merchant 28d95cad-a38c-4b1d-9654-f6df5fe49e69
DEBUG: calling db.get(Merchant)
DEBUG: db.get(Merchant) finished: ixona
DEBUG: executing select(MerchantMember) query
DEBUG: db.get(Merchant) finished: ixona
DEBUG: executing select(MerchantMember) query
DEBUG: db.get(Merchant) finished: ixona
DEBUG: executing select(MerchantMember) query
DEBUG: select(MerchantMember) query executed
DEBUG: MerchantMember role: owner
DEBUG: get_current_merchant returning success
DEBUG: select(MerchantMember) query executed
DEBUG: MerchantMember role: owner
DEBUG: get_current_merchant returning success
DEBUG: select(MerchantMember) query executed
DEBUG: MerchantMember role: owner
DEBUG: get_current_merchant returning success
DEBUG: get_current_merchant starting for user 20f83eef-9bb6-448d-a69e-7a7b9bf4f957, merchant 28d95cad-a38c-4b1d-9654-f6df5fe49e69
DEBUG: calling db.get(Merchant)
DEBUG: db.get(Merchant) finished: ixona
DEBUG: executing select(MerchantMember) query
DEBUG: select(MerchantMember) query executed
DEBUG: MerchantMember role: owner
DEBUG: get_current_merchant returning success
DEBUG: get_current_merchant starting for user 22cd5896-f5f4-4ba5-8b15-e523b0a4bde6, merchant 09ac7c88-b876-4e27-a6a0-7dac1c188c02
DEBUG: calling db.get(Merchant)
DEBUG: db.get(Merchant) finished: Analytics Co
DEBUG: executing select(MerchantMember) query
DEBUG: select(MerchantMember) query executed
DEBUG: MerchantMember role: owner
DEBUG: get_current_merchant returning success
DEBUG: get_current_merchant starting for user 5d6a6cef-af60-40e0-aa6f-d3de06be38fb, merchant ca166dda-8797-409f-8c47-6fc3f3fe6a5c
DEBUG: calling db.get(Merchant)
DEBUG: db.get(Merchant) finished: Analytics Co
DEBUG: executing select(MerchantMember) query
DEBUG: select(MerchantMember) query executed
DEBUG: MerchantMember role: owner
DEBUG: get_current_merchant returning success
DEBUG: get_current_merchant starting for user 2265ccca-d5d6-4578-ab9f-dcbee35505b9, merchant e7a112fe-ec11-4e36-a117-d0fd5b905547
DEBUG: calling db.get(Merchant)
DEBUG: db.get(Merchant) finished: Analytics Co
DEBUG: executing select(MerchantMember) query
DEBUG: select(MerchantMember) query executed
DEBUG: MerchantMember role: owner
DEBUG: get_current_merchant returning success
DEBUG: get_current_merchant starting for user d70f7566-6bd9-45ee-821e-246e98183d0d, merchant 604bd269-92f6-40be-b626-30d6d78b481f
DEBUG: calling db.get(Merchant)
DEBUG: db.get(Merchant) finished: Diag
DEBUG: executing select(MerchantMember) query
DEBUG: select(MerchantMember) query executed
DEBUG: MerchantMember role: owner
DEBUG: get_current_merchant returning success
DEBUG: get_current_merchant starting for user b8aaa567-6f1e-409f-a9ff-957a9065b458, merchant a668915c-2f39-4617-9540-5ff73d136f4e
DEBUG: calling db.get(Merchant)
DEBUG: db.get(Merchant) finished: Ctx
DEBUG: executing select(MerchantMember) query
DEBUG: select(MerchantMember) query executed
DEBUG: MerchantMember role: owner
DEBUG: get_current_merchant returning success
DEBUG: get_current_merchant starting for user 4b9ad0ae-4116-4676-a1e6-eeaaf0807567, merchant 686ca42e-ff01-4c99-8439-7aca2e37f457
DEBUG: calling db.get(Merchant)
DEBUG: db.get(Merchant) finished: Other
DEBUG: executing select(MerchantMember) query
DEBUG: select(MerchantMember) query executed
DEBUG: MerchantMember role: None
DEBUG: get_current_merchant got exception: 403: not a member of this merchant
DEBUG: get_current_merchant starting for user dd96f668-51f7-4a08-b58a-eba5967ae03c, merchant 40abe776-69a5-4530-ac86-b2af1f840425
DEBUG: calling db.get(Merchant)
DEBUG: db.get(Merchant) finished: None
DEBUG: get_current_merchant got exception: 404: merchant not found
DEBUG: get_current_merchant starting for user 5c0d0203-31c2-4bc7-ba04-e13e9ea20aaa, merchant f32a8c0d-30a3-4ceb-8e8e-0bf4fb9601dc
DEBUG: calling db.get(Merchant)
DEBUG: db.get(Merchant) finished: Prod Test
DEBUG: executing select(MerchantMember) query
DEBUG: select(MerchantMember) query executed
DEBUG: MerchantMember role: owner
DEBUG: get_current_merchant returning success
DEBUG: get_current_merchant starting for user 1cb17167-27f1-4fbd-9b05-1ec5b9e75fcd, merchant bda6ad4f-9ddf-41cc-a8fd-f19ba666b231
DEBUG: calling db.get(Merchant)
DEBUG: db.get(Merchant) finished: Dup
DEBUG: executing select(MerchantMember) query
DEBUG: select(MerchantMember) query executed
DEBUG: MerchantMember role: owner
DEBUG: get_current_merchant returning success
DEBUG: get_current_merchant starting for user 1cb17167-27f1-4fbd-9b05-1ec5b9e75fcd, merchant bda6ad4f-9ddf-41cc-a8fd-f19ba666b231
DEBUG: calling db.get(Merchant)
DEBUG: db.get(Merchant) finished: Dup
DEBUG: executing select(MerchantMember) query
DEBUG: select(MerchantMember) query executed
DEBUG: MerchantMember role: owner
DEBUG: get_current_merchant returning success
DEBUG: get_current_merchant starting for user c7f45084-123e-45ce-b840-73d6bb286782, merchant 61c24f73-fe09-425f-bb0c-e55621a0087e
DEBUG: calling db.get(Merchant)
DEBUG: db.get(Merchant) finished: M1
DEBUG: executing select(MerchantMember) query
DEBUG: select(MerchantMember) query executed
DEBUG: MerchantMember role: owner
DEBUG: get_current_merchant returning success
DEBUG: get_current_merchant starting for user c7f45084-123e-45ce-b840-73d6bb286782, merchant 61c24f73-fe09-425f-bb0c-e55621a0087e
DEBUG: calling db.get(Merchant)
DEBUG: db.get(Merchant) finished: M1
DEBUG: executing select(MerchantMember) query
DEBUG: select(MerchantMember) query executed
DEBUG: MerchantMember role: owner
DEBUG: get_current_merchant returning success
DEBUG: get_current_merchant starting for user c7f45084-123e-45ce-b840-73d6bb286782, merchant a66b8c9c-1024-4a58-9087-427860275abe
DEBUG: calling db.get(Merchant)
DEBUG: db.get(Merchant) finished: M2
DEBUG: executing select(MerchantMember) query
DEBUG: select(MerchantMember) query executed
DEBUG: MerchantMember role: owner
DEBUG: get_current_merchant returning success
DEBUG: get_current_merchant starting for user c7f45084-123e-45ce-b840-73d6bb286782, merchant a66b8c9c-1024-4a58-9087-427860275abe
DEBUG: calling db.get(Merchant)
DEBUG: db.get(Merchant) finished: M2
DEBUG: executing select(MerchantMember) query
DEBUG: select(MerchantMember) query executed
DEBUG: MerchantMember role: owner
DEBUG: get_current_merchant returning success
DEBUG: get_current_merchant starting for user c7f45084-123e-45ce-b840-73d6bb286782, merchant a66b8c9c-1024-4a58-9087-427860275abe
DEBUG: calling db.get(Merchant)
DEBUG: db.get(Merchant) finished: M2
DEBUG: executing select(MerchantMember) query
DEBUG: select(MerchantMember) query executed
DEBUG: MerchantMember role: owner
DEBUG: get_current_merchant returning success
DEBUG: get_current_merchant starting for user c7f45084-123e-45ce-b840-73d6bb286782, merchant 61c24f73-fe09-425f-bb0c-e55621a0087e
DEBUG: calling db.get(Merchant)
DEBUG: db.get(Merchant) finished: M1
DEBUG: executing select(MerchantMember) query
DEBUG: select(MerchantMember) query executed
DEBUG: MerchantMember role: owner
DEBUG: get_current_merchant returning success
DEBUG: get_current_merchant starting for user 75c611d0-7440-4c68-946c-d95a13edd3c5, merchant 55f4226e-e8c1-4ca1-b62e-e0b1956faf3f
DEBUG: calling db.get(Merchant)
DEBUG: db.get(Merchant) finished: Filt
DEBUG: executing select(MerchantMember) query
DEBUG: select(MerchantMember) query executed
DEBUG: MerchantMember role: owner
DEBUG: get_current_merchant returning success
DEBUG: get_current_merchant starting for user 75c611d0-7440-4c68-946c-d95a13edd3c5, merchant 55f4226e-e8c1-4ca1-b62e-e0b1956faf3f
DEBUG: calling db.get(Merchant)
DEBUG: db.get(Merchant) finished: Filt
DEBUG: executing select(MerchantMember) query
DEBUG: select(MerchantMember) query executed
DEBUG: MerchantMember role: owner
DEBUG: get_current_merchant returning success
DEBUG: get_current_merchant starting for user 75c611d0-7440-4c68-946c-d95a13edd3c5, merchant 55f4226e-e8c1-4ca1-b62e-e0b1956faf3f
DEBUG: calling db.get(Merchant)
DEBUG: db.get(Merchant) finished: Filt
DEBUG: executing select(MerchantMember) query
DEBUG: select(MerchantMember) query executed
DEBUG: MerchantMember role: owner
DEBUG: get_current_merchant returning success
DEBUG: get_current_merchant starting for user 75c611d0-7440-4c68-946c-d95a13edd3c5, merchant 55f4226e-e8c1-4ca1-b62e-e0b1956faf3f
DEBUG: calling db.get(Merchant)
DEBUG: db.get(Merchant) finished: Filt
DEBUG: executing select(MerchantMember) query
DEBUG: select(MerchantMember) query executed
DEBUG: MerchantMember role: owner
DEBUG: get_current_merchant returning success
DEBUG: get_current_merchant starting for user 75c611d0-7440-4c68-946c-d95a13edd3c5, merchant 55f4226e-e8c1-4ca1-b62e-e0b1956faf3f
DEBUG: calling db.get(Merchant)
DEBUG: db.get(Merchant) finished: Filt
DEBUG: executing select(MerchantMember) query
DEBUG: select(MerchantMember) query executed
DEBUG: MerchantMember role: owner
DEBUG: get_current_merchant returning success
DEBUG: get_current_merchant starting for user 11fea91a-c0b0-46d0-9ddd-2ef157da5bcf, merchant 9f231407-7b0c-46a1-8329-9ef7f0bfbc2a
DEBUG: calling db.get(Merchant)
DEBUG: db.get(Merchant) finished: Merchant Alpha
DEBUG: executing select(MerchantMember) query
DEBUG: select(MerchantMember) query executed
DEBUG: MerchantMember role: owner
DEBUG: get_current_merchant returning success
DEBUG: get_current_merchant starting for user 11fea91a-c0b0-46d0-9ddd-2ef157da5bcf, merchant bbf3454e-c8e4-4b74-a93e-eaf25d8e9c2e
DEBUG: calling db.get(Merchant)
DEBUG: db.get(Merchant) finished: Merchant Beta
DEBUG: executing select(MerchantMember) query
DEBUG: select(MerchantMember) query executed
DEBUG: MerchantMember role: owner
DEBUG: get_current_merchant returning success
DEBUG: get_current_merchant starting for user 8912be3c-feed-4142-8461-d459ce9a5c96, merchant 20f41271-0929-4f0d-b8e8-ca2f0f13db42
DEBUG: calling db.get(Merchant)
DEBUG: db.get(Merchant) finished: Update Test
DEBUG: executing select(MerchantMember) query
DEBUG: select(MerchantMember) query executed
DEBUG: MerchantMember role: owner
DEBUG: get_current_merchant returning success
DEBUG: get_current_merchant starting for user 8912be3c-feed-4142-8461-d459ce9a5c96, merchant 20f41271-0929-4f0d-b8e8-ca2f0f13db42
DEBUG: calling db.get(Merchant)
DEBUG: db.get(Merchant) finished: Update Test
DEBUG: executing select(MerchantMember) query
DEBUG: select(MerchantMember) query executed
DEBUG: MerchantMember role: owner
DEBUG: get_current_merchant returning success
DEBUG: get_current_merchant starting for user c118454b-7aff-49e9-b537-2b06979cec27, merchant 2e38a7b3-e9eb-4dc7-ac1d-799397cd1c82
DEBUG: calling db.get(Merchant)
DEBUG: db.get(Merchant) finished: Archive Test
DEBUG: executing select(MerchantMember) query
DEBUG: select(MerchantMember) query executed
DEBUG: MerchantMember role: owner
DEBUG: get_current_merchant returning success
DEBUG: get_current_merchant starting for user c118454b-7aff-49e9-b537-2b06979cec27, merchant 2e38a7b3-e9eb-4dc7-ac1d-799397cd1c82
DEBUG: calling db.get(Merchant)
DEBUG: db.get(Merchant) finished: Archive Test
DEBUG: executing select(MerchantMember) query
DEBUG: select(MerchantMember) query executed
DEBUG: MerchantMember role: owner
DEBUG: get_current_merchant returning success
DEBUG: get_current_merchant starting for user c118454b-7aff-49e9-b537-2b06979cec27, merchant 2e38a7b3-e9eb-4dc7-ac1d-799397cd1c82
DEBUG: calling db.get(Merchant)
DEBUG: db.get(Merchant) finished: Archive Test
DEBUG: executing select(MerchantMember) query
DEBUG: select(MerchantMember) query executed
DEBUG: MerchantMember role: owner
DEBUG: get_current_merchant returning success
DEBUG: get_current_merchant starting for user 159e79a0-0266-43aa-af57-cbb344fd30fe, merchant b08b3e27-5f5a-4d87-96ea-b58522c88f4f
DEBUG: calling db.get(Merchant)
DEBUG: db.get(Merchant) finished: Publish Test
DEBUG: executing select(MerchantMember) query
DEBUG: select(MerchantMember) query executed
DEBUG: MerchantMember role: owner
DEBUG: get_current_merchant returning success
DEBUG: get_current_merchant starting for user 159e79a0-0266-43aa-af57-cbb344fd30fe, merchant b08b3e27-5f5a-4d87-96ea-b58522c88f4f
DEBUG: calling db.get(Merchant)
DEBUG: db.get(Merchant) finished: Publish Test
DEBUG: executing select(MerchantMember) query
DEBUG: select(MerchantMember) query executed
DEBUG: MerchantMember role: owner
DEBUG: get_current_merchant returning success
DEBUG: get_current_merchant starting for user 2ac2b1c2-071e-48a8-a008-1b701b5825a6, merchant 8b5e7661-ec98-4895-b16b-2462ea85e805
DEBUG: calling db.get(Merchant)
DEBUG: db.get(Merchant) finished: Archived Test
DEBUG: executing select(MerchantMember) query
DEBUG: select(MerchantMember) query executed
DEBUG: MerchantMember role: owner
DEBUG: get_current_merchant returning success
DEBUG: get_current_merchant starting for user 2ac2b1c2-071e-48a8-a008-1b701b5825a6, merchant 8b5e7661-ec98-4895-b16b-2462ea85e805
DEBUG: calling db.get(Merchant)
DEBUG: db.get(Merchant) finished: Archived Test
DEBUG: executing select(MerchantMember) query
DEBUG: select(MerchantMember) query executed
DEBUG: MerchantMember role: owner
DEBUG: get_current_merchant returning success
DEBUG: get_current_merchant starting for user 2ac2b1c2-071e-48a8-a008-1b701b5825a6, merchant 8b5e7661-ec98-4895-b16b-2462ea85e805
DEBUG: calling db.get(Merchant)
DEBUG: db.get(Merchant) finished: Archived Test
DEBUG: executing select(MerchantMember) query
DEBUG: select(MerchantMember) query executed
DEBUG: MerchantMember role: owner
DEBUG: get_current_merchant returning success
DEBUG: get_current_merchant starting for user 1d043f44-f2f1-4743-aeb0-11af00a9aaf2, merchant 241d723f-0a85-43ed-8e59-b92f998162f3
DEBUG: calling db.get(Merchant)
DEBUG: db.get(Merchant) finished: External Links
DEBUG: executing select(MerchantMember) query
DEBUG: select(MerchantMember) query executed
DEBUG: MerchantMember role: owner
DEBUG: get_current_merchant returning success
DEBUG: get_current_merchant starting for user 1d043f44-f2f1-4743-aeb0-11af00a9aaf2, merchant 241d723f-0a85-43ed-8e59-b92f998162f3
DEBUG: calling db.get(Merchant)
DEBUG: db.get(Merchant) finished: External Links
DEBUG: executing select(MerchantMember) query
DEBUG: select(MerchantMember) query executed
DEBUG: MerchantMember role: owner
DEBUG: get_current_merchant returning success
DEBUG: get_current_merchant starting for user 1d043f44-f2f1-4743-aeb0-11af00a9aaf2, merchant 241d723f-0a85-43ed-8e59-b92f998162f3
DEBUG: calling db.get(Merchant)
DEBUG: db.get(Merchant) finished: External Links
DEBUG: executing select(MerchantMember) query
DEBUG: select(MerchantMember) query executed
DEBUG: MerchantMember role: owner
DEBUG: get_current_merchant returning success
DEBUG: get_current_merchant starting for user f26659f8-651a-4177-aeca-73818866e967, merchant f4c2217a-01ca-43bf-967f-f609cfa28a5e
DEBUG: calling db.get(Merchant)
DEBUG: db.get(Merchant) finished: Update Links
DEBUG: executing select(MerchantMember) query
DEBUG: select(MerchantMember) query executed
DEBUG: MerchantMember role: owner
DEBUG: get_current_merchant returning success
DEBUG: get_current_merchant starting for user f26659f8-651a-4177-aeca-73818866e967, merchant f4c2217a-01ca-43bf-967f-f609cfa28a5e
DEBUG: calling db.get(Merchant)
DEBUG: db.get(Merchant) finished: Update Links
DEBUG: executing select(MerchantMember) query
DEBUG: select(MerchantMember) query executed
DEBUG: MerchantMember role: owner
DEBUG: get_current_merchant returning success
DEBUG: get_current_merchant starting for user f26659f8-651a-4177-aeca-73818866e967, merchant f4c2217a-01ca-43bf-967f-f609cfa28a5e
DEBUG: calling db.get(Merchant)
DEBUG: db.get(Merchant) finished: Update Links
DEBUG: executing select(MerchantMember) query
DEBUG: select(MerchantMember) query executed
DEBUG: MerchantMember role: owner
DEBUG: get_current_merchant returning success
DEBUG: get_current_merchant starting for user cd3ef2e3-b359-4148-a2ad-5e5fe967689a, merchant 44b102e5-f372-4e9c-a75e-d25f3a28f5a0
DEBUG: calling db.get(Merchant)
DEBUG: db.get(Merchant) finished: Delete Links
DEBUG: executing select(MerchantMember) query
DEBUG: select(MerchantMember) query executed
DEBUG: MerchantMember role: owner
DEBUG: get_current_merchant returning success
DEBUG: get_current_merchant starting for user cd3ef2e3-b359-4148-a2ad-5e5fe967689a, merchant 44b102e5-f372-4e9c-a75e-d25f3a28f5a0
DEBUG: calling db.get(Merchant)
DEBUG: db.get(Merchant) finished: Delete Links
DEBUG: executing select(MerchantMember) query
DEBUG: select(MerchantMember) query executed
DEBUG: MerchantMember role: owner
DEBUG: get_current_merchant returning success
DEBUG: get_current_merchant starting for user cd3ef2e3-b359-4148-a2ad-5e5fe967689a, merchant 44b102e5-f372-4e9c-a75e-d25f3a28f5a0
DEBUG: calling db.get(Merchant)
DEBUG: db.get(Merchant) finished: Delete Links
DEBUG: executing select(MerchantMember) query
DEBUG: select(MerchantMember) query executed
DEBUG: MerchantMember role: owner
DEBUG: get_current_merchant returning success
DEBUG: get_current_merchant starting for user cd3ef2e3-b359-4148-a2ad-5e5fe967689a, merchant 44b102e5-f372-4e9c-a75e-d25f3a28f5a0
DEBUG: calling db.get(Merchant)
DEBUG: db.get(Merchant) finished: Delete Links
DEBUG: executing select(MerchantMember) query
DEBUG: select(MerchantMember) query executed
DEBUG: MerchantMember role: owner
DEBUG: get_current_merchant returning success
DEBUG: get_current_merchant starting for user ed5aef46-8059-4930-932a-480ace1b0a20, merchant f06a7577-2aa7-4d7e-9063-4e4cba80dc24
DEBUG: calling db.get(Merchant)
DEBUG: db.get(Merchant) finished: Alpha Org
DEBUG: executing select(MerchantMember) query
DEBUG: select(MerchantMember) query executed
DEBUG: MerchantMember role: owner
DEBUG: get_current_merchant returning success
DEBUG: get_current_merchant starting for user ed5aef46-8059-4930-932a-480ace1b0a20, merchant f71b030e-c787-4574-89ed-d58b5548503a
DEBUG: calling db.get(Merchant)
DEBUG: db.get(Merchant) finished: Beta Org
DEBUG: executing select(MerchantMember) query
DEBUG: select(MerchantMember) query executed
DEBUG: MerchantMember role: owner
DEBUG: get_current_merchant returning success
DEBUG: get_current_merchant starting for user 04426e3d-6cba-4a95-8ca3-f796f6d5fd7f, merchant b686c4a9-dd34-4690-aa84-cacfbc0debad
DEBUG: calling db.get(Merchant)
DEBUG: db.get(Merchant) finished: No Onboard Co
DEBUG: executing select(MerchantMember) query
DEBUG: select(MerchantMember) query executed
DEBUG: MerchantMember role: owner
DEBUG: get_current_merchant returning success
DEBUG: get_current_merchant starting for user 16f52f04-345b-4d35-bb0a-94e01b776e50, merchant f79366d9-f015-44d0-add0-ec20ea588ec8
DEBUG: calling db.get(Merchant)
DEBUG: db.get(Merchant) finished: Foreign
DEBUG: executing select(MerchantMember) query
DEBUG: select(MerchantMember) query executed
DEBUG: MerchantMember role: None
DEBUG: get_current_merchant got exception: 403: not a member of this merchant
DEBUG: get_current_merchant starting for user 33547ffb-d051-4c67-bf4b-5b2c99454edd, merchant bf8f0fdc-0e22-460f-bfe6-209c1cc5d57e
DEBUG: calling db.get(Merchant)
DEBUG: db.get(Merchant) finished: Patch
DEBUG: executing select(MerchantMember) query
DEBUG: select(MerchantMember) query executed
DEBUG: MerchantMember role: staff
DEBUG: get_current_merchant returning success
DEBUG: get_current_merchant starting for user de05185d-6d86-472e-8305-785e392d9bd7, merchant 575a5070-bd1f-48ed-bd35-144f2c04db53
DEBUG: calling db.get(Merchant)
DEBUG: db.get(Merchant) finished: Team Test
DEBUG: executing select(MerchantMember) query
DEBUG: select(MerchantMember) query executed
DEBUG: MerchantMember role: owner
DEBUG: get_current_merchant returning success
DEBUG: get_current_merchant starting for user 4669abbe-3722-475e-a36b-72fb7b068118, merchant 412fb8ac-e8d6-4d34-913f-4f16838cdbeb
DEBUG: calling db.get(Merchant)
DEBUG: db.get(Merchant) finished: Inv Test
DEBUG: executing select(MerchantMember) query
DEBUG: select(MerchantMember) query executed
DEBUG: MerchantMember role: owner
DEBUG: get_current_merchant returning success
DEBUG: get_current_merchant starting for user 244535d9-47c5-4234-bfa0-701fdd7d8cd6, merchant 368c17b4-a2d5-4a1b-85f0-ea693cefa135
DEBUG: calling db.get(Merchant)
DEBUG: db.get(Merchant) finished: Unk
DEBUG: executing select(MerchantMember) query
DEBUG: select(MerchantMember) query executed
DEBUG: MerchantMember role: owner
DEBUG: get_current_merchant returning success
DEBUG: get_current_merchant starting for user c76534b5-61e7-452b-b5a5-7aa4e28d4f02, merchant f728b78d-a56b-48ca-9796-ea3345a90677
DEBUG: calling db.get(Merchant)
DEBUG: db.get(Merchant) finished: Role Test
DEBUG: executing select(MerchantMember) query
DEBUG: select(MerchantMember) query executed
DEBUG: MerchantMember role: owner
DEBUG: get_current_merchant returning success
DEBUG: get_current_merchant starting for user 81edf7f7-c87b-472f-aad5-584720ad563f, merchant f728b78d-a56b-48ca-9796-ea3345a90677
DEBUG: calling db.get(Merchant)
DEBUG: db.get(Merchant) finished: Role Test
DEBUG: executing select(MerchantMember) query
DEBUG: select(MerchantMember) query executed
DEBUG: MerchantMember role: admin
DEBUG: get_current_merchant returning success
DEBUG: get_current_merchant starting for user 81edf7f7-c87b-472f-aad5-584720ad563f, merchant f728b78d-a56b-48ca-9796-ea3345a90677
DEBUG: calling db.get(Merchant)
DEBUG: db.get(Merchant) finished: Role Test
DEBUG: executing select(MerchantMember) query
DEBUG: select(MerchantMember) query executed
DEBUG: MerchantMember role: admin
DEBUG: get_current_merchant returning success
DEBUG: get_current_merchant starting for user d8699038-1175-4bdd-8d76-1626584eeae6, merchant d38e1dbe-d67a-4970-99bb-6e4178211559
DEBUG: calling db.get(Merchant)
DEBUG: db.get(Merchant) finished: Self
DEBUG: executing select(MerchantMember) query
DEBUG: select(MerchantMember) query executed
DEBUG: MerchantMember role: owner
DEBUG: get_current_merchant returning success
DEBUG: get_current_merchant starting for user f5e301af-a1a2-4357-880f-f383106a4310, merchant 78a31855-e8b7-4db7-a6a3-167d305cbb03
DEBUG: calling db.get(Merchant)
DEBUG: db.get(Merchant) finished: Wallet Read
DEBUG: executing select(MerchantMember) query
DEBUG: select(MerchantMember) query executed
DEBUG: MerchantMember role: owner
DEBUG: get_current_merchant returning success
DEBUG: get_current_merchant starting for user cb1bbe9f-24d4-4a3e-ad31-352366799a9f, merchant da23fe71-a3fc-41a5-85bc-a66d93fdcd8b
DEBUG: calling db.get(Merchant)
DEBUG: db.get(Merchant) finished: Txn List
DEBUG: executing select(MerchantMember) query
DEBUG: select(MerchantMember) query executed
DEBUG: MerchantMember role: owner
DEBUG: get_current_merchant returning success
DEBUG: get_current_merchant starting for user 9f6e5e6f-3b8b-4747-9c3d-0d5088385ec4, merchant fe3bc776-228f-4835-951b-5a1186f83f9b
DEBUG: calling db.get(Merchant)
DEBUG: db.get(Merchant) finished: Threshold Test
DEBUG: executing select(MerchantMember) query
DEBUG: select(MerchantMember) query executed
DEBUG: MerchantMember role: owner
DEBUG: get_current_merchant returning success
DEBUG: get_current_merchant starting for user 1ca807be-d412-4437-af49-89251786ee40, merchant 9c53000e-1d85-42e6-9450-9173d170421b
DEBUG: calling db.get(Merchant)
DEBUG: db.get(Merchant) finished: Intent Test
DEBUG: executing select(MerchantMember) query
DEBUG: select(MerchantMember) query executed
DEBUG: MerchantMember role: owner
DEBUG: get_current_merchant returning success
DEBUG: get_current_merchant starting for user a13a78a9-6ff5-4bf9-8877-d3eebd9f9e5c, merchant 0e640819-5052-4c66-a00f-7aa7497da970
DEBUG: calling db.get(Merchant)
DEBUG: db.get(Merchant) finished: Confirm Test
DEBUG: executing select(MerchantMember) query
DEBUG: select(MerchantMember) query executed
DEBUG: MerchantMember role: owner
DEBUG: get_current_merchant returning success
DEBUG: get_current_merchant starting for user b35afc43-6886-451a-b9ac-448235d6aaa5, merchant cfaf273f-8cb5-4fd2-b86c-0d4ef1cdce75
DEBUG: calling db.get(Merchant)
DEBUG: db.get(Merchant) finished: Idem Test
DEBUG: executing select(MerchantMember) query
DEBUG: select(MerchantMember) query executed
DEBUG: MerchantMember role: owner
DEBUG: get_current_merchant returning success
DEBUG: get_current_merchant starting for user c5c38d52-fed1-43af-b206-bcaac76ea606, merchant 307295c0-ec62-464e-a7df-e896f271e445
DEBUG: calling db.get(Merchant)
DEBUG: db.get(Merchant) finished: Bad Sig
DEBUG: executing select(MerchantMember) query
DEBUG: select(MerchantMember) query executed
DEBUG: MerchantMember role: owner
DEBUG: get_current_merchant returning success
DEBUG: get_current_merchant starting for user b6d0d6fa-35f1-412f-849e-b3ec70a9c8f0, merchant 16e48666-9e0a-4849-b9ca-19c98268617a
DEBUG: calling db.get(Merchant)
DEBUG: db.get(Merchant) finished: Publish Gate
DEBUG: executing select(MerchantMember) query
DEBUG: select(MerchantMember) query executed
DEBUG: MerchantMember role: owner
DEBUG: get_current_merchant returning success
DEBUG: get_current_merchant starting for user b6d0d6fa-35f1-412f-849e-b3ec70a9c8f0, merchant 16e48666-9e0a-4849-b9ca-19c98268617a
DEBUG: calling db.get(Merchant)
DEBUG: db.get(Merchant) finished: Publish Gate
DEBUG: executing select(MerchantMember) query
DEBUG: select(MerchantMember) query executed
DEBUG: MerchantMember role: owner
DEBUG: get_current_merchant returning success
DEBUG: get_current_merchant starting for user b6d0d6fa-35f1-412f-849e-b3ec70a9c8f0, merchant 16e48666-9e0a-4849-b9ca-19c98268617a
DEBUG: calling db.get(Merchant)
DEBUG: db.get(Merchant) finished: Publish Gate
DEBUG: executing select(MerchantMember) query
DEBUG: select(MerchantMember) query executed
DEBUG: MerchantMember role: owner
DEBUG: get_current_merchant returning success
DEBUG: get_current_merchant starting for user 20f83eef-9bb6-448d-a69e-7a7b9bf4f957, merchant 28d95cad-a38c-4b1d-9654-f6df5fe49e69
DEBUG: calling db.get(Merchant)
DEBUG: get_current_merchant starting for user 20f83eef-9bb6-448d-a69e-7a7b9bf4f957, merchant 28d95cad-a38c-4b1d-9654-f6df5fe49e69
DEBUG: calling db.get(Merchant)
DEBUG: get_current_merchant starting for user 20f83eef-9bb6-448d-a69e-7a7b9bf4f957, merchant 28d95cad-a38c-4b1d-9654-f6df5fe49e69
DEBUG: calling db.get(Merchant)
DEBUG: db.get(Merchant) finished: ixona
DEBUG: executing select(MerchantMember) query
DEBUG: db.get(Merchant) finished: ixona
DEBUG: executing select(MerchantMember) query
DEBUG: db.get(Merchant) finished: ixona
DEBUG: executing select(MerchantMember) query
DEBUG: get_current_merchant starting for user 20f83eef-9bb6-448d-a69e-7a7b9bf4f957, merchant 28d95cad-a38c-4b1d-9654-f6df5fe49e69
DEBUG: select(MerchantMember) query executed
DEBUG: get_current_merchant starting for user 20f83eef-9bb6-448d-a69e-7a7b9bf4f957, merchant 28d95cad-a38c-4b1d-9654-f6df5fe49e69
DEBUG: get_current_merchant starting for user 20f83eef-9bb6-448d-a69e-7a7b9bf4f957, merchant 28d95cad-a38c-4b1d-9654-f6df5fe49e69
DEBUG: calling db.get(Merchant)
DEBUG: MerchantMember role: owner
DEBUG: calling db.get(Merchant)
DEBUG: calling db.get(Merchant)
DEBUG: get_current_merchant returning success
DEBUG: get_current_merchant starting for user 20f83eef-9bb6-448d-a69e-7a7b9bf4f957, merchant 28d95cad-a38c-4b1d-9654-f6df5fe49e69
DEBUG: calling db.get(Merchant)
DEBUG: get_current_merchant starting for user 20f83eef-9bb6-448d-a69e-7a7b9bf4f957, merchant 28d95cad-a38c-4b1d-9654-f6df5fe49e69
DEBUG: calling db.get(Merchant)
DEBUG: get_current_merchant starting for user 20f83eef-9bb6-448d-a69e-7a7b9bf4f957, merchant 28d95cad-a38c-4b1d-9654-f6df5fe49e69
DEBUG: get_current_merchant starting for user 20f83eef-9bb6-448d-a69e-7a7b9bf4f957, merchant 28d95cad-a38c-4b1d-9654-f6df5fe49e69
DEBUG: calling db.get(Merchant)
DEBUG: calling db.get(Merchant)
DEBUG: get_current_merchant starting for user 20f83eef-9bb6-448d-a69e-7a7b9bf4f957, merchant 28d95cad-a38c-4b1d-9654-f6df5fe49e69
DEBUG: calling db.get(Merchant)
DEBUG: select(MerchantMember) query executed
DEBUG: MerchantMember role: owner
DEBUG: get_current_merchant returning success
DEBUG: select(MerchantMember) query executed
DEBUG: MerchantMember role: owner
DEBUG: get_current_merchant returning success
DEBUG: db.get(Merchant) finished: ixona
DEBUG: db.get(Merchant) finished: ixona
DEBUG: executing select(MerchantMember) query
DEBUG: executing select(MerchantMember) query
DEBUG: executing select(MerchantMember) query
DEBUG: db.get(Merchant) finished: ixona
DEBUG: executing select(MerchantMember) query
DEBUG: executing select(MerchantMember) query
DEBUG: db.get(Merchant) finished: ixona
DEBUG: executing select(MerchantMember) query
DEBUG: db.get(Merchant) finished: ixona
DEBUG: executing select(MerchantMember) query
DEBUG: select(MerchantMember) query executed
DEBUG: select(MerchantMember) query executed
DEBUG: MerchantMember role: owner
DEBUG: MerchantMember role: owner
DEBUG: get_current_merchant returning success
DEBUG: get_current_merchant returning success
DEBUG: get_current_merchant returning success
DEBUG: select(MerchantMember) query executed
DEBUG: MerchantMember role: owner
DEBUG: get_current_merchant returning success
DEBUG: select(MerchantMember) query executed
DEBUG: MerchantMember role: owner
DEBUG: get_current_merchant returning success
DEBUG: select(MerchantMember) query executed
DEBUG: MerchantMember role: owner
DEBUG: get_current_merchant returning success
DEBUG: select(MerchantMember) query executed
DEBUG: MerchantMember role: owner
DEBUG: get_current_merchant returning success
DEBUG: get_current_merchant starting for user 20f83eef-9bb6-448d-a69e-7a7b9bf4f957, merchant 28d95cad-a38c-4b1d-9654-f6df5fe49e69
DEBUG: calling db.get(Merchant)
DEBUG: db.get(Merchant) finished: ixona
DEBUG: executing select(MerchantMember) query
DEBUG: select(MerchantMember) query executed
DEBUG: MerchantMember role: owner
DEBUG: get_current_merchant returning success
DEBUG: get_current_merchant starting for user 20f83eef-9bb6-448d-a69e-7a7b9bf4f957, merchant 28d95cad-a38c-4b1d-9654-f6df5fe49e69
DEBUG: calling db.get(Merchant)
DEBUG: db.get(Merchant) finished: ixona
DEBUG: executing select(MerchantMember) query
DEBUG: select(MerchantMember) query executed
DEBUG: MerchantMember role: owner
DEBUG: get_current_merchant returning success
DEBUG: get_current_merchant starting for user 20f83eef-9bb6-448d-a69e-7a7b9bf4f957, merchant 28d95cad-a38c-4b1d-9654-f6df5fe49e69
DEBUG: calling db.get(Merchant)
DEBUG: db.get(Merchant) finished: ixona
DEBUG: executing select(MerchantMember) query
DEBUG: select(MerchantMember) query executed
DEBUG: MerchantMember role: owner
DEBUG: get_current_merchant returning success
DEBUG: get_current_merchant starting for user 20f83eef-9bb6-448d-a69e-7a7b9bf4f957, merchant 28d95cad-a38c-4b1d-9654-f6df5fe49e69
DEBUG: calling db.get(Merchant)
DEBUG: db.get(Merchant) finished: krishna store
DEBUG: executing select(MerchantMember) query
DEBUG: select(MerchantMember) query executed
DEBUG: MerchantMember role: owner
DEBUG: get_current_merchant returning success
DEBUG: get_current_merchant starting for user 20f83eef-9bb6-448d-a69e-7a7b9bf4f957, merchant 28d95cad-a38c-4b1d-9654-f6df5fe49e69
DEBUG: calling db.get(Merchant)
DEBUG: db.get(Merchant) finished: krishna store
DEBUG: executing select(MerchantMember) query
DEBUG: select(MerchantMember) query executed
DEBUG: MerchantMember role: owner
DEBUG: get_current_merchant returning success
DEBUG: get_current_merchant starting for user 20f83eef-9bb6-448d-a69e-7a7b9bf4f957, merchant 28d95cad-a38c-4b1d-9654-f6df5fe49e69
DEBUG: calling db.get(Merchant)
DEBUG: db.get(Merchant) finished: krishna store
DEBUG: executing select(MerchantMember) query
DEBUG: select(MerchantMember) query executed
DEBUG: MerchantMember role: owner
DEBUG: get_current_merchant returning success
DEBUG: get_current_merchant starting for user 20f83eef-9bb6-448d-a69e-7a7b9bf4f957, merchant 28d95cad-a38c-4b1d-9654-f6df5fe49e69
DEBUG: calling db.get(Merchant)
DEBUG: db.get(Merchant) finished: krishna store
DEBUG: executing select(MerchantMember) query
DEBUG: select(MerchantMember) query executed
DEBUG: MerchantMember role: owner
DEBUG: get_current_merchant returning success
DEBUG: get_current_merchant starting for user 20f83eef-9bb6-448d-a69e-7a7b9bf4f957, merchant 28d95cad-a38c-4b1d-9654-f6df5fe49e69
DEBUG: calling db.get(Merchant)
DEBUG: calling db.get(Merchant)
DEBUG: calling db.get(Merchant)
DEBUG: get_current_merchant starting for user 20f83eef-9bb6-448d-a69e-7a7b9bf4f957, merchant 28d95cad-a38c-4b1d-9654-f6df5fe49e69
DEBUG: calling db.get(Merchant)
DEBUG: get_current_merchant starting for user 20f83eef-9bb6-448d-a69e-7a7b9bf4f957, merchant 28d95cad-a38c-4b1d-9654-f6df5fe49e69
DEBUG: calling db.get(Merchant)
DEBUG: get_current_merchant starting for user 20f83eef-9bb6-448d-a69e-7a7b9bf4f957, merchant 28d95cad-a38c-4b1d-9654-f6df5fe49e69
DEBUG: calling db.get(Merchant)
DEBUG: get_current_merchant starting for user 20f83eef-9bb6-448d-a69e-7a7b9bf4f957, merchant 28d95cad-a38c-4b1d-9654-f6df5fe49e69
DEBUG: calling db.get(Merchant)
DEBUG: get_current_merchant starting for user 20f83eef-9bb6-448d-a69e-7a7b9bf4f957, merchant 28d95cad-a38c-4b1d-9654-f6df5fe49e69
DEBUG: calling db.get(Merchant)
DEBUG: get_current_merchant starting for user 20f83eef-9bb6-448d-a69e-7a7b9bf4f957, merchant 28d95cad-a38c-4b1d-9654-f6df5fe49e69
DEBUG: calling db.get(Merchant)
DEBUG: get_current_merchant starting for user 20f83eef-9bb6-448d-a69e-7a7b9bf4f957, merchant 28d95cad-a38c-4b1d-9654-f6df5fe49e69
DEBUG: calling db.get(Merchant)
DEBUG: db.get(Merchant) finished: krishna store
DEBUG: db.get(Merchant) finished: krishna store
DEBUG: executing select(MerchantMember) query
DEBUG: executing select(MerchantMember) query
DEBUG: executing select(MerchantMember) query
DEBUG: db.get(Merchant) finished: krishna store
DEBUG: db.get(Merchant) finished: krishna store
DEBUG: executing select(MerchantMember) query
DEBUG: db.get(Merchant) finished: krishna store
DEBUG: executing select(MerchantMember) query
DEBUG: db.get(Merchant) finished: krishna store
DEBUG: executing select(MerchantMember) query
DEBUG: db.get(Merchant) finished: krishna store
DEBUG: executing select(MerchantMember) query
DEBUG: db.get(Merchant) finished: krishna store
DEBUG: executing select(MerchantMember) query
DEBUG: db.get(Merchant) finished: krishna store
DEBUG: executing select(MerchantMember) query
DEBUG: select(MerchantMember) query executed
DEBUG: select(MerchantMember) query executed
DEBUG: MerchantMember role: owner
DEBUG: MerchantMember role: owner
DEBUG: get_current_merchant returning success
DEBUG: get_current_merchant returning success
DEBUG: select(MerchantMember) query executed
DEBUG: MerchantMember role: owner
DEBUG: select(MerchantMember) query executed
DEBUG: MerchantMember role: owner
 executed

DEBUG: get_current_merchant starting for user 20f83eef-9bb6-448d-a69e-7a7b9bf4f957, merchant 28d95cad-a38c-4b1d-9654-f6df5fe49e69
DEBUG: calling db.get(Merchant)
DEBUG: MerchantMember role: owner
DEBUG: get_current_merchant returning success
DEBUG: select(MerchantMember) query executed
DEBUG: get_current_merchant returning success
DEBUG: MerchantMember role: owner
DEBUG: select(MerchantMember) query executed
DEBUG: get_current_merchant returning success
DEBUG: MerchantMember role: owner
DEBUG: get_current_merchant returning success
DEBUG: select(MerchantMember) query executed
DEBUG: MerchantMember role: owner
DEBUG: get_current_merchant returning success
DEBUG: select(MerchantMember) query executed
DEBUG: MerchantMember role: owner
DEBUG: get_current_merchant returning success
DEBUG: db.get(Merchant) finished: krishna store
DEBUG: executing select(MerchantMember) query
DEBUG: select(MerchantMember) query executed
DEBUG: MerchantMember role: owner
DEBUG: get_current_merchant returning success
DEBUG: get_current_merchant starting for user 20f83eef-9bb6-448d-a69e-7a7b9bf4f957, merchant 28d95cad-a38c-4b1d-9654-f6df5fe49e69
DEBUG: calling db.get(Merchant)
DEBUG: db.get(Merchant) finished: krishna store
DEBUG: executing select(MerchantMember) query
DEBUG: select(MerchantMember) query executed
DEBUG: MerchantMember role: owner
DEBUG: get_current_merchant returning success
DEBUG: get_current_merchant starting for user 20f83eef-9bb6-448d-a69e-7a7b9bf4f957, merchant 28d95cad-a38c-4b1d-9654-f6df5fe49e69
DEBUG: calling db.get(Merchant)
DEBUG: db.get(Merchant) finished: krishna store
DEBUG: executing select(MerchantMember) query
DEBUG: select(MerchantMember) query executed
DEBUG: MerchantMember role: owner
DEBUG: get_current_merchant returning success
DEBUG: get_current_merchant starting for user ed63e566-46b5-4b52-be0b-8cefdb980c6f, merchant 00ff2dbd-e451-40f9-986d-dc4760c2afdb
DEBUG: calling db.get(Merchant)
DEBUG: db.get(Merchant) finished: Analytics Co
DEBUG: executing select(MerchantMember) query
DEBUG: select(MerchantMember) query executed
DEBUG: MerchantMember role: owner
DEBUG: get_current_merchant returning success
DEBUG: get_current_merchant starting for user 2d91e0d8-d81b-428a-948a-213bf9aed103, merchant e581e0db-8bf1-41b9-af8b-038dac38ee68
DEBUG: calling db.get(Merchant)
DEBUG: db.get(Merchant) finished: Analytics Co
DEBUG: executing select(MerchantMember) query
DEBUG: select(MerchantMember) query executed
DEBUG: MerchantMember role: owner
DEBUG: get_current_merchant returning success
DEBUG: get_current_merchant starting for user 39f47b55-948f-44d6-8f7d-2e618836b44e, merchant b89751a7-a37b-4107-ad0e-a9884f31f74f
DEBUG: calling db.get(Merchant)
DEBUG: db.get(Merchant) finished: Analytics Co
DEBUG: executing select(MerchantMember) query
DEBUG: select(MerchantMember) query executed
DEBUG: MerchantMember role: owner
DEBUG: get_current_merchant returning success
DEBUG: get_current_merchant starting for user 9a6e608f-a07e-47ff-99ed-f3ec63449262, merchant beb725f8-fd64-4cc9-97ca-bc619827af6d
DEBUG: calling db.get(Merchant)
DEBUG: db.get(Merchant) finished: Diag
DEBUG: executing select(MerchantMember) query
DEBUG: select(MerchantMember) query executed
DEBUG: MerchantMember role: owner
DEBUG: get_current_merchant returning success
DEBUG: get_current_merchant starting for user 3657e572-c0e2-4b85-a8b7-83ee9e0f2657, merchant 3f12365f-3863-4934-a32d-f99adfa04427
DEBUG: calling db.get(Merchant)
DEBUG: db.get(Merchant) finished: Ctx
DEBUG: executing select(MerchantMember) query
DEBUG: select(MerchantMember) query executed
DEBUG: MerchantMember role: owner
DEBUG: get_current_merchant returning success
DEBUG: get_current_merchant starting for user 8e5935ca-e186-4123-84dc-7742716835b0, merchant 3d8542e2-c968-4191-a5c0-135adcce5100
DEBUG: calling db.get(Merchant)
DEBUG: db.get(Merchant) finished: Other
DEBUG: executing select(MerchantMember) query
DEBUG: select(MerchantMember) query executed
DEBUG: MerchantMember role: None
DEBUG: get_current_merchant got exception: 403: not a member of this merchant
DEBUG: get_current_merchant starting for user ac1e9823-6be0-44b0-b43d-2a59d731f67d, merchant e0e5f3d3-550d-4497-9298-589b9423aad2
DEBUG: calling db.get(Merchant)
DEBUG: db.get(Merchant) finished: None
DEBUG: get_current_merchant got exception: 404: merchant not found
DEBUG: get_current_merchant starting for user 00a71c99-44e8-472c-bdc6-a9b1178785e7, merchant 71340ffd-8012-4c80-85be-bbdeeb442557
DEBUG: calling db.get(Merchant)
DEBUG: db.get(Merchant) finished: Prod Test
DEBUG: executing select(MerchantMember) query
DEBUG: select(MerchantMember) query executed
DEBUG: MerchantMember role: owner
DEBUG: get_current_merchant returning success
DEBUG: get_current_merchant starting for user d506fd52-20ad-4690-bcbc-f2b3670f234c, merchant 04a197b8-6218-4996-aca1-d860cec9e96f
DEBUG: calling db.get(Merchant)
DEBUG: db.get(Merchant) finished: Dup
DEBUG: executing select(MerchantMember) query
DEBUG: select(MerchantMember) query executed
DEBUG: MerchantMember role: owner
DEBUG: get_current_merchant returning success
DEBUG: get_current_merchant starting for user d506fd52-20ad-4690-bcbc-f2b3670f234c, merchant 04a197b8-6218-4996-aca1-d860cec9e96f
DEBUG: calling db.get(Merchant)
DEBUG: db.get(Merchant) finished: Dup
DEBUG: executing select(MerchantMember) query
DEBUG: select(MerchantMember) query executed
DEBUG: MerchantMember role: owner
DEBUG: get_current_merchant returning success
DEBUG: get_current_merchant starting for user f33008ea-6da7-4d08-a353-eb262623d5e3, merchant b5485a3f-49c5-42a8-815c-98badb4cbe8e
DEBUG: calling db.get(Merchant)
DEBUG: db.get(Merchant) finished: M1
DEBUG: executing select(MerchantMember) query
DEBUG: select(MerchantMember) query executed
DEBUG: MerchantMember role: owner
DEBUG: get_current_merchant returning success
DEBUG: get_current_merchant starting for user f33008ea-6da7-4d08-a353-eb262623d5e3, merchant b5485a3f-49c5-42a8-815c-98badb4cbe8e
DEBUG: calling db.get(Merchant)
DEBUG: db.get(Merchant) finished: M1
DEBUG: executing select(MerchantMember) query
DEBUG: select(MerchantMember) query executed
DEBUG: MerchantMember role: owner
DEBUG: get_current_merchant returning success
DEBUG: get_current_merchant starting for user f33008ea-6da7-4d08-a353-eb262623d5e3, merchant 788a621e-1b70-4ae3-bec0-e46339cc754a
DEBUG: calling db.get(Merchant)
DEBUG: db.get(Merchant) finished: M2
DEBUG: executing select(MerchantMember) query
DEBUG: select(MerchantMember) query executed
DEBUG: MerchantMember role: owner
DEBUG: get_current_merchant returning success
DEBUG: get_current_merchant starting for user f33008ea-6da7-4d08-a353-eb262623d5e3, merchant 788a621e-1b70-4ae3-bec0-e46339cc754a
DEBUG: calling db.get(Merchant)
DEBUG: db.get(Merchant) finished: M2
DEBUG: executing select(MerchantMember) query
DEBUG: select(MerchantMember) query executed
DEBUG: MerchantMember role: owner
DEBUG: get_current_merchant returning success
DEBUG: get_current_merchant starting for user f33008ea-6da7-4d08-a353-eb262623d5e3, merchant 788a621e-1b70-4ae3-bec0-e46339cc754a
DEBUG: calling db.get(Merchant)
DEBUG: db.get(Merchant) finished: M2
DEBUG: executing select(MerchantMember) query
DEBUG: select(MerchantMember) query executed
DEBUG: MerchantMember role: owner
DEBUG: get_current_merchant returning success
DEBUG: get_current_merchant starting for user f33008ea-6da7-4d08-a353-eb262623d5e3, merchant b5485a3f-49c5-42a8-815c-98badb4cbe8e
DEBUG: calling db.get(Merchant)
DEBUG: db.get(Merchant) finished: M1
DEBUG: executing select(MerchantMember) query
DEBUG: select(MerchantMember) query executed
DEBUG: MerchantMember role: owner
DEBUG: get_current_merchant returning success
DEBUG: get_current_merchant starting for user 414e24d0-7994-47bc-a84a-3a942de05142, merchant 397644ab-ec46-4603-9578-573fc33bbc45
DEBUG: calling db.get(Merchant)
DEBUG: db.get(Merchant) finished: Filt
DEBUG: executing select(MerchantMember) query
DEBUG: select(MerchantMember) query executed
DEBUG: MerchantMember role: owner
DEBUG: get_current_merchant returning success
DEBUG: get_current_merchant starting for user 414e24d0-7994-47bc-a84a-3a942de05142, merchant 397644ab-ec46-4603-9578-573fc33bbc45
DEBUG: calling db.get(Merchant)
DEBUG: db.get(Merchant) finished: Filt
DEBUG: executing select(MerchantMember) query
DEBUG: select(MerchantMember) query executed
DEBUG: MerchantMember role: owner
DEBUG: get_current_merchant returning success
DEBUG: get_current_merchant starting for user 414e24d0-7994-47bc-a84a-3a942de05142, merchant 397644ab-ec46-4603-9578-573fc33bbc45
DEBUG: calling db.get(Merchant)
DEBUG: db.get(Merchant) finished: Filt
DEBUG: executing select(MerchantMember) query
DEBUG: select(MerchantMember) query executed
DEBUG: MerchantMember role: owner
DEBUG: get_current_merchant returning success
DEBUG: get_current_merchant starting for user 414e24d0-7994-47bc-a84a-3a942de05142, merchant 397644ab-ec46-4603-9578-573fc33bbc45
DEBUG: calling db.get(Merchant)
DEBUG: db.get(Merchant) finished: Filt
DEBUG: executing select(MerchantMember) query
DEBUG: select(MerchantMember) query executed
DEBUG: MerchantMember role: owner
DEBUG: get_current_merchant returning success
DEBUG: get_current_merchant starting for user 414e24d0-7994-47bc-a84a-3a942de05142, merchant 397644ab-ec46-4603-9578-573fc33bbc45
DEBUG: calling db.get(Merchant)
DEBUG: db.get(Merchant) finished: Filt
DEBUG: executing select(MerchantMember) query
DEBUG: select(MerchantMember) query executed
DEBUG: MerchantMember role: owner
DEBUG: get_current_merchant returning success
DEBUG: get_current_merchant starting for user dc75d0be-73b3-4148-9b01-8fd25af1343e, merchant a00b1902-2b38-40e1-bb5c-23f15e2611b0
DEBUG: calling db.get(Merchant)
DEBUG: db.get(Merchant) finished: Merchant Alpha
DEBUG: executing select(MerchantMember) query
DEBUG: select(MerchantMember) query executed
DEBUG: MerchantMember role: owner
DEBUG: get_current_merchant returning success
DEBUG: get_current_merchant starting for user dc75d0be-73b3-4148-9b01-8fd25af1343e, merchant 211d49a3-1a48-4d9d-87cd-97dd15b08926
DEBUG: calling db.get(Merchant)
DEBUG: db.get(Merchant) finished: Merchant Beta
DEBUG: executing select(MerchantMember) query
DEBUG: select(MerchantMember) query executed
DEBUG: MerchantMember role: owner
DEBUG: get_current_merchant returning success
DEBUG: get_current_merchant starting for user 20d3b699-0412-4827-860c-dcbf66beb260, merchant c3b4e1f1-761c-471b-afd1-82ed26c71d00
DEBUG: calling db.get(Merchant)
DEBUG: db.get(Merchant) finished: Update Test
DEBUG: executing select(MerchantMember) query
DEBUG: select(MerchantMember) query executed
DEBUG: MerchantMember role: owner
DEBUG: get_current_merchant returning success
DEBUG: get_current_merchant starting for user 20d3b699-0412-4827-860c-dcbf66beb260, merchant c3b4e1f1-761c-471b-afd1-82ed26c71d00
DEBUG: calling db.get(Merchant)
DEBUG: db.get(Merchant) finished: Update Test
DEBUG: executing select(MerchantMember) query
DEBUG: select(MerchantMember) query executed
DEBUG: MerchantMember role: owner
DEBUG: get_current_merchant returning success
DEBUG: get_current_merchant starting for user bbd2568f-93ef-443c-8df9-58d1c8e77cc0, merchant 1ecfb3d2-82a5-4554-ad40-887281826ca1
DEBUG: calling db.get(Merchant)
DEBUG: db.get(Merchant) finished: Archive Test
DEBUG: executing select(MerchantMember) query
DEBUG: select(MerchantMember) query executed
DEBUG: MerchantMember role: owner
DEBUG: get_current_merchant returning success
DEBUG: get_current_merchant starting for user bbd2568f-93ef-443c-8df9-58d1c8e77cc0, merchant 1ecfb3d2-82a5-4554-ad40-887281826ca1
DEBUG: calling db.get(Merchant)
DEBUG: db.get(Merchant) finished: Archive Test
DEBUG: executing select(MerchantMember) query
DEBUG: select(MerchantMember) query executed
DEBUG: MerchantMember role: owner
DEBUG: get_current_merchant returning success
DEBUG: get_current_merchant starting for user bbd2568f-93ef-443c-8df9-58d1c8e77cc0, merchant 1ecfb3d2-82a5-4554-ad40-887281826ca1
DEBUG: calling db.get(Merchant)
DEBUG: db.get(Merchant) finished: Archive Test
DEBUG: executing select(MerchantMember) query
DEBUG: select(MerchantMember) query executed
DEBUG: MerchantMember role: owner
DEBUG: get_current_merchant returning success
DEBUG: get_current_merchant starting for user b4811eb4-e64a-4a1a-9380-e2e55801f2a4, merchant 504ee1d3-c4d3-48cc-8ec3-dfee3763cc86
DEBUG: calling db.get(Merchant)
DEBUG: db.get(Merchant) finished: Publish Test
DEBUG: executing select(MerchantMember) query
DEBUG: select(MerchantMember) query executed
DEBUG: MerchantMember role: owner
DEBUG: get_current_merchant returning success
DEBUG: get_current_merchant starting for user b4811eb4-e64a-4a1a-9380-e2e55801f2a4, merchant 504ee1d3-c4d3-48cc-8ec3-dfee3763cc86
DEBUG: calling db.get(Merchant)
DEBUG: db.get(Merchant) finished: Publish Test
DEBUG: executing select(MerchantMember) query
DEBUG: select(MerchantMember) query executed
DEBUG: MerchantMember role: owner
DEBUG: get_current_merchant returning success
DEBUG: get_current_merchant starting for user 9021b5bb-5931-4f84-be2a-fc138eb895bb, merchant ed06edd3-f734-4264-ab1a-662d2f8ef892
DEBUG: calling db.get(Merchant)
DEBUG: db.get(Merchant) finished: Archived Test
DEBUG: executing select(MerchantMember) query
DEBUG: select(MerchantMember) query executed
DEBUG: MerchantMember role: owner
DEBUG: get_current_merchant returning success
DEBUG: get_current_merchant starting for user 9021b5bb-5931-4f84-be2a-fc138eb895bb, merchant ed06edd3-f734-4264-ab1a-662d2f8ef892
DEBUG: calling db.get(Merchant)
DEBUG: db.get(Merchant) finished: Archived Test
DEBUG: executing select(MerchantMember) query
DEBUG: select(MerchantMember) query executed
DEBUG: MerchantMember role: owner
DEBUG: get_current_merchant returning success
DEBUG: get_current_merchant starting for user 9021b5bb-5931-4f84-be2a-fc138eb895bb, merchant ed06edd3-f734-4264-ab1a-662d2f8ef892
DEBUG: calling db.get(Merchant)
DEBUG: db.get(Merchant) finished: Archived Test
DEBUG: executing select(MerchantMember) query
DEBUG: select(MerchantMember) query executed
DEBUG: MerchantMember role: owner
DEBUG: get_current_merchant returning success
DEBUG: get_current_merchant starting for user 6956f42d-9016-4292-8ebe-78fc3d5985bd, merchant 29022584-7b8e-419d-bf00-1c084be25dd9
DEBUG: calling db.get(Merchant)
DEBUG: db.get(Merchant) finished: External Links
DEBUG: executing select(MerchantMember) query
DEBUG: select(MerchantMember) query executed
DEBUG: MerchantMember role: owner
DEBUG: get_current_merchant returning success
DEBUG: get_current_merchant starting for user 6956f42d-9016-4292-8ebe-78fc3d5985bd, merchant 29022584-7b8e-419d-bf00-1c084be25dd9
DEBUG: calling db.get(Merchant)
DEBUG: db.get(Merchant) finished: External Links
DEBUG: executing select(MerchantMember) query
DEBUG: select(MerchantMember) query executed
DEBUG: MerchantMember role: owner
DEBUG: get_current_merchant returning success
DEBUG: get_current_merchant starting for user 6956f42d-9016-4292-8ebe-78fc3d5985bd, merchant 29022584-7b8e-419d-bf00-1c084be25dd9
DEBUG: calling db.get(Merchant)
DEBUG: db.get(Merchant) finished: External Links
DEBUG: executing select(MerchantMember) query
DEBUG: select(MerchantMember) query executed
DEBUG: MerchantMember role: owner
DEBUG: get_current_merchant returning success
DEBUG: get_current_merchant starting for user 135289b2-2b91-4f8b-9e1c-0d3a209e5b2e, merchant 565e30f2-4faf-4294-ba56-77ab356740c1
DEBUG: calling db.get(Merchant)
DEBUG: db.get(Merchant) finished: Update Links
DEBUG: executing select(MerchantMember) query
DEBUG: select(MerchantMember) query executed
DEBUG: MerchantMember role: owner
DEBUG: get_current_merchant returning success
DEBUG: get_current_merchant starting for user 135289b2-2b91-4f8b-9e1c-0d3a209e5b2e, merchant 565e30f2-4faf-4294-ba56-77ab356740c1
DEBUG: calling db.get(Merchant)
DEBUG: db.get(Merchant) finished: Update Links
DEBUG: executing select(MerchantMember) query
DEBUG: select(MerchantMember) query executed
DEBUG: MerchantMember role: owner
DEBUG: get_current_merchant returning success
DEBUG: get_current_merchant starting for user 135289b2-2b91-4f8b-9e1c-0d3a209e5b2e, merchant 565e30f2-4faf-4294-ba56-77ab356740c1
DEBUG: calling db.get(Merchant)
DEBUG: db.get(Merchant) finished: Update Links
DEBUG: executing select(MerchantMember) query
DEBUG: select(MerchantMember) query executed
DEBUG: MerchantMember role: owner
DEBUG: get_current_merchant returning success
DEBUG: get_current_merchant starting for user ccff51fd-6e5f-4cdf-9168-2ab227876804, merchant 3c75acb5-e856-4717-939f-512dce62d1b1
DEBUG: calling db.get(Merchant)
DEBUG: db.get(Merchant) finished: Delete Links
DEBUG: executing select(MerchantMember) query
DEBUG: select(MerchantMember) query executed
DEBUG: MerchantMember role: owner
DEBUG: get_current_merchant returning success
DEBUG: get_current_merchant starting for user ccff51fd-6e5f-4cdf-9168-2ab227876804, merchant 3c75acb5-e856-4717-939f-512dce62d1b1
DEBUG: calling db.get(Merchant)
DEBUG: db.get(Merchant) finished: Delete Links
DEBUG: executing select(MerchantMember) query
DEBUG: select(MerchantMember) query executed
DEBUG: MerchantMember role: owner
DEBUG: get_current_merchant returning success
DEBUG: get_current_merchant starting for user ccff51fd-6e5f-4cdf-9168-2ab227876804, merchant 3c75acb5-e856-4717-939f-512dce62d1b1
DEBUG: calling db.get(Merchant)
DEBUG: db.get(Merchant) finished: Delete Links
DEBUG: executing select(MerchantMember) query
DEBUG: select(MerchantMember) query executed
DEBUG: MerchantMember role: owner
DEBUG: get_current_merchant returning success
DEBUG: get_current_merchant starting for user ccff51fd-6e5f-4cdf-9168-2ab227876804, merchant 3c75acb5-e856-4717-939f-512dce62d1b1
DEBUG: calling db.get(Merchant)
DEBUG: db.get(Merchant) finished: Delete Links
DEBUG: executing select(MerchantMember) query
DEBUG: select(MerchantMember) query executed
DEBUG: MerchantMember role: owner
DEBUG: get_current_merchant returning success
DEBUG: get_current_merchant starting for user 52daf10c-b3d2-4c6d-bb04-9a2fdab9b7dc, merchant 8cf0f78c-393c-4419-9839-a93529532ca5
DEBUG: calling db.get(Merchant)
DEBUG: db.get(Merchant) finished: Alpha Org
DEBUG: executing select(MerchantMember) query
DEBUG: select(MerchantMember) query executed
DEBUG: MerchantMember role: owner
DEBUG: get_current_merchant returning success
DEBUG: get_current_merchant starting for user 52daf10c-b3d2-4c6d-bb04-9a2fdab9b7dc, merchant fcb625b8-ad0a-4f0a-bce7-f3ca14124ab8
DEBUG: calling db.get(Merchant)
DEBUG: db.get(Merchant) finished: Beta Org
DEBUG: executing select(MerchantMember) query
DEBUG: select(MerchantMember) query executed
DEBUG: MerchantMember role: owner
DEBUG: get_current_merchant returning success
DEBUG: get_current_merchant starting for user 862e7ffe-1772-40bd-ba4e-9f1ab4a09390, merchant 2742d025-4b02-4c64-acd5-f63e4b3ad849
DEBUG: calling db.get(Merchant)
DEBUG: db.get(Merchant) finished: No Onboard Co
DEBUG: executing select(MerchantMember) query
DEBUG: select(MerchantMember) query executed
DEBUG: MerchantMember role: owner
DEBUG: get_current_merchant returning success
DEBUG: get_current_merchant starting for user c3620553-bde5-4d3a-a26c-8e81d93a4567, merchant 491b8b70-ba97-4b55-aef6-88d6251aa428
DEBUG: calling db.get(Merchant)
DEBUG: db.get(Merchant) finished: Foreign
DEBUG: executing select(MerchantMember) query
DEBUG: select(MerchantMember) query executed
DEBUG: MerchantMember role: None
DEBUG: get_current_merchant got exception: 403: not a member of this merchant
DEBUG: get_current_merchant starting for user 0dd900af-6154-4bb5-828d-88a5aa4054ab, merchant 20ac3b3b-bc44-4af9-90d1-66abcb40dbe5
DEBUG: calling db.get(Merchant)
DEBUG: db.get(Merchant) finished: Patch
DEBUG: executing select(MerchantMember) query
DEBUG: select(MerchantMember) query executed
DEBUG: MerchantMember role: staff
DEBUG: get_current_merchant returning success
DEBUG: get_current_merchant starting for user f9835bcf-64c1-418c-b4a5-95a37b076446, merchant fc9235cd-130a-436b-9a41-7a453edd8838
DEBUG: calling db.get(Merchant)
DEBUG: db.get(Merchant) finished: Team Test
DEBUG: executing select(MerchantMember) query
DEBUG: select(MerchantMember) query executed
DEBUG: MerchantMember role: owner
DEBUG: get_current_merchant returning success
DEBUG: get_current_merchant starting for user 279660e8-9de0-4a4f-b991-43d4e85bb0c2, merchant 3d409895-0efa-45c9-bfa3-7f577236cdf2
DEBUG: calling db.get(Merchant)
DEBUG: db.get(Merchant) finished: Inv Test
DEBUG: executing select(MerchantMember) query
DEBUG: select(MerchantMember) query executed
DEBUG: MerchantMember role: owner
DEBUG: get_current_merchant returning success
DEBUG: get_current_merchant starting for user 02e7ce7c-2cd4-48f2-a9ca-b3713ae46fa1, merchant 68dddccc-ab22-4595-b8bd-178eacd03c76
DEBUG: calling db.get(Merchant)
DEBUG: db.get(Merchant) finished: Unk
DEBUG: executing select(MerchantMember) query
DEBUG: select(MerchantMember) query executed
DEBUG: MerchantMember role: owner
DEBUG: get_current_merchant returning success
DEBUG: get_current_merchant starting for user 0d4aa67c-d154-4b2d-8af9-477dd7624c04, merchant 8bc8712c-b4b3-4bbf-8d23-fc4e1c8e66dc
DEBUG: calling db.get(Merchant)
DEBUG: db.get(Merchant) finished: Role Test
DEBUG: executing select(MerchantMember) query
DEBUG: select(MerchantMember) query executed
DEBUG: MerchantMember role: owner
DEBUG: get_current_merchant returning success
DEBUG: get_current_merchant starting for user 7cf27b90-4dba-4537-a55f-7bfd779f037a, merchant 8bc8712c-b4b3-4bbf-8d23-fc4e1c8e66dc
DEBUG: calling db.get(Merchant)
DEBUG: db.get(Merchant) finished: Role Test
DEBUG: executing select(MerchantMember) query
DEBUG: select(MerchantMember) query executed
DEBUG: MerchantMember role: admin
DEBUG: get_current_merchant returning success
DEBUG: get_current_merchant starting for user 7cf27b90-4dba-4537-a55f-7bfd779f037a, merchant 8bc8712c-b4b3-4bbf-8d23-fc4e1c8e66dc
DEBUG: calling db.get(Merchant)
DEBUG: db.get(Merchant) finished: Role Test
DEBUG: executing select(MerchantMember) query
DEBUG: select(MerchantMember) query executed
DEBUG: MerchantMember role: admin
DEBUG: get_current_merchant returning success
DEBUG: get_current_merchant starting for user 005037e1-2926-44c7-ad12-a693d8da14c7, merchant 7a43d1f2-eaa1-4a27-8fd5-1342ca428927
DEBUG: calling db.get(Merchant)
DEBUG: db.get(Merchant) finished: Self
DEBUG: executing select(MerchantMember) query
DEBUG: select(MerchantMember) query executed
DEBUG: MerchantMember role: owner
DEBUG: get_current_merchant returning success
DEBUG: get_current_merchant starting for user 4535cdcd-6daf-4d9d-943b-13e4ed902fe9, merchant 318c1d28-e957-455b-b65d-7a0796cc324a
DEBUG: calling db.get(Merchant)
DEBUG: db.get(Merchant) finished: Wallet Read
DEBUG: executing select(MerchantMember) query
DEBUG: select(MerchantMember) query executed
DEBUG: MerchantMember role: owner
DEBUG: get_current_merchant returning success
DEBUG: get_current_merchant starting for user 7332a80c-4bee-48d4-88a5-cb5930bba72c, merchant 23e3f5ce-f600-484f-a003-dfbba227598f
DEBUG: calling db.get(Merchant)
DEBUG: db.get(Merchant) finished: Txn List
DEBUG: executing select(MerchantMember) query
DEBUG: select(MerchantMember) query executed
DEBUG: MerchantMember role: owner
DEBUG: get_current_merchant returning success
DEBUG: get_current_merchant starting for user 298669c7-3b79-43b2-a12d-2ae68f2cf8f8, merchant 5c0dae0e-632d-4ff0-9320-668e7aed8bd4
DEBUG: calling db.get(Merchant)
DEBUG: db.get(Merchant) finished: Threshold Test
DEBUG: executing select(MerchantMember) query
DEBUG: select(MerchantMember) query executed
DEBUG: MerchantMember role: owner
DEBUG: get_current_merchant returning success
DEBUG: get_current_merchant starting for user 04037283-48e3-46b5-91da-0eefe143c1a4, merchant cd780e01-a871-4cfb-93b4-1477bb0b049b
DEBUG: calling db.get(Merchant)
DEBUG: db.get(Merchant) finished: Intent Test
DEBUG: executing select(MerchantMember) query
DEBUG: select(MerchantMember) query executed
DEBUG: MerchantMember role: owner
DEBUG: get_current_merchant returning success
DEBUG: get_current_merchant starting for user 9d065798-b4d9-4b64-ac4f-88497d543c0d, merchant cd8b43c5-0dfd-449b-834d-321b53eb3f79
DEBUG: calling db.get(Merchant)
DEBUG: db.get(Merchant) finished: Confirm Test
DEBUG: executing select(MerchantMember) query
DEBUG: select(MerchantMember) query executed
DEBUG: MerchantMember role: owner
DEBUG: get_current_merchant returning success
DEBUG: get_current_merchant starting for user 4ac22da4-9369-40e8-a22e-1d00f042ae26, merchant 47991c35-5a13-4b2f-be78-18a1d136175d
DEBUG: calling db.get(Merchant)
DEBUG: db.get(Merchant) finished: Idem Test
DEBUG: executing select(MerchantMember) query
DEBUG: select(MerchantMember) query executed
DEBUG: MerchantMember role: owner
DEBUG: get_current_merchant returning success
DEBUG: get_current_merchant starting for user e6455570-f79f-4ea1-b9d4-1c1104b56a7c, merchant 841372c7-ed5a-4057-a5b4-783917f4352e
DEBUG: calling db.get(Merchant)
DEBUG: db.get(Merchant) finished: Bad Sig
DEBUG: executing select(MerchantMember) query
DEBUG: select(MerchantMember) query executed
DEBUG: MerchantMember role: owner
DEBUG: get_current_merchant returning success
DEBUG: get_current_merchant starting for user 74c0180d-1ef0-4548-8e3b-2df2a2bcc862, merchant 5cf2599d-75cd-4890-af7b-7eec0da79ce1
DEBUG: calling db.get(Merchant)
DEBUG: db.get(Merchant) finished: Publish Gate
DEBUG: executing select(MerchantMember) query
DEBUG: select(MerchantMember) query executed
DEBUG: MerchantMember role: owner
DEBUG: get_current_merchant returning success
DEBUG: get_current_merchant starting for user 74c0180d-1ef0-4548-8e3b-2df2a2bcc862, merchant 5cf2599d-75cd-4890-af7b-7eec0da79ce1
DEBUG: calling db.get(Merchant)
DEBUG: db.get(Merchant) finished: Publish Gate
DEBUG: executing select(MerchantMember) query
DEBUG: select(MerchantMember) query executed
DEBUG: MerchantMember role: owner
DEBUG: get_current_merchant returning success
DEBUG: get_current_merchant starting for user 74c0180d-1ef0-4548-8e3b-2df2a2bcc862, merchant 5cf2599d-75cd-4890-af7b-7eec0da79ce1
DEBUG: calling db.get(Merchant)
DEBUG: db.get(Merchant) finished: Publish Gate
DEBUG: executing select(MerchantMember) query
DEBUG: select(MerchantMember) query executed
DEBUG: MerchantMember role: owner
DEBUG: get_current_merchant returning success
DEBUG: get_current_merchant starting for user 20f83eef-9bb6-448d-a69e-7a7b9bf4f957, merchant 28d95cad-a38c-4b1d-9654-f6df5fe49e69
DEBUG: calling db.get(Merchant)
DEBUG: db.get(Merchant) finished: krishna store
DEBUG: executing select(MerchantMember) query
DEBUG: select(MerchantMember) query executed
DEBUG: MerchantMember role: owner
DEBUG: get_current_merchant returning success
DEBUG: get_current_merchant starting for user 20f83eef-9bb6-448d-a69e-7a7b9bf4f957, merchant 28d95cad-a38c-4b1d-9654-f6df5fe49e69
DEBUG: calling db.get(Merchant)
DEBUG: db.get(Merchant) finished: krishna store
DEBUG: executing select(MerchantMember) query
DEBUG: select(MerchantMember) query executed
DEBUG: MerchantMember role: owner
DEBUG: get_current_merchant returning success
DEBUG: get_current_merchant starting for user 20f83eef-9bb6-448d-a69e-7a7b9bf4f957, merchant 28d95cad-a38c-4b1d-9654-f6df5fe49e69
DEBUG: get_current_merchant starting for user 20f83eef-9bb6-448d-a69e-7a7b9bf4f957, merchant 28d95cad-a38c-4b1d-9654-f6df5fe49e69
DEBUG: calling db.get(Merchant)
DEBUG: calling db.get(Merchant)
DEBUG: get_current_merchant starting for user 20f83eef-9bb6-448d-a69e-7a7b9bf4f957, merchant 28d95cad-a38c-4b1d-9654-f6df5fe49e69
DEBUG: calling db.get(Merchant)
DEBUG: get_current_merchant starting for user 20f83eef-9bb6-448d-a69e-7a7b9bf4f957, merchant 28d95cad-a38c-4b1d-9654-f6df5fe49e69
DEBUG: get_current_merchant starting for user 20f83eef-9bb6-448d-a69e-7a7b9bf4f957, merchant 28d95cad-a38c-4b1d-9654-f6df5fe49e69
DEBUG: calling db.get(Merchant)
DEBUG: calling db.get(Merchant)
DEBUG: get_current_merchant starting for user 20f83eef-9bb6-448d-a69e-7a7b9bf4f957, merchant 28d95cad-a38c-4b1d-9654-f6df5fe49e69
DEBUG: calling db.get(Merchant)
DEBUG: db.get(Merchant) finished: krishna store
DEBUG: executing select(MerchantMember) query
DEBUG: executing select(MerchantMember) query
DEBUG: db.get(Merchant) finished: krishna store
DEBUG: executing select(MerchantMember) query
DEBUG: db.get(Merchant) finished: krishna store
DEBUG: executing select(MerchantMember) query
DEBUG: db.get(Merchant) finished: krishna store
DEBUG: executing select(MerchantMember) query
DEBUG: select(MerchantMember) query executed
DEBUG: MerchantMember role: owner
DEBUG: get_current_merchant returning success
DEBUG: MerchantMember role: owner
DEBUG: get_current_merchant returning success
DEBUG: select(MerchantMember) query executed
DEBUG: MerchantMember role: owner
DEBUG: get_current_merchant returning success
DEBUG: select(MerchantMember) query executed
DEBUG: MerchantMember role: owner
DEBUG: select(MerchantMember) query executed
DEBUG: get_current_merchant returning success
DEBUG: MerchantMember role: owner
DEBUG: get_current_merchant returning success
DEBUG: select(MerchantMember) query executed
DEBUG: MerchantMember role: owner
DEBUG: get_current_merchant returning success
DEBUG: get_current_merchant starting for user 20f83eef-9bb6-448d-a69e-7a7b9bf4f957, merchant 28d95cad-a38c-4b1d-9654-f6df5fe49e69
DEBUG: calling db.get(Merchant)
DEBUG: get_current_merchant starting for user 20f83eef-9bb6-448d-a69e-7a7b9bf4f957, merchant 28d95cad-a38c-4b1d-9654-f6df5fe49e69
DEBUG: calling db.get(Merchant)
DEBUG: get_current_merchant starting for user 20f83eef-9bb6-448d-a69e-7a7b9bf4f957, merchant 28d95cad-a38c-4b1d-9654-f6df5fe49e69
DEBUG: calling db.get(Merchant)
DEBUG: db.get(Merchant) finished: krishna store
DEBUG: executing select(MerchantMember) query
DEBUG: db.get(Merchant) finished: krishna store
DEBUG: executing select(MerchantMember) query
DEBUG: db.get(Merchant) finished: krishna store
DEBUG: executing select(MerchantMember) query
DEBUG: select(MerchantMember) query executed
DEBUG: MerchantMember role: owner
DEBUG: get_current_merchant starting for user 20f83eef-9bb6-448d-a69e-7a7b9bf4f957, merchant 28d95cad-a38c-4b1d-9654-f6df5fe49e69
DEBUG: calling db.get(Merchant)
ning success
DEBUG: get_current_merchant starting for user 20f83eef-9bb6-448d-a69e-7a7b9bf4f957, merchant 28d95cad-a38c-4b1d-9654-f6df5fe49e69
DEBUG: calling db.get(Merchant)
DEBUG: select(MerchantMember) query executed
DEBUG: MerchantMember role: owner
DEBUG: get_current_merchant returning success
DEBUG: MerchantMember role: owner
DEBUG: get_current_merchant returning success
DEBUG: db.get(Merchant) finished: krishna store
DEBUG: executing select(MerchantMember) query
DEBUG: db.get(Merchant) finished: krishna store
DEBUG: executing select(MerchantMember) query
DEBUG: select(MerchantMember) query executed
DEBUG: MerchantMember role: owner
DEBUG: get_current_merchant returning success
DEBUG: select(MerchantMember) query executed
DEBUG: MerchantMember role: owner
DEBUG: get_current_merchant returning success
DEBUG: get_current_merchant starting for user 20f83eef-9bb6-448d-a69e-7a7b9bf4f957, merchant 28d95cad-a38c-4b1d-9654-f6df5fe49e69
DEBUG: calling db.get(Merchant)
DEBUG: db.get(Merchant) finished: krishna store
DEBUG: executing select(MerchantMember) query
DEBUG: select(MerchantMember) query executed
DEBUG: MerchantMember role: owner
DEBUG: get_current_merchant returning success
DEBUG: get_current_merchant starting for user 20f83eef-9bb6-448d-a69e-7a7b9bf4f957, merchant 28d95cad-a38c-4b1d-9654-f6df5fe49e69
DEBUG: calling db.get(Merchant)
DEBUG: db.get(Merchant) finished: krishna store
DEBUG: executing select(MerchantMember) query
DEBUG: select(MerchantMember) query executed
DEBUG: MerchantMember role: owner
DEBUG: get_current_merchant returning success
DEBUG: get_current_merchant starting for user 20f83eef-9bb6-448d-a69e-7a7b9bf4f957, merchant 28d95cad-a38c-4b1d-9654-f6df5fe49e69
DEBUG: calling db.get(Merchant)
DEBUG: calling db.get(Merchant)
DEBUG: get_current_merchant starting for user 20f83eef-9bb6-448d-a69e-7a7b9bf4f957, merchant 28d95cad-a38c-4b1d-9654-f6df5fe49e69
DEBUG: calling db.get(Merchant)
DEBUG: db.get(Merchant) finished: krishna store
DEBUG: db.get(Merchant) finished: krishna store
DEBUG: db.get(Merchant) finished: krishna store
DEBUG: executing select(MerchantMember) query
DEBUG: executing select(MerchantMember) query
DEBUG: executing select(MerchantMember) query
DEBUG: get_current_merchant starting for user 20f83eef-9bb6-448d-a69e-7a7b9bf4f957, merchant 28d95cad-a38c-4b1d-9654-f6df5fe49e69
DEBUG: get_current_merchant starting for user 20f83eef-9bb6-448d-a69e-7a7b9bf4f957, merchant 28d95cad-a38c-4b1d-9654-f6df5fe49e69
DEBUG: calling db.get(Merchant)
DEBUG: calling db.get(Merchant)
DEBUG: select(MerchantMember) query executed
DEBUG: MerchantMember role: owner
DEBUG: MerchantMember role: owner
DEBUG: get_current_merchant returning success
DEBUG: get_current_merchant returning success
DEBUG: db.get(Merchant) finished: krishna store
DEBUG: executing select(MerchantMember) query
DEBUG: db.get(Merchant) finished: krishna store
DEBUG: executing select(MerchantMember) query
DEBUG: select(MerchantMember) query executed
DEBUG: MerchantMember role: owner
DEBUG: get_current_merchant returning success
DEBUG: select(MerchantMember) query executed
DEBUG: MerchantMember role: owner
DEBUG: get_current_merchant returning success
DEBUG: select(MerchantMember) query executed
DEBUG: MerchantMember role: owner
DEBUG: get_current_merchant returning success
DEBUG: get_current_merchant starting for user 20f83eef-9bb6-448d-a69e-7a7b9bf4f957, merchant 28d95cad-a38c-4b1d-9654-f6df5fe49e69
DEBUG: calling db.get(Merchant)
DEBUG: db.get(Merchant) finished: krishna store
DEBUG: executing select(MerchantMember) query
DEBUG: select(MerchantMember) query executed
DEBUG: MerchantMember role: owner
DEBUG: get_current_merchant returning success
DEBUG: get_current_merchant starting for user 20f83eef-9bb6-448d-a69e-7a7b9bf4f957, merchant 28d95cad-a38c-4b1d-9654-f6df5fe49e69
DEBUG: calling db.get(Merchant)
DEBUG: db.get(Merchant) finished: krishna store
DEBUG: executing select(MerchantMember) query
DEBUG: select(MerchantMember) query executed
DEBUG: MerchantMember role: owner
DEBUG: get_current_merchant returning success
DEBUG: get_current_merchant starting for user 20f83eef-9bb6-448d-a69e-7a7b9bf4f957, merchant 28d95cad-a38c-4b1d-9654-f6df5fe49e69
DEBUG: calling db.get(Merchant)
DEBUG: db.get(Merchant) finished: krishna store
DEBUG: executing select(MerchantMember) query
DEBUG: select(MerchantMember) query executed
DEBUG: MerchantMember role: owner
DEBUG: get_current_merchant returning success
DEBUG: get_current_merchant starting for user 20f83eef-9bb6-448d-a69e-7a7b9bf4f957, merchant 28d95cad-a38c-4b1d-9654-f6df5fe49e69
DEBUG: get_current_merchant starting for user 20f83eef-9bb6-448d-a69e-7a7b9bf4f957, merchant 28d95cad-a38c-4b1d-9654-f6df5fe49e69
DEBUG: calling db.get(Merchant)
DEBUG: calling db.get(Merchant)
DEBUG: get_current_merchant starting for user 20f83eef-9bb6-448d-a69e-7a7b9bf4f957, merchant 28d95cad-a38c-4b1d-9654-f6df5fe49e69
DEBUG: calling db.get(Merchant)
DEBUG: get_current_merchant starting for user 20f83eef-9bb6-448d-a69e-7a7b9bf4f957, merchant 28d95cad-a38c-4b1d-9654-f6df5fe49e69
DEBUG: calling db.get(Merchant)
DEBUG: get_current_merchant starting for user 20f83eef-9bb6-448d-a69e-7a7b9bf4f957, merchant 28d95cad-a38c-4b1d-9654-f6df5fe49e69
DEBUG: calling db.get(Merchant)
DEBUG: get_current_merchant starting for user 20f83eef-9bb6-448d-a69e-7a7b9bf4f957, merchant 28d95cad-a38c-4b1d-9654-f6df5fe49e69
DEBUG: calling db.get(Merchant)
DEBUG: db.get(Merchant) finished: krishna store
DEBUG: executing select(MerchantMember) query
DEBUG: executing select(MerchantMember) query
DEBUG: executing select(MerchantMember) query
DEBUG: db.get(Merchant) finished: krishna store
DEBUG: executing select(MerchantMember) query
DEBUG: executing select(MerchantMember) query
DEBUG: db.get(Merchant) finished: krishna store
DEBUG: executing select(MerchantMember) query
DEBUG: select(MerchantMember) query executed
DEBUG: MerchantMember role: owner
DEBUG: get_current_merchant returning success
DEBUG: get_current_merchant returning success
DEBUG: select(MerchantMember) query executed
DEBUG: MerchantMember role: owner
DEBUG: get_current_merchant returning success
DEBUG: select(MerchantMember) query executed
DEBUG: select(MerchantMember) query executed
DEBUG: MerchantMember role: owner
DEBUG: MerchantMember role: owner
DEBUG: get_current_merchant returning success
DEBUG: get_current_merchant returning success
DEBUG: select(MerchantMember) query executed
DEBUG: MerchantMember role: owner
DEBUG: get_current_merchant returning success
DEBUG: get_current_merchant starting for user 20f83eef-9bb6-448d-a69e-7a7b9bf4f957, merchant 28d95cad-a38c-4b1d-9654-f6df5fe49e69
DEBUG: calling db.get(Merchant)
DEBUG: db.get(Merchant) finished: krishna store
DEBUG: executing select(MerchantMember) query
DEBUG: select(MerchantMember) query executed
DEBUG: MerchantMember role: owner
DEBUG: get_current_merchant returning success
DEBUG: get_current_merchant starting for user 20f83eef-9bb6-448d-a69e-7a7b9bf4f957, merchant 28d95cad-a38c-4b1d-9654-f6df5fe49e69
DEBUG: calling db.get(Merchant)
DEBUG: get_current_merchant starting for user 20f83eef-9bb6-448d-a69e-7a7b9bf4f957, merchant 28d95cad-a38c-4b1d-9654-f6df5fe49e69
DEBUG: get_current_merchant starting for user 20f83eef-9bb6-448d-a69e-7a7b9bf4f957, merchant 28d95cad-a38c-4b1d-9654-f6df5fe49e69
DEBUG: calling db.get(Merchant)
DEBUG: calling db.get(Merchant)
DEBUG: get_current_merchant starting for user 20f83eef-9bb6-448d-a69e-7a7b9bf4f957, merchant 28d95cad-a38c-4b1d-9654-f6df5fe49e69
DEBUG: calling db.get(Merchant)
DEBUG: db.get(Merchant) finished: krishna store
DEBUG: executing select(MerchantMember) query
DEBUG: db.get(Merchant) finished: krishna store
DEBUG: executing select(MerchantMember) query
DEBUG: db.get(Merchant) finished: krishna store
DEBUG: executing select(MerchantMember) query
DEBUG: db.get(Merchant) finished: krishna store
DEBUG: executing select(MerchantMember) query
DEBUG: select(MerchantMember) query executed
DEBUG: get_current_merchant starting for user 20f83eef-9bb6-448d-a69e-7a7b9bf4f957, merchant 28d95cad-a38c-4b1d-9654-f6df5fe49e69
DEBUG: calling db.get(Merchant)
DEBUG: MerchantMember role: owner
DEBUG: get_current_merchant returning success
DEBUG: select(MerchantMember) query executed
DEBUG: MerchantMember role: owner
DEBUG: get_current_merchant returning success
DEBUG: select(MerchantMember) query executed
DEBUG: MerchantMember role: owner
DEBUG: get_current_merchant returning success
DEBUG: get_current_merchant starting for user 20f83eef-9bb6-448d-a69e-7a7b9bf4f957, merchant 28d95cad-a38c-4b1d-9654-f6df5fe49e69
DEBUG: calling db.get(Merchant)
DEBUG: select(MerchantMember) query executed
DEBUG: MerchantMember role: owner
DEBUG: get_current_merchant returning success
DEBUG: db.get(Merchant) finished: krishna store
DEBUG: executing select(MerchantMember) query
DEBUG: db.get(Merchant) finished: krishna store
DEBUG: executing select(MerchantMember) query
DEBUG: select(MerchantMember) query executed
DEBUG: MerchantMember role: owner
DEBUG: get_current_merchant returning success
DEBUG: select(MerchantMember) query executed
DEBUG: MerchantMember role: owner
DEBUG: get_current_merchant returning success
DEBUG: get_current_merchant starting for user 20f83eef-9bb6-448d-a69e-7a7b9bf4f957, merchant 28d95cad-a38c-4b1d-9654-f6df5fe49e69
DEBUG: calling db.get(Merchant)
DEBUG: db.get(Merchant) finished: krishna store
DEBUG: executing select(MerchantMember) query
DEBUG: select(MerchantMember) query executed
DEBUG: MerchantMember role: owner
DEBUG: get_current_merchant returning success
DEBUG: get_current_merchant starting for user 20f83eef-9bb6-448d-a69e-7a7b9bf4f957, merchant 28d95cad-a38c-4b1d-9654-f6df5fe49e69
DEBUG: calling db.get(Merchant)
DEBUG: get_current_merchant starting for user 20f83eef-9bb6-448d-a69e-7a7b9bf4f957, merchant 28d95cad-a38c-4b1d-9654-f6df5fe49e69
DEBUG: get_current_merchant starting for user 20f83eef-9bb6-448d-a69e-7a7b9bf4f957, merchant 28d95cad-a38c-4b1d-9654-f6df5fe49e69
DEBUG: calling db.get(Merchant)
DEBUG: calling db.get(Merchant)
DEBUG: get_current_merchant starting for user 20f83eef-9bb6-448d-a69e-7a7b9bf4f957, merchant 28d95cad-a38c-4b1d-9654-f6df5fe49e69
DEBUG: calling db.get(Merchant)
DEBUG: db.get(Merchant) finished: krishna store
DEBUG: executing select(MerchantMember) query
DEBUG: executing select(MerchantMember) query
DEBUG: executing select(MerchantMember) query
DEBUG: db.get(Merchant) finished: krishna store
DEBUG: executing select(MerchantMember) query
DEBUG: select(MerchantMember) query executed
DEBUG: select(MerchantMember) query executed
DEBUG: MerchantMember role: owner
DEBUG: MerchantMember role: owner
DEBUG: get_current_merchant returning success
DEBUG: get_current_merchant returning success
DEBUG: select(MerchantMember) query executed
DEBUG: MerchantMember role: owner
DEBUG: get_current_merchant returning success
DEBUG: select(MerchantMember) query executed
DEBUG: MerchantMember role: owner
DEBUG: get_current_merchant returning success
DEBUG: get_current_merchant starting for user 20f83eef-9bb6-448d-a69e-7a7b9bf4f957, merchant 28d95cad-a38c-4b1d-9654-f6df5fe49e69
DEBUG: get_current_merchant starting for user 20f83eef-9bb6-448d-a69e-7a7b9bf4f957, merchant 28d95cad-a38c-4b1d-9654-f6df5fe49e69
DEBUG: calling db.get(Merchant)
DEBUG: calling db.get(Merchant)
DEBUG: db.get(Merchant) finished: krishna store
DEBUG: executing select(MerchantMember) query
DEBUG: db.get(Merchant) finished: krishna store
DEBUG: executing select(MerchantMember) query
DEBUG: select(MerchantMember) query executed
DEBUG: MerchantMember role: owner
DEBUG: get_current_merchant returning success
DEBUG: select(MerchantMember) query executed
DEBUG: MerchantMember role: owner
DEBUG: get_current_merchant returning success
DEBUG: get_current_merchant starting for user 20f83eef-9bb6-448d-a69e-7a7b9bf4f957, merchant 28d95cad-a38c-4b1d-9654-f6df5fe49e69
DEBUG: calling db.get(Merchant)
DEBUG: db.get(Merchant) finished: krishna store
DEBUG: executing select(MerchantMember) query
DEBUG: select(MerchantMember) query executed
DEBUG: MerchantMember role: owner
DEBUG: get_current_merchant returning success
DEBUG: get_current_merchant starting for user 20f83eef-9bb6-448d-a69e-7a7b9bf4f957, merchant 28d95cad-a38c-4b1d-9654-f6df5fe49e69
DEBUG: calling db.get(Merchant)
DEBUG: get_current_merchant starting for user 20f83eef-9bb6-448d-a69e-7a7b9bf4f957, merchant 28d95cad-a38c-4b1d-9654-f6df5fe49e69
DEBUG: calling db.get(Merchant)
DEBUG: get_current_merchant starting for user 20f83eef-9bb6-448d-a69e-7a7b9bf4f957, merchant 28d95cad-a38c-4b1d-9654-f6df5fe49e69
DEBUG: calling db.get(Merchant)
DEBUG: get_current_merchant starting for user 20f83eef-9bb6-448d-a69e-7a7b9bf4f957, merchant 28d95cad-a38c-4b1d-9654-f6df5fe49e69
DEBUG: calling db.get(Merchant)
DEBUG: calling db.get(Merchant)
DEBUG: db.get(Merchant) finished: krishna store
DEBUG: executing select(MerchantMember) query
DEBUG: db.get(Merchant) finished: krishna store
DEBUG: executing select(MerchantMember) query
DEBUG: db.get(Merchant) finished: krishna store
DEBUG: executing select(MerchantMember) query
DEBUG: executing select(MerchantMember) query
DEBUG: get_current_merchant starting for user 20f83eef-9bb6-448d-a69e-7a7b9bf4f957, merchant 28d95cad-a38c-4b1d-9654-f6df5fe49e69
DEBUG: calling db.get(Merchant)
DEBUG: db.get(Merchant) finished: krishna store
DEBUG: executing select(MerchantMember) query
DEBUG: select(MerchantMember) query executed
DEBUG: MerchantMember role: owner
DEBUG: get_current_merchant returning success
DEBUG: select(MerchantMember) query executed
DEBUG: MerchantMember role: owner
DEBUG: get_current_merchant returning success
DEBUG: select(MerchantMember) query executed
DEBUG: MerchantMember role: owner
DEBUG: get_current_merchant returning success
DEBUG: MerchantMember role: owner
DEBUG: get_current_merchant returning success
DEBUG: select(MerchantMember) query executed
DEBUG: MerchantMember role: owner
DEBUG: get_current_merchant returning success
DEBUG: db.get(Merchant) finished: krishna store
DEBUG: executing select(MerchantMember) query
DEBUG: select(MerchantMember) query executed
DEBUG: MerchantMember role: owner
DEBUG: get_current_merchant returning success
DEBUG: get_current_merchant starting for user 20f83eef-9bb6-448d-a69e-7a7b9bf4f957, merchant 28d95cad-a38c-4b1d-9654-f6df5fe49e69
DEBUG: calling db.get(Merchant)
DEBUG: db.get(Merchant) finished: krishna store
DEBUG: executing select(MerchantMember) query
DEBUG: select(MerchantMember) query executed
DEBUG: MerchantMember role: owner
DEBUG: get_current_merchant returning success
DEBUG: get_current_merchant starting for user 20f83eef-9bb6-448d-a69e-7a7b9bf4f957, merchant 28d95cad-a38c-4b1d-9654-f6df5fe49e69
DEBUG: get_current_merchant starting for user 20f83eef-9bb6-448d-a69e-7a7b9bf4f957, merchant 28d95cad-a38c-4b1d-9654-f6df5fe49e69
DEBUG: calling db.get(Merchant)
DEBUG: calling db.get(Merchant)
DEBUG: calling db.get(Merchant)
DEBUG: get_current_merchant starting for user 20f83eef-9bb6-448d-a69e-7a7b9bf4f957, merchant 28d95cad-a38c-4b1d-9654-f6df5fe49e69
DEBUG: get_current_merchant starting for user 20f83eef-9bb6-448d-a69e-7a7b9bf4f957, merchant 28d95cad-a38c-4b1d-9654-f6df5fe49e69
DEBUG: calling db.get(Merchant)
DEBUG: calling db.get(Merchant)
DEBUG: calling db.get(Merchant)
DEBUG: db.get(Merchant) finished: krishna store
DEBUG: executing select(MerchantMember) query
DEBUG: db.get(Merchant) finished: krishna store
DEBUG: db.get(Merchant) finished: krishna store
DEBUG: executing select(MerchantMember) query
DEBUG: executing select(MerchantMember) query
DEBUG: db.get(Merchant) finished: krishna store
DEBUG: executing select(MerchantMember) query
DEBUG: executing select(MerchantMember) query
DEBUG: db.get(Merchant) finished: krishna store
DEBUG: executing select(MerchantMember) query
DEBUG: select(MerchantMember) query executed
DEBUG: MerchantMember role: owner
DEBUG: get_current_merchant returning success
DEBUG: select(MerchantMember) query executed
DEBUG: MerchantMember role: owner
DEBUG: MerchantMember role: owner
DEBUG: get_current_merchant returning success
DEBUG: get_current_merchant returning success
DEBUG: select(MerchantMember) query executed
DEBUG: MerchantMember role: owner
DEBUG: get_current_merchant returning success
DEBUG: select(MerchantMember) query executed
DEBUG: MerchantMember role: owner
DEBUG: select(MerchantMember) query executed
DEBUG: get_current_merchant returning success
DEBUG: MerchantMember role: owner
DEBUG: get_current_merchant returning success
DEBUG: get_current_merchant starting for user 20f83eef-9bb6-448d-a69e-7a7b9bf4f957, merchant 28d95cad-a38c-4b1d-9654-f6df5fe49e69
DEBUG: calling db.get(Merchant)
DEBUG: db.get(Merchant) finished: krishna store
DEBUG: executing select(MerchantMember) query
DEBUG: select(MerchantMember) query executed
DEBUG: MerchantMember role: owner
DEBUG: get_current_merchant returning success
DEBUG: get_current_merchant starting for user 20f83eef-9bb6-448d-a69e-7a7b9bf4f957, merchant 28d95cad-a38c-4b1d-9654-f6df5fe49e69
DEBUG: calling db.get(Merchant)
DEBUG: calling db.get(Merchant)
DEBUG: calling db.get(Merchant)
DEBUG: get_current_merchant starting for user 20f83eef-9bb6-448d-a69e-7a7b9bf4f957, merchant 28d95cad-a38c-4b1d-9654-f6df5fe49e69
DEBUG: calling db.get(Merchant)
DEBUG: db.get(Merchant) finished: krishna store
DEBUG: db.get(Merchant) finished: krishna store
DEBUG: executing select(MerchantMember) query
DEBUG: executing select(MerchantMember) query
DEBUG: executing select(MerchantMember) query
DEBUG: db.get(Merchant) finished: krishna store
DEBUG: executing select(MerchantMember) query
DEBUG: get_current_merchant starting for user 20f83eef-9bb6-448d-a69e-7a7b9bf4f957, merchant 28d95cad-a38c-4b1d-9654-f6df5fe49e69
DEBUG: calling db.get(Merchant)
DEBUG: get_current_merchant starting for user 20f83eef-9bb6-448d-a69e-7a7b9bf4f957, merchant 28d95cad-a38c-4b1d-9654-f6df5fe49e69
DEBUG: calling db.get(Merchant)
DEBUG: select(MerchantMember) query executed
DEBUG: MerchantMember role: owner
DEBUG: MerchantMember role: owner
DEBUG: get_current_merchant returning success
DEBUG: get_current_merchant returning success
DEBUG: select(MerchantMember) query executed
DEBUG: MerchantMember role: owner
DEBUG: get_current_merchant returning success
DEBUG: select(MerchantMember) query executed
DEBUG: MerchantMember role: owner
DEBUG: get_current_merchant returning success
DEBUG: db.get(Merchant) finished: krishna store
DEBUG: executing select(MerchantMember) query
DEBUG: db.get(Merchant) finished: krishna store
DEBUG: executing select(MerchantMember) query
DEBUG: select(MerchantMember) query executed
DEBUG: MerchantMember role: owner
DEBUG: get_current_merchant returning success
DEBUG: select(MerchantMember) query executed
DEBUG: MerchantMember role: owner
DEBUG: get_current_merchant returning success
DEBUG: get_current_merchant starting for user 20f83eef-9bb6-448d-a69e-7a7b9bf4f957, merchant 28d95cad-a38c-4b1d-9654-f6df5fe49e69
DEBUG: calling db.get(Merchant)
DEBUG: db.get(Merchant) finished: krishna store
DEBUG: executing select(MerchantMember) query
DEBUG: select(MerchantMember) query executed
DEBUG: MerchantMember role: owner
DEBUG: get_current_merchant returning success
DEBUG: get_current_merchant starting for user 20f83eef-9bb6-448d-a69e-7a7b9bf4f957, merchant 28d95cad-a38c-4b1d-9654-f6df5fe49e69
DEBUG: get_current_merchant starting for user 20f83eef-9bb6-448d-a69e-7a7b9bf4f957, merchant 28d95cad-a38c-4b1d-9654-f6df5fe49e69
DEBUG: calling db.get(Merchant)
DEBUG: calling db.get(Merchant)
DEBUG: get_current_merchant starting for user 20f83eef-9bb6-448d-a69e-7a7b9bf4f957, merchant 28d95cad-a38c-4b1d-9654-f6df5fe49e69
DEBUG: get_current_merchant starting for user 20f83eef-9bb6-448d-a69e-7a7b9bf4f957, merchant 28d95cad-a38c-4b1d-9654-f6df5fe49e69
DEBUG: calling db.get(Merchant)
ing for user 20f83eef-9bb6-448d-a69e-7a7b9bf4f957, merchant 28d95cad-a38c-4b1d-9654-f6df5fe49e69
DEBUG: calling db.get(Merchant)
DEBUG: calling db.get(Merchant)
DEBUG: db.get(Merchant) finished: krishna store
DEBUG: executing select(MerchantMember) query
DEBUG: executing select(MerchantMember) query
DEBUG: db.get(Merchant) finished: krishna store
DEBUG: db.get(Merchant) finished: krishna store
DEBUG: executing select(MerchantMember) query
DEBUG: executing select(MerchantMember) query
DEBUG: db.get(Merchant) finished: krishna store
DEBUG: db.get(Merchant) finished: krishna store
DEBUG: executing select(MerchantMember) query
DEBUG: executing select(MerchantMember) query
DEBUG: select(MerchantMember) query executed
DEBUG: select(MerchantMember) query executed
DEBUG: MerchantMember role: owner
DEBUG: MerchantMember role: owner
DEBUG: get_current_merchant returning success
DEBUG: get_current_merchant returning success
DEBUG: select(MerchantMember) query executed
DEBUG: MerchantMember role: owner
 executed
DEBUG: select(MerchantMember) query executed
DEBUG: get_current_merchant returning success
DEBUG: MerchantMember role: owner
DEBUG: get_current_merchant returning success
DEBUG: get_current_merchant returning success
DEBUG: get_current_merchant starting for user 20f83eef-9bb6-448d-a69e-7a7b9bf4f957, merchant 28d95cad-a38c-4b1d-9654-f6df5fe49e69
DEBUG: calling db.get(Merchant)
DEBUG: db.get(Merchant) finished: krishna store
DEBUG: executing select(MerchantMember) query
DEBUG: select(MerchantMember) query executed
DEBUG: MerchantMember role: owner
DEBUG: get_current_merchant returning success
DEBUG: get_current_merchant starting for user 20f83eef-9bb6-448d-a69e-7a7b9bf4f957, merchant 28d95cad-a38c-4b1d-9654-f6df5fe49e69
DEBUG: calling db.get(Merchant)
DEBUG: get_current_merchant starting for user 20f83eef-9bb6-448d-a69e-7a7b9bf4f957, merchant 28d95cad-a38c-4b1d-9654-f6df5fe49e69
DEBUG: get_current_merchant starting for user 20f83eef-9bb6-448d-a69e-7a7b9bf4f957, merchant 28d95cad-a38c-4b1d-9654-f6df5fe49e69
DEBUG: calling db.get(Merchant)
DEBUG: calling db.get(Merchant)
DEBUG: get_current_merchant starting for user 20f83eef-9bb6-448d-a69e-7a7b9bf4f957, merchant 28d95cad-a38c-4b1d-9654-f6df5fe49e69
DEBUG: calling db.get(Merchant)
DEBUG: get_current_merchant starting for user 20f83eef-9bb6-448d-a69e-7a7b9bf4f957, merchant 28d95cad-a38c-4b1d-9654-f6df5fe49e69
DEBUG: calling db.get(Merchant)
DEBUG: get_current_merchant starting for user 20f83eef-9bb6-448d-a69e-7a7b9bf4f957, merchant 28d95cad-a38c-4b1d-9654-f6df5fe49e69
DEBUG: calling db.get(Merchant)
DEBUG: db.get(Merchant) finished: krishna store
DEBUG: executing select(MerchantMember) query
DEBUG: db.get(Merchant) finished: krishna store
DEBUG: executing select(MerchantMember) query
DEBUG: db.get(Merchant) finished: krishna store
DEBUG: executing select(MerchantMember) query
DEBUG: db.get(Merchant) finished: krishna store
DEBUG: executing select(MerchantMember) query
DEBUG: db.get(Merchant) finished: krishna store
DEBUG: executing select(MerchantMember) query
DEBUG: select(MerchantMember) query executed
DEBUG: db.get(Merchant) finished: krishna store
DEBUG: MerchantMember role: owner
DEBUG: MerchantMember role: owner
DEBUG: MerchantMember role: owner
DEBUG: executing select(MerchantMember) query
DEBUG: get_current_merchant returning success
DEBUG: get_current_merchant returning success
DEBUG: get_current_merchant returning success
DEBUG: select(MerchantMember) query executed
DEBUG: select(MerchantMember) query executed
DEBUG: MerchantMember role: owner
DEBUG: get_current_merchant returning success
DEBUG: MerchantMember role: owner
DEBUG: get_current_merchant returning success
DEBUG: select(MerchantMember) query executed
DEBUG: MerchantMember role: owner
DEBUG: get_current_merchant returning success
DEBUG: get_current_merchant starting for user 20f83eef-9bb6-448d-a69e-7a7b9bf4f957, merchant 28d95cad-a38c-4b1d-9654-f6df5fe49e69
DEBUG: calling db.get(Merchant)
DEBUG: db.get(Merchant) finished: krishna store
DEBUG: executing select(MerchantMember) query
DEBUG: select(MerchantMember) query executed
DEBUG: MerchantMember role: owner
DEBUG: get_current_merchant returning success
DEBUG: get_current_merchant starting for user 20f83eef-9bb6-448d-a69e-7a7b9bf4f957, merchant 28d95cad-a38c-4b1d-9654-f6df5fe49e69
DEBUG: calling db.get(Merchant)
DEBUG: get_current_merchant starting for user 20f83eef-9bb6-448d-a69e-7a7b9bf4f957, merchant 28d95cad-a38c-4b1d-9654-f6df5fe49e69
DEBUG: calling db.get(Merchant)
DEBUG: get_current_merchant starting for user 20f83eef-9bb6-448d-a69e-7a7b9bf4f957, merchant 28d95cad-a38c-4b1d-9654-f6df5fe49e69
DEBUG: calling db.get(Merchant)
DEBUG: get_current_merchant starting for user 20f83eef-9bb6-448d-a69e-7a7b9bf4f957, merchant 28d95cad-a38c-4b1d-9654-f6df5fe49e69
DEBUG: calling db.get(Merchant)
DEBUG: get_current_merchant starting for user 20f83eef-9bb6-448d-a69e-7a7b9bf4f957, merchant 28d95cad-a38c-4b1d-9654-f6df5fe49e69
DEBUG: calling db.get(Merchant)
DEBUG: db.get(Merchant) finished: krishna store
DEBUG: db.get(Merchant) finished: krishna store
DEBUG: executing select(MerchantMember) query
DEBUG: executing select(MerchantMember) query
DEBUG: executing select(MerchantMember) query
DEBUG: db.get(Merchant) finished: krishna store
DEBUG: db.get(Merchant) finished: krishna store
DEBUG: executing select(MerchantMember) query
DEBUG: executing select(MerchantMember) query
DEBUG: select(MerchantMember) query executed
DEBUG: MerchantMember role: owner
DEBUG: MerchantMember role: owner
DEBUG: get_current_merchant returning success
DEBUG: get_current_merchant returning success
DEBUG: select(MerchantMember) query executed
DEBUG: MerchantMember role: owner
DEBUG: select(MerchantMember) query executed
DEBUG: get_current_merchant returning success
DEBUG: MerchantMember role: owner
DEBUG: get_current_merchant returning success
DEBUG: select(MerchantMember) query executed
DEBUG: MerchantMember role: owner
DEBUG: select(MerchantMember) query executed
DEBUG: get_current_merchant returning success
DEBUG: MerchantMember role: owner
DEBUG: get_current_merchant returning success
DEBUG: get_current_merchant starting for user 20f83eef-9bb6-448d-a69e-7a7b9bf4f957, merchant 28d95cad-a38c-4b1d-9654-f6df5fe49e69
DEBUG: get_current_merchant starting for user 20f83eef-9bb6-448d-a69e-7a7b9bf4f957, merchant 28d95cad-a38c-4b1d-9654-f6df5fe49e69
DEBUG: get_current_merchant starting for user 20f83eef-9bb6-448d-a69e-7a7b9bf4f957, merchant 28d95cad-a38c-4b1d-9654-f6df5fe49e69
DEBUG: calling db.get(Merchant)
DEBUG: get_current_merchant starting for user 20f83eef-9bb6-448d-a69e-7a7b9bf4f957, merchant 28d95cad-a38c-4b1d-9654-f6df5fe49e69
DEBUG: calling db.get(Merchant)
DEBUG: get_current_merchant starting for user 20f83eef-9bb6-448d-a69e-7a7b9bf4f957, merchant 28d95cad-a38c-4b1d-9654-f6df5fe49e69
DEBUG: calling db.get(Merchant)
DEBUG: db.get(Merchant) finished: krishna store
DEBUG: executing select(MerchantMember) query
DEBUG: executing select(MerchantMember) query
DEBUG: executing select(MerchantMember) query
DEBUG: executing select(MerchantMember) query
DEBUG: db.get(Merchant) finished: krishna store
DEBUG: executing select(MerchantMember) query
DEBUG: db.get(Merchant) finished: krishna store
DEBUG: executing select(MerchantMember) query
DEBUG: select(MerchantMember) query executed
DEBUG: MerchantMember role: owner
DEBUG: MerchantMember role: owner
DEBUG: get_current_merchant returning success
DEBUG: get_current_merchant returning success
DEBUG: get_current_merchant returning success
DEBUG: select(MerchantMember) query executed
DEBUG: MerchantMember role: owner
DEBUG: get_current_merchant returning success
DEBUG: select(MerchantMember) query executed
DEBUG: MerchantMember role: owner
DEBUG: get_current_merchant returning success
DEBUG: MerchantMember role: owner
DEBUG: get_current_merchant returning success
DEBUG: get_current_merchant starting for user 20f83eef-9bb6-448d-a69e-7a7b9bf4f957, merchant 28d95cad-a38c-4b1d-9654-f6df5fe49e69
DEBUG: calling db.get(Merchant)
DEBUG: db.get(Merchant) finished: krishna store
DEBUG: executing select(MerchantMember) query
DEBUG: select(MerchantMember) query executed
DEBUG: MerchantMember role: owner
DEBUG: get_current_merchant returning success
DEBUG: get_current_merchant starting for user 20f83eef-9bb6-448d-a69e-7a7b9bf4f957, merchant 28d95cad-a38c-4b1d-9654-f6df5fe49e69
DEBUG: calling db.get(Merchant)
DEBUG: get_current_merchant starting for user 20f83eef-9bb6-448d-a69e-7a7b9bf4f957, merchant 28d95cad-a38c-4b1d-9654-f6df5fe49e69
DEBUG: calling db.get(Merchant)
DEBUG: get_current_merchant starting for user 20f83eef-9bb6-448d-a69e-7a7b9bf4f957, merchant 28d95cad-a38c-4b1d-9654-f6df5fe49e69
DEBUG: calling db.get(Merchant)
DEBUG: db.get(Merchant) finished: krishna store
DEBUG: executing select(MerchantMember) query
DEBUG: db.get(Merchant) finished: krishna store
DEBUG: executing select(MerchantMember) query
DEBUG: db.get(Merchant) finished: krishna store
DEBUG: executing select(MerchantMember) query
DEBUG: get_current_merchant starting for user 20f83eef-9bb6-448d-a69e-7a7b9bf4f957, merchant 28d95cad-a38c-4b1d-9654-f6df5fe49e69
DEBUG: calling db.get(Merchant)
DEBUG: get_current_merchant starting for user 20f83eef-9bb6-448d-a69e-7a7b9bf4f957, merchant 28d95cad-a38c-4b1d-9654-f6df5fe49e69
DEBUG: calling db.get(Merchant)
DEBUG: select(MerchantMember) query executed
DEBUG: MerchantMember role: owner
DEBUG: get_current_merchant returning success
DEBUG: select(MerchantMember) query executed
DEBUG: MerchantMember role: owner
DEBUG: get_current_merchant returning success
DEBUG: select(MerchantMember) query executed
DEBUG: MerchantMember role: owner
DEBUG: get_current_merchant returning success
DEBUG: get_current_merchant starting for user 20f83eef-9bb6-448d-a69e-7a7b9bf4f957, merchant 28d95cad-a38c-4b1d-9654-f6df5fe49e69
DEBUG: calling db.get(Merchant)
DEBUG: db.get(Merchant) finished: krishna store
DEBUG: executing select(MerchantMember) query
DEBUG: executing select(MerchantMember) query
DEBUG: db.get(Merchant) finished: krishna store
DEBUG: executing select(MerchantMember) query
DEBUG: select(MerchantMember) query executed
DEBUG: MerchantMember role: owner
DEBUG: get_current_merchant returning success
DEBUG: select(MerchantMember) query executed
DEBUG: MerchantMember role: owner
DEBUG: get_current_merchant returning success
DEBUG: select(MerchantMember) query executed
DEBUG: MerchantMember role: owner
DEBUG: get_current_merchant returning success
DEBUG: get_current_merchant starting for user 20f83eef-9bb6-448d-a69e-7a7b9bf4f957, merchant 28d95cad-a38c-4b1d-9654-f6df5fe49e69
DEBUG: get_current_merchant starting for user 20f83eef-9bb6-448d-a69e-7a7b9bf4f957, merchant 28d95cad-a38c-4b1d-9654-f6df5fe49e69
DEBUG: calling db.get(Merchant)
DEBUG: calling db.get(Merchant)
DEBUG: db.get(Merchant) finished: krishna store
DEBUG: executing select(MerchantMember) query
DEBUG: db.get(Merchant) finished: krishna store
DEBUG: executing select(MerchantMember) query
DEBUG: select(MerchantMember) query executed
DEBUG: select(MerchantMember) query executed
DEBUG: MerchantMember role: owner
DEBUG: MerchantMember role: owner
DEBUG: get_current_merchant returning success
DEBUG: get_current_merchant returning success
DEBUG: get_current_merchant starting for user 20f83eef-9bb6-448d-a69e-7a7b9bf4f957, merchant 28d95cad-a38c-4b1d-9654-f6df5fe49e69
DEBUG: calling db.get(Merchant)
DEBUG: db.get(Merchant) finished: krishna store
DEBUG: executing select(MerchantMember) query
DEBUG: select(MerchantMember) query executed
DEBUG: MerchantMember role: owner
DEBUG: get_current_merchant returning success
DEBUG: get_current_merchant starting for user 20f83eef-9bb6-448d-a69e-7a7b9bf4f957, merchant 28d95cad-a38c-4b1d-9654-f6df5fe49e69
DEBUG: calling db.get(Merchant)
DEBUG: get_current_merchant starting for user 20f83eef-9bb6-448d-a69e-7a7b9bf4f957, merchant 28d95cad-a38c-4b1d-9654-f6df5fe49e69
DEBUG: calling db.get(Merchant)
DEBUG: db.get(Merchant) finished: krishna store
DEBUG: executing select(MerchantMember) query
DEBUG: db.get(Merchant) finished: krishna store
DEBUG: executing select(MerchantMember) query
DEBUG: get_current_merchant starting for user 20f83eef-9bb6-448d-a69e-7a7b9bf4f957, merchant 28d95cad-a38c-4b1d-9654-f6df5fe49e69
DEBUG: calling db.get(Merchant)
DEBUG: select(MerchantMember) query executed
DEBUG: MerchantMember role: owner
DEBUG: get_current_merchant returning success
DEBUG: get_current_merchant starting for user 20f83eef-9bb6-448d-a69e-7a7b9bf4f957, merchant 28d95cad-a38c-4b1d-9654-f6df5fe49e69
DEBUG: calling db.get(Merchant)
DEBUG: select(MerchantMember) query executed
DEBUG: MerchantMember role: owner
DEBUG: get_current_merchant returning success
DEBUG: get_current_merchant starting for user 20f83eef-9bb6-448d-a69e-7a7b9bf4f957, merchant 28d95cad-a38c-4b1d-9654-f6df5fe49e69
DEBUG: calling db.get(Merchant)
DEBUG: db.get(Merchant) finished: krishna store
DEBUG: executing select(MerchantMember) query
DEBUG: select(MerchantMember) query executed
DEBUG: db.get(Merchant) finished: krishna store
DEBUG: MerchantMember role: owner
ber) query
DEBUG: get_current_merchant returning success
DEBUG: db.get(Merchant) finished: krishna store
DEBUG: MerchantMember role: owner
DEBUG: executing select(MerchantMember) query
DEBUG: get_current_merchant returning success
DEBUG: select(MerchantMember) query executed
DEBUG: MerchantMember role: owner
DEBUG: get_current_merchant returning success
DEBUG: get_current_merchant starting for user 20f83eef-9bb6-448d-a69e-7a7b9bf4f957, merchant 28d95cad-a38c-4b1d-9654-f6df5fe49e69
DEBUG: calling db.get(Merchant)
DEBUG: calling db.get(Merchant)
DEBUG: get_current_merchant starting for user 20f83eef-9bb6-448d-a69e-7a7b9bf4f957, merchant 28d95cad-a38c-4b1d-9654-f6df5fe49e69
DEBUG: calling db.get(Merchant)
DEBUG: get_current_merchant starting for user 20f83eef-9bb6-448d-a69e-7a7b9bf4f957, merchant 28d95cad-a38c-4b1d-9654-f6df5fe49e69
DEBUG: calling db.get(Merchant)
DEBUG: db.get(Merchant) finished: krishna store
DEBUG: db.get(Merchant) finished: krishna store
DEBUG: executing select(MerchantMember) query
DEBUG: executing select(MerchantMember) query
DEBUG: db.get(Merchant) finished: krishna store
DEBUG: executing select(MerchantMember) query
DEBUG: db.get(Merchant) finished: krishna store
DEBUG: executing select(MerchantMember) query
DEBUG: get_current_merchant starting for user 20f83eef-9bb6-448d-a69e-7a7b9bf4f957, merchant 28d95cad-a38c-4b1d-9654-f6df5fe49e69
DEBUG: calling db.get(Merchant)
DEBUG: get_current_merchant starting for user 20f83eef-9bb6-448d-a69e-7a7b9bf4f957, merchant 28d95cad-a38c-4b1d-9654-f6df5fe49e69
DEBUG: calling db.get(Merchant)
DEBUG: select(MerchantMember) query executed
DEBUG: select(MerchantMember) query executed
DEBUG: MerchantMember role: owner
DEBUG: MerchantMember role: owner
DEBUG: get_current_merchant returning success
DEBUG: get_current_merchant returning success
DEBUG: select(MerchantMember) query executed
DEBUG: MerchantMember role: owner
DEBUG: get_current_merchant returning success
DEBUG: select(MerchantMember) query executed
DEBUG: MerchantMember role: owner
DEBUG: get_current_merchant returning success
DEBUG: db.get(Merchant) finished: krishna store
DEBUG: db.get(Merchant) finished: krishna store
DEBUG: executing select(MerchantMember) query
DEBUG: executing select(MerchantMember) query
DEBUG: select(MerchantMember) query executed
DEBUG: MerchantMember role: owner
DEBUG: get_current_merchant returning success
DEBUG: select(MerchantMember) query executed
DEBUG: MerchantMember role: owner
DEBUG: get_current_merchant returning success
DEBUG: get_current_merchant starting for user 20f83eef-9bb6-448d-a69e-7a7b9bf4f957, merchant 28d95cad-a38c-4b1d-9654-f6df5fe49e69
DEBUG: calling db.get(Merchant)
DEBUG: db.get(Merchant) finished: krishna store
DEBUG: executing select(MerchantMember) query
DEBUG: select(MerchantMember) query executed
DEBUG: MerchantMember role: owner
DEBUG: get_current_merchant returning success
DEBUG: get_current_merchant starting for user 20f83eef-9bb6-448d-a69e-7a7b9bf4f957, merchant 28d95cad-a38c-4b1d-9654-f6df5fe49e69
DEBUG: get_current_merchant starting for user 20f83eef-9bb6-448d-a69e-7a7b9bf4f957, merchant 28d95cad-a38c-4b1d-9654-f6df5fe49e69
DEBUG: calling db.get(Merchant)
DEBUG: calling db.get(Merchant)
DEBUG: get_current_merchant starting for user 20f83eef-9bb6-448d-a69e-7a7b9bf4f957, merchant 28d95cad-a38c-4b1d-9654-f6df5fe49e69
DEBUG: calling db.get(Merchant)
DEBUG: get_current_merchant starting for user 20f83eef-9bb6-448d-a69e-7a7b9bf4f957, merchant 28d95cad-a38c-4b1d-9654-f6df5fe49e69
DEBUG: calling db.get(Merchant)
DEBUG: db.get(Merchant) finished: krishna store
DEBUG: executing select(MerchantMember) query
DEBUG: executing select(MerchantMember) query
DEBUG: executing select(MerchantMember) query
DEBUG: db.get(Merchant) finished: krishna store
DEBUG: executing select(MerchantMember) query
DEBUG: select(MerchantMember) query executed
DEBUG: get_current_merchant starting for user 20f83eef-9bb6-448d-a69e-7a7b9bf4f957, merchant 28d95cad-a38c-4b1d-9654-f6df5fe49e69
DEBUG: MerchantMember role: owner
DEBUG: select(MerchantMember) query executed
DEBUG: MerchantMember role: owner
ng success
DEBUG: get_current_merchant returning success
DEBUG: select(MerchantMember) query executed
DEBUG: select(MerchantMember) query executed
DEBUG: MerchantMember role: owner
DEBUG: get_current_merchant returning success
DEBUG: MerchantMember role: owner
DEBUG: get_current_merchant returning success
DEBUG: get_current_merchant starting for user 20f83eef-9bb6-448d-a69e-7a7b9bf4f957, merchant 28d95cad-a38c-4b1d-9654-f6df5fe49e69
DEBUG: calling db.get(Merchant)
DEBUG: db.get(Merchant) finished: krishna store
DEBUG: executing select(MerchantMember) query
DEBUG: db.get(Merchant) finished: krishna store
DEBUG: executing select(MerchantMember) query
DEBUG: select(MerchantMember) query executed
DEBUG: MerchantMember role: owner
DEBUG: get_current_merchant returning success
DEBUG: select(MerchantMember) query executed
DEBUG: MerchantMember role: owner
DEBUG: get_current_merchant returning success
DEBUG: get_current_merchant starting for user 20f83eef-9bb6-448d-a69e-7a7b9bf4f957, merchant 28d95cad-a38c-4b1d-9654-f6df5fe49e69
DEBUG: calling db.get(Merchant)
DEBUG: db.get(Merchant) finished: krishna store
DEBUG: executing select(MerchantMember) query
DEBUG: get_current_merchant starting for user 20f83eef-9bb6-448d-a69e-7a7b9bf4f957, merchant 28d95cad-a38c-4b1d-9654-f6df5fe49e69
DEBUG: calling db.get(Merchant)
DEBUG: get_current_merchant starting for user 20f83eef-9bb6-448d-a69e-7a7b9bf4f957, merchant 28d95cad-a38c-4b1d-9654-f6df5fe49e69
DEBUG: calling db.get(Merchant)
DEBUG: get_current_merchant starting for user 20f83eef-9bb6-448d-a69e-7a7b9bf4f957, merchant 28d95cad-a38c-4b1d-9654-f6df5fe49e69
DEBUG: calling db.get(Merchant)
DEBUG: select(MerchantMember) query executed
DEBUG: MerchantMember role: owner
DEBUG: get_current_merchant returning success
DEBUG: get_current_merchant starting for user 20f83eef-9bb6-448d-a69e-7a7b9bf4f957, merchant 28d95cad-a38c-4b1d-9654-f6df5fe49e69
DEBUG: calling db.get(Merchant)
DEBUG: get_current_merchant starting for user 20f83eef-9bb6-448d-a69e-7a7b9bf4f957, merchant 28d95cad-a38c-4b1d-9654-f6df5fe49e69
DEBUG: calling db.get(Merchant)
DEBUG: db.get(Merchant) finished: krishna store
DEBUG: db.get(Merchant) finished: krishna store
DEBUG: executing select(MerchantMember) query
DEBUG: executing select(MerchantMember) query
DEBUG: db.get(Merchant) finished: krishna store
DEBUG: executing select(MerchantMember) query
DEBUG: db.get(Merchant) finished: krishna store
DEBUG: executing select(MerchantMember) query
DEBUG: db.get(Merchant) finished: krishna store
DEBUG: executing select(MerchantMember) query
DEBUG: select(MerchantMember) query executed
DEBUG: MerchantMember role: owner
DEBUG: MerchantMember role: owner
DEBUG: get_current_merchant returning success
DEBUG: get_current_merchant returning success
DEBUG: select(MerchantMember) query executed
DEBUG: MerchantMember role: owner
DEBUG: get_current_merchant returning success
DEBUG: select(MerchantMember) query executed
DEBUG: MerchantMember role: owner
DEBUG: get_current_merchant returning success
DEBUG: select(MerchantMember) query executed
DEBUG: MerchantMember role: owner
DEBUG: get_current_merchant returning success
DEBUG: get_current_merchant starting for user 20f83eef-9bb6-448d-a69e-7a7b9bf4f957, merchant 28d95cad-a38c-4b1d-9654-f6df5fe49e69
DEBUG: calling db.get(Merchant)
DEBUG: db.get(Merchant) finished: krishna store
DEBUG: executing select(MerchantMember) query
DEBUG: select(MerchantMember) query executed
DEBUG: MerchantMember role: owner
DEBUG: get_current_merchant returning success
DEBUG: get_current_merchant starting for user 20f83eef-9bb6-448d-a69e-7a7b9bf4f957, merchant 28d95cad-a38c-4b1d-9654-f6df5fe49e69
DEBUG: calling db.get(Merchant)
DEBUG: get_current_merchant starting for user 20f83eef-9bb6-448d-a69e-7a7b9bf4f957, merchant 28d95cad-a38c-4b1d-9654-f6df5fe49e69
DEBUG: calling db.get(Merchant)
DEBUG: get_current_merchant starting for user 20f83eef-9bb6-448d-a69e-7a7b9bf4f957, merchant 28d95cad-a38c-4b1d-9654-f6df5fe49e69
DEBUG: calling db.get(Merchant)
DEBUG: get_current_merchant starting for user 20f83eef-9bb6-448d-a69e-7a7b9bf4f957, merchant 28d95cad-a38c-4b1d-9654-f6df5fe49e69
DEBUG: calling db.get(Merchant)
DEBUG: get_current_merchant starting for user 20f83eef-9bb6-448d-a69e-7a7b9bf4f957, merchant 28d95cad-a38c-4b1d-9654-f6df5fe49e69
DEBUG: calling db.get(Merchant)
DEBUG: get_current_merchant starting for user 20f83eef-9bb6-448d-a69e-7a7b9bf4f957, merchant 28d95cad-a38c-4b1d-9654-f6df5fe49e69
DEBUG: calling db.get(Merchant)
DEBUG: db.get(Merchant) finished: krishna store
DEBUG: executing select(MerchantMember) query
DEBUG: db.get(Merchant) finished: krishna store
DEBUG: executing select(MerchantMember) query
DEBUG: db.get(Merchant) finished: krishna store
DEBUG: executing select(MerchantMember) query
DEBUG: db.get(Merchant) finished: krishna store
DEBUG: executing select(MerchantMember) query
DEBUG: db.get(Merchant) finished: krishna store
DEBUG: executing select(MerchantMember) query
DEBUG: db.get(Merchant) finished: krishna store
DEBUG: executing select(MerchantMember) query
DEBUG: select(MerchantMember) query executed
DEBUG: MerchantMember role: owner
DEBUG: get_current_merchant returning success
DEBUG: select(MerchantMember) query executed
DEBUG: MerchantMember role: owner
DEBUG: get_current_merchant returning success
DEBUG: get_current_merchant starting for user 20f83eef-9bb6-448d-a69e-7a7b9bf4f957, merchant 28d95cad-a38c-4b1d-9654-f6df5fe49e69
DEBUG: calling db.get(Merchant)
DEBUG: select(MerchantMember) query executed
DEBUG: MerchantMember role: owner
DEBUG: get_current_merchant returning success
DEBUG: select(MerchantMember) query executed
DEBUG: MerchantMember role: owner
DEBUG: get_current_merchant returning success
DEBUG: select(MerchantMember) query executed
DEBUG: MerchantMember role: owner
DEBUG: get_current_merchant returning success
DEBUG: select(MerchantMember) query executed
DEBUG: MerchantMember role: owner
DEBUG: get_current_merchant returning success
DEBUG: db.get(Merchant) finished: krishna store
DEBUG: executing select(MerchantMember) query
DEBUG: select(MerchantMember) query executed
DEBUG: MerchantMember role: owner
DEBUG: get_current_merchant returning success
DEBUG: get_current_merchant starting for user 20f83eef-9bb6-448d-a69e-7a7b9bf4f957, merchant 28d95cad-a38c-4b1d-9654-f6df5fe49e69
DEBUG: calling db.get(Merchant)
DEBUG: get_current_merchant starting for user 20f83eef-9bb6-448d-a69e-7a7b9bf4f957, merchant 28d95cad-a38c-4b1d-9654-f6df5fe49e69
DEBUG: calling db.get(Merchant)
DEBUG: get_current_merchant starting for user 20f83eef-9bb6-448d-a69e-7a7b9bf4f957, merchant 28d95cad-a38c-4b1d-9654-f6df5fe49e69
DEBUG: calling db.get(Merchant)
DEBUG: get_current_merchant starting for user 20f83eef-9bb6-448d-a69e-7a7b9bf4f957, merchant 28d95cad-a38c-4b1d-9654-f6df5fe49e69
DEBUG: calling db.get(Merchant)
DEBUG: get_current_merchant starting for user 20f83eef-9bb6-448d-a69e-7a7b9bf4f957, merchant 28d95cad-a38c-4b1d-9654-f6df5fe49e69
DEBUG: calling db.get(Merchant)
DEBUG: db.get(Merchant) finished: krishna store
DEBUG: executing select(MerchantMember) query
DEBUG: get_current_merchant starting for user 20f83eef-9bb6-448d-a69e-7a7b9bf4f957, merchant 28d95cad-a38c-4b1d-9654-f6df5fe49e69
DEBUG: calling db.get(Merchant)
DEBUG: db.get(Merchant) finished: krishna store
DEBUG: executing select(MerchantMember) query
DEBUG: db.get(Merchant) finished: krishna store
DEBUG: executing select(MerchantMember) query
DEBUG: db.get(Merchant) finished: krishna store
DEBUG: executing select(MerchantMember) query
DEBUG: db.get(Merchant) finished: krishna store
DEBUG: executing select(MerchantMember) query
DEBUG: select(MerchantMember) query executed
DEBUG: get_current_merchant starting for user 20f83eef-9bb6-448d-a69e-7a7b9bf4f957, merchant 28d95cad-a38c-4b1d-9654-f6df5fe49e69
DEBUG: MerchantMember role: owner
DEBUG: calling db.get(Merchant)
DEBUG: get_current_merchant returning success
DEBUG: get_current_merchant starting for user 20f83eef-9bb6-448d-a69e-7a7b9bf4f957, merchant 28d95cad-a38c-4b1d-9654-f6df5fe49e69
DEBUG: calling db.get(Merchant)
ry executed
DEBUG: MerchantMember role: owner
DEBUG: get_current_merchant returning success
DEBUG: select(MerchantMember) query executed
DEBUG: MerchantMember role: owner
DEBUG: get_current_merchant returning success
DEBUG: select(MerchantMember) query executed
DEBUG: get_current_merchant starting for user 20f83eef-9bb6-448d-a69e-7a7b9bf4f957, merchant 28d95cad-a38c-4b1d-9654-f6df5fe49e69
DEBUG: MerchantMember role: owner
DEBUG: calling db.get(Merchant)
DEBUG: get_current_merchant returning success
DEBUG: get_current_merchant starting for user 20f83eef-9bb6-448d-a69e-7a7b9bf4f957, merchant 28d95cad-a38c-4b1d-9654-f6df5fe49e69
DEBUG: calling db.get(Merchant)
DEBUG: select(MerchantMember) query executed
DEBUG: MerchantMember role: owner
DEBUG: get_current_merchant returning success
DEBUG: db.get(Merchant) finished: krishna store
DEBUG: db.get(Merchant) finished: krishna store
DEBUG: executing select(MerchantMember) query
DEBUG: executing select(MerchantMember) query
DEBUG: db.get(Merchant) finished: krishna store
DEBUG: executing select(MerchantMember) query
DEBUG: db.get(Merchant) finished: krishna store
DEBUG: executing select(MerchantMember) query
DEBUG: db.get(Merchant) finished: krishna store
DEBUG: executing select(MerchantMember) query
DEBUG: select(MerchantMember) query executed
DEBUG: MerchantMember role: owner
DEBUG: get_current_merchant returning success
DEBUG: select(MerchantMember) query executed
DEBUG: MerchantMember role: owner
DEBUG: get_current_merchant returning success
DEBUG: select(MerchantMember) query executed
DEBUG: MerchantMember role: owner
DEBUG: get_current_merchant returning success
DEBUG: select(MerchantMember) query executed
DEBUG: MerchantMember role: owner
DEBUG: get_current_merchant returning success
DEBUG: select(MerchantMember) query executed
DEBUG: MerchantMember role: owner
DEBUG: get_current_merchant returning success
DEBUG: get_current_merchant starting for user 20f83eef-9bb6-448d-a69e-7a7b9bf4f957, merchant 28d95cad-a38c-4b1d-9654-f6df5fe49e69
DEBUG: calling db.get(Merchant)
DEBUG: db.get(Merchant) finished: krishna store
DEBUG: executing select(MerchantMember) query
DEBUG: select(MerchantMember) query executed
DEBUG: MerchantMember role: owner
DEBUG: get_current_merchant returning success
DEBUG: get_current_merchant starting for user 20f83eef-9bb6-448d-a69e-7a7b9bf4f957, merchant 28d95cad-a38c-4b1d-9654-f6df5fe49e69
DEBUG: calling db.get(Merchant)
DEBUG: db.get(Merchant) finished: krishna store
DEBUG: executing select(MerchantMember) query
DEBUG: select(MerchantMember) query executed
DEBUG: MerchantMember role: owner
DEBUG: get_current_merchant returning success
DEBUG: get_current_merchant starting for user 20f83eef-9bb6-448d-a69e-7a7b9bf4f957, merchant 28d95cad-a38c-4b1d-9654-f6df5fe49e69
DEBUG: calling db.get(Merchant)
DEBUG: get_current_merchant starting for user 20f83eef-9bb6-448d-a69e-7a7b9bf4f957, merchant 28d95cad-a38c-4b1d-9654-f6df5fe49e69
DEBUG: calling db.get(Merchant)
DEBUG: get_current_merchant starting for user 20f83eef-9bb6-448d-a69e-7a7b9bf4f957, merchant 28d95cad-a38c-4b1d-9654-f6df5fe49e69
DEBUG: calling db.get(Merchant)
DEBUG: get_current_merchant starting for user 20f83eef-9bb6-448d-a69e-7a7b9bf4f957, merchant 28d95cad-a38c-4b1d-9654-f6df5fe49e69
DEBUG: calling db.get(Merchant)
DEBUG: db.get(Merchant) finished: krishna store
DEBUG: executing select(MerchantMember) query
DEBUG: db.get(Merchant) finished: krishna store
DEBUG: executing select(MerchantMember) query
DEBUG: db.get(Merchant) finished: krishna store
DEBUG: executing select(MerchantMember) query
DEBUG: db.get(Merchant) finished: krishna store
DEBUG: executing select(MerchantMember) query
DEBUG: get_current_merchant starting for user 20f83eef-9bb6-448d-a69e-7a7b9bf4f957, merchant 28d95cad-a38c-4b1d-9654-f6df5fe49e69
DEBUG: calling db.get(Merchant)
DEBUG: select(MerchantMember) query executed
DEBUG: get_current_merchant starting for user 20f83eef-9bb6-448d-a69e-7a7b9bf4f957, merchant 28d95cad-a38c-4b1d-9654-f6df5fe49e69
DEBUG: get_current_merchant starting for user 20f83eef-9bb6-448d-a69e-7a7b9bf4f957, merchant 28d95cad-a38c-4b1d-9654-f6df5fe49e69
DEBUG: get_current_merchant returning success
DEBUG: calling db.get(Merchant)
DEBUG: select(MerchantMember) query executed
DEBUG: MerchantMember role: owner
DEBUG: get_current_merchant returning success
DEBUG: select(MerchantMember) query executed
DEBUG: MerchantMember role: owner
DEBUG: get_current_merchant returning success
DEBUG: select(MerchantMember) query executed
DEBUG: MerchantMember role: owner
DEBUG: get_current_merchant returning success
DEBUG: db.get(Merchant) finished: krishna store
DEBUG: executing select(MerchantMember) query
DEBUG: db.get(Merchant) finished: krishna store
DEBUG: executing select(MerchantMember) query
DEBUG: select(MerchantMember) query executed
e
DEBUG: executing select(MerchantMember) query
DEBUG: MerchantMember role: owner
DEBUG: get_current_merchant returning success
DEBUG: select(MerchantMember) query executed
DEBUG: MerchantMember role: owner
DEBUG: get_current_merchant returning success
DEBUG: select(MerchantMember) query executed
DEBUG: MerchantMember role: owner
DEBUG: get_current_merchant returning success
DEBUG: get_current_merchant starting for user 20f83eef-9bb6-448d-a69e-7a7b9bf4f957, merchant 28d95cad-a38c-4b1d-9654-f6df5fe49e69
DEBUG: calling db.get(Merchant)
DEBUG: get_current_merchant starting for user 20f83eef-9bb6-448d-a69e-7a7b9bf4f957, merchant 28d95cad-a38c-4b1d-9654-f6df5fe49e69
DEBUG: calling db.get(Merchant)
DEBUG: calling db.get(Merchant)
DEBUG: get_current_merchant starting for user 20f83eef-9bb6-448d-a69e-7a7b9bf4f957, merchant 28d95cad-a38c-4b1d-9654-f6df5fe49e69
DEBUG: calling db.get(Merchant)
DEBUG: get_current_merchant starting for user 20f83eef-9bb6-448d-a69e-7a7b9bf4f957, merchant 28d95cad-a38c-4b1d-9654-f6df5fe49e69
DEBUG: calling db.get(Merchant)
DEBUG: db.get(Merchant) finished: krishna store
DEBUG: db.get(Merchant) finished: krishna store
DEBUG: db.get(Merchant) finished: krishna store
DEBUG: executing select(MerchantMember) query
DEBUG: executing select(MerchantMember) query
DEBUG: get_current_merchant starting for user 20f83eef-9bb6-448d-a69e-7a7b9bf4f957, merchant 28d95cad-a38c-4b1d-9654-f6df5fe49e69
DEBUG: db.get(Merchant) finished: krishna store
DEBUG: calling db.get(Merchant)
DEBUG: executing select(MerchantMember) query
DEBUG: db.get(Merchant) finished: krishna store
DEBUG: executing select(MerchantMember) query
DEBUG: select(MerchantMember) query executed
DEBUG: select(MerchantMember) query executed
DEBUG: MerchantMember role: owner
DEBUG: MerchantMember role: owner
DEBUG: select(MerchantMember) query executed
DEBUG: get_current_merchant returning success
DEBUG: get_current_merchant returning success
DEBUG: MerchantMember role: owner
DEBUG: get_current_merchant returning success
DEBUG: db.get(Merchant) finished: krishna store
DEBUG: select(MerchantMember) query executed
DEBUG: executing select(MerchantMember) query
DEBUG: MerchantMember role: owner
DEBUG: get_current_merchant returning success
DEBUG: select(MerchantMember) query executed
DEBUG: MerchantMember role: owner
DEBUG: get_current_merchant returning success
DEBUG: select(MerchantMember) query executed
DEBUG: MerchantMember role: owner
DEBUG: get_current_merchant returning success
DEBUG: get_current_merchant starting for user 20f83eef-9bb6-448d-a69e-7a7b9bf4f957, merchant 28d95cad-a38c-4b1d-9654-f6df5fe49e69
DEBUG: calling db.get(Merchant)
DEBUG: db.get(Merchant) finished: krishna store
DEBUG: executing select(MerchantMember) query
DEBUG: select(MerchantMember) query executed
DEBUG: MerchantMember role: owner
DEBUG: get_current_merchant returning success
DEBUG: get_current_merchant starting for user 20f83eef-9bb6-448d-a69e-7a7b9bf4f957, merchant 28d95cad-a38c-4b1d-9654-f6df5fe49e69
DEBUG: calling db.get(Merchant)
DEBUG: get_current_merchant starting for user 20f83eef-9bb6-448d-a69e-7a7b9bf4f957, merchant 28d95cad-a38c-4b1d-9654-f6df5fe49e69
DEBUG: calling db.get(Merchant)
DEBUG: get_current_merchant starting for user 20f83eef-9bb6-448d-a69e-7a7b9bf4f957, merchant 28d95cad-a38c-4b1d-9654-f6df5fe49e69
DEBUG: calling db.get(Merchant)
DEBUG: db.get(Merchant) finished: krishna store
DEBUG: executing select(MerchantMember) query
DEBUG: db.get(Merchant) finished: krishna store
DEBUG: executing select(MerchantMember) query
DEBUG: db.get(Merchant) finished: krishna store
DEBUG: executing select(MerchantMember) query
DEBUG: select(MerchantMember) query executed
DEBUG: MerchantMember role: owner
DEBUG: MerchantMember role: owner
DEBUG: get_current_merchant returning success
DEBUG: get_current_merchant returning success
DEBUG: select(MerchantMember) query executed
DEBUG: MerchantMember role: owner
DEBUG: get_current_merchant returning success
DEBUG: get_current_merchant starting for user 20f83eef-9bb6-448d-a69e-7a7b9bf4f957, merchant 28d95cad-a38c-4b1d-9654-f6df5fe49e69
DEBUG: calling db.get(Merchant)
DEBUG: get_current_merchant starting for user 20f83eef-9bb6-448d-a69e-7a7b9bf4f957, merchant 28d95cad-a38c-4b1d-9654-f6df5fe49e69
DEBUG: calling db.get(Merchant)
DEBUG: db.get(Merchant) finished: krishna store
DEBUG: executing select(MerchantMember) query
DEBUG: db.get(Merchant) finished: krishna store
DEBUG: executing select(MerchantMember) query
DEBUG: select(MerchantMember) query executed
DEBUG: MerchantMember role: owner
DEBUG: get_current_merchant returning success
DEBUG: select(MerchantMember) query executed
DEBUG: MerchantMember role: owner
DEBUG: get_current_merchant returning success
DEBUG: get_current_merchant starting for user 20f83eef-9bb6-448d-a69e-7a7b9bf4f957, merchant 28d95cad-a38c-4b1d-9654-f6df5fe49e69
DEBUG: calling db.get(Merchant)
DEBUG: get_current_merchant starting for user 20f83eef-9bb6-448d-a69e-7a7b9bf4f957, merchant 28d95cad-a38c-4b1d-9654-f6df5fe49e69
DEBUG: calling db.get(Merchant)
DEBUG: db.get(Merchant) finished: krishna store
DEBUG: executing select(MerchantMember) query
DEBUG: db.get(Merchant) finished: krishna store
DEBUG: executing select(MerchantMember) query
DEBUG: select(MerchantMember) query executed
DEBUG: MerchantMember role: owner
DEBUG: get_current_merchant returning success
DEBUG: select(MerchantMember) query executed
DEBUG: MerchantMember role: owner
DEBUG: get_current_merchant returning success
DEBUG: get_current_merchant starting for user 20f83eef-9bb6-448d-a69e-7a7b9bf4f957, merchant 28d95cad-a38c-4b1d-9654-f6df5fe49e69
DEBUG: calling db.get(Merchant)
DEBUG: db.get(Merchant) finished: krishna store
DEBUG: executing select(MerchantMember) query
DEBUG: select(MerchantMember) query executed
DEBUG: MerchantMember role: owner
DEBUG: get_current_merchant returning success
DEBUG: get_current_merchant starting for user 20f83eef-9bb6-448d-a69e-7a7b9bf4f957, merchant 28d95cad-a38c-4b1d-9654-f6df5fe49e69
DEBUG: calling db.get(Merchant)
DEBUG: calling db.get(Merchant)
DEBUG: get_current_merchant starting for user 20f83eef-9bb6-448d-a69e-7a7b9bf4f957, merchant 28d95cad-a38c-4b1d-9654-f6df5fe49e69
DEBUG: calling db.get(Merchant)
DEBUG: db.get(Merchant) finished: krishna store
DEBUG: db.get(Merchant) finished: krishna store
DEBUG: executing select(MerchantMember) query
DEBUG: executing select(MerchantMember) query
DEBUG: db.get(Merchant) finished: krishna store
DEBUG: executing select(MerchantMember) query
DEBUG: select(MerchantMember) query executed
DEBUG: MerchantMember role: owner
DEBUG: MerchantMember role: owner
DEBUG: get_current_merchant returning success
DEBUG: get_current_merchant returning success
DEBUG: select(MerchantMember) query executed
DEBUG: MerchantMember role: owner
DEBUG: get_current_merchant returning success
DEBUG: get_current_merchant starting for user 20f83eef-9bb6-448d-a69e-7a7b9bf4f957, merchant 28d95cad-a38c-4b1d-9654-f6df5fe49e69
DEBUG: calling db.get(Merchant)
DEBUG: db.get(Merchant) finished: krishna store
DEBUG: get_current_merchant starting for user 20f83eef-9bb6-448d-a69e-7a7b9bf4f957, merchant 28d95cad-a38c-4b1d-9654-f6df5fe49e69
DEBUG: executing select(MerchantMember) query
DEBUG: calling db.get(Merchant)
DEBUG: select(MerchantMember) query executed
DEBUG: MerchantMember role: owner
DEBUG: get_current_merchant returning success
DEBUG: db.get(Merchant) finished: krishna store
DEBUG: executing select(MerchantMember) query
DEBUG: select(MerchantMember) query executed
DEBUG: MerchantMember role: owner
DEBUG: get_current_merchant returning success
DEBUG: get_current_merchant starting for user 20f83eef-9bb6-448d-a69e-7a7b9bf4f957, merchant 28d95cad-a38c-4b1d-9654-f6df5fe49e69
DEBUG: get_current_merchant starting for user 20f83eef-9bb6-448d-a69e-7a7b9bf4f957, merchant 28d95cad-a38c-4b1d-9654-f6df5fe49e69
DEBUG: calling db.get(Merchant)
DEBUG: calling db.get(Merchant)
DEBUG: get_current_merchant starting for user 20f83eef-9bb6-448d-a69e-7a7b9bf4f957, merchant 28d95cad-a38c-4b1d-9654-f6df5fe49e69
DEBUG: calling db.get(Merchant)
DEBUG: get_current_merchant starting for user 20f83eef-9bb6-448d-a69e-7a7b9bf4f957, merchant 28d95cad-a38c-4b1d-9654-f6df5fe49e69
DEBUG: calling db.get(Merchant)
DEBUG: db.get(Merchant) finished: krishna store
DEBUG: executing select(MerchantMember) query
DEBUG: executing select(MerchantMember) query
DEBUG: db.get(Merchant) finished: krishna store
DEBUG: executing select(MerchantMember) query
DEBUG: db.get(Merchant) finished: krishna store
DEBUG: executing select(MerchantMember) query
DEBUG: select(MerchantMember) query executed
DEBUG: MerchantMember role: owner
DEBUG: get_current_merchant returning success
DEBUG: select(MerchantMember) query executed
DEBUG: MerchantMember role: owner
DEBUG: get_current_merchant returning success
DEBUG: select(MerchantMember) query executed
DEBUG: MerchantMember role: owner
DEBUG: get_current_merchant returning success
DEBUG: select(MerchantMember) query executed
DEBUG: MerchantMember role: owner
DEBUG: get_current_merchant returning success
DEBUG: get_current_merchant starting for user 20f83eef-9bb6-448d-a69e-7a7b9bf4f957, merchant 28d95cad-a38c-4b1d-9654-f6df5fe49e69
DEBUG: calling db.get(Merchant)
DEBUG: db.get(Merchant) finished: krishna store
DEBUG: executing select(MerchantMember) query
DEBUG: select(MerchantMember) query executed
DEBUG: MerchantMember role: owner
DEBUG: get_current_merchant returning success
DEBUG: get_current_merchant starting for user 20f83eef-9bb6-448d-a69e-7a7b9bf4f957, merchant 28d95cad-a38c-4b1d-9654-f6df5fe49e69
DEBUG: calling db.get(Merchant)
DEBUG: get_current_merchant starting for user 20f83eef-9bb6-448d-a69e-7a7b9bf4f957, merchant 28d95cad-a38c-4b1d-9654-f6df5fe49e69
DEBUG: calling db.get(Merchant)
DEBUG: db.get(Merchant) finished: krishna store
DEBUG: executing select(MerchantMember) query
DEBUG: executing select(MerchantMember) query
DEBUG: select(MerchantMember) query executed
DEBUG: MerchantMember role: owner
DEBUG: get_current_merchant returning success
DEBUG: select(MerchantMember) query executed
DEBUG: MerchantMember role: owner
DEBUG: get_current_merchant returning success
DEBUG: get_current_merchant starting for user 20f83eef-9bb6-448d-a69e-7a7b9bf4f957, merchant 28d95cad-a38c-4b1d-9654-f6df5fe49e69
DEBUG: calling db.get(Merchant)
DEBUG: get_current_merchant starting for user 20f83eef-9bb6-448d-a69e-7a7b9bf4f957, merchant 28d95cad-a38c-4b1d-9654-f6df5fe49e69
DEBUG: calling db.get(Merchant)
DEBUG: db.get(Merchant) finished: krishna store
DEBUG: executing select(MerchantMember) query
DEBUG: db.get(Merchant) finished: krishna store
DEBUG: executing select(MerchantMember) query
DEBUG: select(MerchantMember) query executed
DEBUG: MerchantMember role: owner
DEBUG: get_current_merchant returning success
DEBUG: select(MerchantMember) query executed
DEBUG: MerchantMember role: owner
DEBUG: get_current_merchant returning success
DEBUG: get_current_merchant starting for user 20f83eef-9bb6-448d-a69e-7a7b9bf4f957, merchant 28d95cad-a38c-4b1d-9654-f6df5fe49e69
DEBUG: calling db.get(Merchant)
DEBUG: db.get(Merchant) finished: krishna store
DEBUG: executing select(MerchantMember) query
DEBUG: executing select(MerchantMember) query
DEBUG: select(MerchantMember) query executed
DEBUG: select(MerchantMember) query executed
DEBUG: MerchantMember role: owner
DEBUG: MerchantMember role: owner
DEBUG: get_current_merchant returning success
DEBUG: get_current_merchant starting for user 20f83eef-9bb6-448d-a69e-7a7b9bf4f957, merchant 28d95cad-a38c-4b1d-9654-f6df5fe49e69
DEBUG: calling db.get(Merchant)
DEBUG: db.get(Merchant) finished: krishna store
DEBUG: executing select(MerchantMember) query
DEBUG: select(MerchantMember) query executed
DEBUG: MerchantMember role: owner
DEBUG: get_current_merchant returning success
DEBUG: get_current_merchant starting for user 20f83eef-9bb6-448d-a69e-7a7b9bf4f957, merchant 28d95cad-a38c-4b1d-9654-f6df5fe49e69
DEBUG: calling db.get(Merchant)
DEBUG: db.get(Merchant) finished: krishna store
DEBUG: executing select(MerchantMember) query
DEBUG: select(MerchantMember) query executed
DEBUG: MerchantMember role: owner
DEBUG: get_current_merchant returning success
DEBUG: get_current_merchant starting for user 70c75765-8ec0-4512-aad4-a4dbe832a457, merchant 28d95cad-a38c-4b1d-9654-f6df5fe49e69
DEBUG: calling db.get(Merchant)
DEBUG: get_current_merchant starting for user 70c75765-8ec0-4512-aad4-a4dbe832a457, merchant 28d95cad-a38c-4b1d-9654-f6df5fe49e69
DEBUG: calling db.get(Merchant)
DEBUG: get_current_merchant starting for user 70c75765-8ec0-4512-aad4-a4dbe832a457, merchant 28d95cad-a38c-4b1d-9654-f6df5fe49e69
DEBUG: calling db.get(Merchant)
DEBUG: get_current_merchant starting for user 70c75765-8ec0-4512-aad4-a4dbe832a457, merchant 28d95cad-a38c-4b1d-9654-f6df5fe49e69
DEBUG: calling db.get(Merchant)
DEBUG: get_current_merchant starting for user 70c75765-8ec0-4512-aad4-a4dbe832a457, merchant 28d95cad-a38c-4b1d-9654-f6df5fe49e69
DEBUG: calling db.get(Merchant)
DEBUG: get_current_merchant starting for user 70c75765-8ec0-4512-aad4-a4dbe832a457, merchant 28d95cad-a38c-4b1d-9654-f6df5fe49e69
DEBUG: calling db.get(Merchant)
DEBUG: calling db.get(Merchant)
DEBUG: get_current_merchant starting for user 70c75765-8ec0-4512-aad4-a4dbe832a457, merchant 28d95cad-a38c-4b1d-9654-f6df5fe49e69
DEBUG: calling db.get(Merchant)
DEBUG: db.get(Merchant) finished: krishna store
DEBUG: executing select(MerchantMember) query
DEBUG: db.get(Merchant) finished: krishna store
DEBUG: executing select(MerchantMember) query
DEBUG: db.get(Merchant) finished: krishna store
DEBUG: executing select(MerchantMember) query
DEBUG: db.get(Merchant) finished: krishna store
DEBUG: executing select(MerchantMember) query
DEBUG: db.get(Merchant) finished: krishna store
DEBUG: executing select(MerchantMember) query
DEBUG: db.get(Merchant) finished: krishna store
DEBUG: executing select(MerchantMember) query
DEBUG: db.get(Merchant) finished: krishna store
DEBUG: executing select(MerchantMember) query
DEBUG: db.get(Merchant) finished: krishna store
DEBUG: executing select(MerchantMember) query
DEBUG: get_current_merchant starting for user 70c75765-8ec0-4512-aad4-a4dbe832a457, merchant 28d95cad-a38c-4b1d-9654-f6df5fe49e69
DEBUG: calling db.get(Merchant)
DEBUG: select(MerchantMember) query executed
DEBUG: MerchantMember role: staff
DEBUG: get_current_merchant starting for user 70c75765-8ec0-4512-aad4-a4dbe832a457, merchant 28d95cad-a38c-4b1d-9654-f6df5fe49e69
DEBUG: get_current_merchant returning success
DEBUG: calling db.get(Merchant)
DEBUG: select(MerchantMember) query executed
DEBUG: MerchantMember role: staff
DEBUG: get_current_merchant returning success
DEBUG: select(MerchantMember) query executed
DEBUG: select(MerchantMember) query executed
DEBUG: MerchantMember role: staff
DEBUG: get_current_merchant returning success
DEBUG: MerchantMember role: staff
DEBUG: get_current_merchant returning success
DEBUG: get_current_merchant starting for user 70c75765-8ec0-4512-aad4-a4dbe832a457, merchant 28d95cad-a38c-4b1d-9654-f6df5fe49e69
DEBUG: calling db.get(Merchant)
DEBUG: select(MerchantMember) query executed
DEBUG: MerchantMember role: staff
DEBUG: get_current_merchant returning success
DEBUG: select(MerchantMember) query executed
DEBUG: MerchantMember role: staff
DEBUG: select(MerchantMember) query executed

DEBUG: MerchantMember role: staff
DEBUG: get_current_merchant returning success
DEBUG: select(MerchantMember) query executed
DEBUG: MerchantMember role: staff
DEBUG: get_current_merchant returning success
DEBUG: db.get(Merchant) finished: krishna store
DEBUG: executing select(MerchantMember) query
DEBUG: db.get(Merchant) finished: krishna store
DEBUG: executing select(MerchantMember) query
DEBUG: db.get(Merchant) finished: krishna store
DEBUG: executing select(MerchantMember) query
DEBUG: select(MerchantMember) query executed
DEBUG: MerchantMember role: staff
DEBUG: get_current_merchant returning success
DEBUG: select(MerchantMember) query executed
DEBUG: MerchantMember role: staff
DEBUG: get_current_merchant returning success
DEBUG: select(MerchantMember) query executed
DEBUG: MerchantMember role: staff
DEBUG: get_current_merchant returning success
DEBUG: get_current_merchant starting for user 70c75765-8ec0-4512-aad4-a4dbe832a457, merchant 28d95cad-a38c-4b1d-9654-f6df5fe49e69
DEBUG: calling db.get(Merchant)
DEBUG: db.get(Merchant) finished: krishna store
DEBUG: executing select(MerchantMember) query
DEBUG: select(MerchantMember) query executed
DEBUG: MerchantMember role: staff
DEBUG: get_current_merchant returning success
DEBUG: get_current_merchant starting for user 70c75765-8ec0-4512-aad4-a4dbe832a457, merchant 28d95cad-a38c-4b1d-9654-f6df5fe49e69
DEBUG: calling db.get(Merchant)
DEBUG: db.get(Merchant) finished: krishna store
DEBUG: executing select(MerchantMember) query
DEBUG: select(MerchantMember) query executed
DEBUG: MerchantMember role: staff
DEBUG: get_current_merchant returning success
DEBUG: get_current_merchant starting for user 70c75765-8ec0-4512-aad4-a4dbe832a457, merchant 28d95cad-a38c-4b1d-9654-f6df5fe49e69
DEBUG: calling db.get(Merchant)
DEBUG: calling db.get(Merchant)
DEBUG: db.get(Merchant) finished: krishna store
DEBUG: db.get(Merchant) finished: krishna store
DEBUG: executing select(MerchantMember) query
DEBUG: executing select(MerchantMember) query
DEBUG: select(MerchantMember) query executed
DEBUG: select(MerchantMember) query executed
DEBUG: MerchantMember role: staff
DEBUG: MerchantMember role: staff
DEBUG: get_current_merchant returning success
DEBUG: get_current_merchant returning success
DEBUG: get_current_merchant starting for user 70c75765-8ec0-4512-aad4-a4dbe832a457, merchant 28d95cad-a38c-4b1d-9654-f6df5fe49e69
DEBUG: calling db.get(Merchant)
DEBUG: get_current_merchant starting for user 70c75765-8ec0-4512-aad4-a4dbe832a457, merchant 28d95cad-a38c-4b1d-9654-f6df5fe49e69
DEBUG: calling db.get(Merchant)
DEBUG: get_current_merchant starting for user 70c75765-8ec0-4512-aad4-a4dbe832a457, merchant 28d95cad-a38c-4b1d-9654-f6df5fe49e69
DEBUG: calling db.get(Merchant)
DEBUG: db.get(Merchant) finished: krishna store
DEBUG: executing select(MerchantMember) query
DEBUG: db.get(Merchant) finished: krishna store
DEBUG: get_current_merchant starting for user 70c75765-8ec0-4512-aad4-a4dbe832a457, merchant 28d95cad-a38c-4b1d-9654-f6df5fe49e69
DEBUG: executing select(MerchantMember) query
DEBUG: calling db.get(Merchant)
DEBUG: db.get(Merchant) finished: krishna store
DEBUG: executing select(MerchantMember) query
DEBUG: select(MerchantMember) query executed
DEBUG: MerchantMember role: staff
DEBUG: get_current_merchant returning success
DEBUG: db.get(Merchant) finished: krishna store
DEBUG: MerchantMember role: staff
ber) query
DEBUG: get_current_merchant returning success
DEBUG: select(MerchantMember) query executed
DEBUG: MerchantMember role: staff
DEBUG: get_current_merchant returning success
DEBUG: select(MerchantMember) query executed
DEBUG: MerchantMember role: staff
DEBUG: get_current_merchant returning success
DEBUG: get_current_merchant starting for user 4d8537e2-5ff2-464f-9118-f8f10ccebbc4, merchant 0983d261-2dee-4131-bfdf-f4452ef7459e
DEBUG: calling db.get(Merchant)
DEBUG: get_current_merchant starting for user 4d8537e2-5ff2-464f-9118-f8f10ccebbc4, merchant 0983d261-2dee-4131-bfdf-f4452ef7459e
DEBUG: calling db.get(Merchant)
DEBUG: get_current_merchant starting for user 4d8537e2-5ff2-464f-9118-f8f10ccebbc4, merchant 0983d261-2dee-4131-bfdf-f4452ef7459e
DEBUG: calling db.get(Merchant)
DEBUG: get_current_merchant starting for user 4d8537e2-5ff2-464f-9118-f8f10ccebbc4, merchant 0983d261-2dee-4131-bfdf-f4452ef7459e
DEBUG: calling db.get(Merchant)
DEBUG: get_current_merchant starting for user 4d8537e2-5ff2-464f-9118-f8f10ccebbc4, merchant 0983d261-2dee-4131-bfdf-f4452ef7459e
DEBUG: calling db.get(Merchant)
DEBUG: db.get(Merchant) finished: the king
DEBUG: executing select(MerchantMember) query
DEBUG: executing select(MerchantMember) query
DEBUG: db.get(Merchant) finished: the king
DEBUG: executing select(MerchantMember) query
DEBUG: db.get(Merchant) finished: the king
DEBUG: executing select(MerchantMember) query
DEBUG: select(MerchantMember) query executed
DEBUG: MerchantMember role: owner
DEBUG: get_current_merchant returning success
DEBUG: select(MerchantMember) query executed
DEBUG: MerchantMember role: owner
DEBUG: get_current_merchant returning success
DEBUG: db.get(Merchant) finished: the king
DEBUG: executing select(MerchantMember) query
DEBUG: select(MerchantMember) query executed
DEBUG: MerchantMember role: owner
DEBUG: get_current_merchant returning success
DEBUG: select(MerchantMember) query executed
DEBUG: MerchantMember role: owner
DEBUG: get_current_merchant returning success
DEBUG: get_current_merchant starting for user 4d8537e2-5ff2-464f-9118-f8f10ccebbc4, merchant 0983d261-2dee-4131-bfdf-f4452ef7459e
DEBUG: calling db.get(Merchant)
DEBUG: db.get(Merchant) finished: the king
DEBUG: executing select(MerchantMember) query
DEBUG: select(MerchantMember) query executed
DEBUG: MerchantMember role: owner
DEBUG: get_current_merchant returning success
DEBUG: get_current_merchant starting for user 4d8537e2-5ff2-464f-9118-f8f10ccebbc4, merchant 0983d261-2dee-4131-bfdf-f4452ef7459e
DEBUG: calling db.get(Merchant)
DEBUG: db.get(Merchant) finished: the king
DEBUG: executing select(MerchantMember) query
DEBUG: select(MerchantMember) query executed
DEBUG: MerchantMember role: owner
DEBUG: get_current_merchant returning success
DEBUG: get_current_merchant starting for user 4d8537e2-5ff2-464f-9118-f8f10ccebbc4, merchant 0983d261-2dee-4131-bfdf-f4452ef7459e
DEBUG: get_current_merchant startDEBUG: get_current_merchant starting for user 4d8537e2-5ff2-464f-9118-f8f10ccebbc4, merchant 0983d261-2dee-4131-bfdf-f4452ef7459e
DEBUG: calling db.get(Merchant)
DEBUG: calling db.get(Merchant)
DEBUG: db.get(Merchant) finished: the king
DEBUG: executing select(MerchantMember) query
DEBUG: db.get(Merchant) finished: the king
DEBUG: db.get(Merchant) finished: the king
DEBUG: executing select(MerchantMember) query
DEBUG: executing select(MerchantMember) query
DEBUG: select(MerchantMember) query executed
DEBUG: MerchantMember role: owner
DEBUG: get_current_merchant returning success
DEBUG: select(MerchantMember) query executed
DEBUG: MerchantMember role: owner
DEBUG: MerchantMember role: owner
DEBUG: get_current_merchant returning success
DEBUG: get_current_merchant returning success
DEBUG: get_current_merchant starting for user 4d8537e2-5ff2-464f-9118-f8f10ccebbc4, merchant 0983d261-2dee-4131-bfdf-f4452ef7459e
DEBUG: calling db.get(Merchant)
DEBUG: db.get(Merchant) finished: the king
DEBUG: executing select(MerchantMember) query
DEBUG: select(MerchantMember) query executed
DEBUG: MerchantMember role: owner
DEBUG: get_current_merchant returning success
DEBUG: get_current_merchant starting for user 4d8537e2-5ff2-464f-9118-f8f10ccebbc4, merchant 0983d261-2dee-4131-bfdf-f4452ef7459e
DEBUG: calling db.get(Merchant)
DEBUG: get_current_merchant starting for user 4d8537e2-5ff2-464f-9118-f8f10ccebbc4, merchant 0983d261-2dee-4131-bfdf-f4452ef7459e
DEBUG: calling db.get(Merchant)
DEBUG: db.get(Merchant) finished: the king
DEBUG: executing select(MerchantMember) query
DEBUG: db.get(Merchant) finished: the king
DEBUG: executing select(MerchantMember) query
DEBUG: select(MerchantMember) query executed
DEBUG: MerchantMember role: owner
DEBUG: get_current_merchant returning success
DEBUG: select(MerchantMember) query executed
DEBUG: MerchantMember role: owner
DEBUG: get_current_merchant returning success
DEBUG: get_current_merchant starting for user 20f83eef-9bb6-448d-a69e-7a7b9bf4f957, merchant 28d95cad-a38c-4b1d-9654-f6df5fe49e69
DEBUG: calling db.get(Merchant)
DEBUG: db.get(Merchant) finished: krishna store
DEBUG: executing select(MerchantMember) query
DEBUG: get_current_merchant starting for user 20f83eef-9bb6-448d-a69e-7a7b9bf4f957, merchant 28d95cad-a38c-4b1d-9654-f6df5fe49e69
DEBUG: calling db.get(Merchant)
DEBUG: get_current_merchant starting for user 20f83eef-9bb6-448d-a69e-7a7b9bf4f957, merchant 28d95cad-a38c-4b1d-9654-f6df5fe49e69
DEBUG: calling db.get(Merchant)
DEBUG: select(MerchantMember) query executed
DEBUG: MerchantMember role: owner
DEBUG: get_current_merchant returning success
DEBUG: db.get(Merchant) finished: krishna store
DEBUG: executing select(MerchantMember) query
DEBUG: db.get(Merchant) finished: krishna store
DEBUG: executing select(MerchantMember) query
DEBUG: select(MerchantMember) query executed
DEBUG: MerchantMember role: owner
DEBUG: get_current_merchant returning success
DEBUG: select(MerchantMember) query executed
DEBUG: MerchantMember role: owner
DEBUG: get_current_merchant returning success
DEBUG: get_current_merchant starting for user 20f83eef-9bb6-448d-a69e-7a7b9bf4f957, merchant 28d95cad-a38c-4b1d-9654-f6df5fe49e69
DEBUG: calling db.get(Merchant)
DEBUG: db.get(Merchant) finished: krishna store
DEBUG: executing select(MerchantMember) query
DEBUG: get_current_merchant starting for user 20f83eef-9bb6-448d-a69e-7a7b9bf4f957, merchant 28d95cad-a38c-4b1d-9654-f6df5fe49e69
DEBUG: calling db.get(Merchant)
DEBUG: select(MerchantMember) query executed
DEBUG: MerchantMember role: owner
DEBUG: get_current_merchant returning success
DEBUG: db.get(Merchant) finished: krishna store
DEBUG: executing select(MerchantMember) query
DEBUG: get_current_merchant starting for user 20f83eef-9bb6-448d-a69e-7a7b9bf4f957, merchant 28d95cad-a38c-4b1d-9654-f6df5fe49e69
DEBUG: calling db.get(Merchant)
DEBUG: select(MerchantMember) query executed
DEBUG: MerchantMember role: owner
DEBUG: get_current_merchant returning success
DEBUG: db.get(Merchant) finished: krishna store
DEBUG: executing select(MerchantMember) query
DEBUG: select(MerchantMember) query executed
DEBUG: MerchantMember role: owner
DEBUG: get_current_merchant returning success
DEBUG: get_current_merchant starting for user 20f83eef-9bb6-448d-a69e-7a7b9bf4f957, merchant 28d95cad-a38c-4b1d-9654-f6df5fe49e69
DEBUG: calling db.get(Merchant)
DEBUG: get_current_merchant starting for user 20f83eef-9bb6-448d-a69e-7a7b9bf4f957, merchant 28d95cad-a38c-4b1d-9654-f6df5fe49e69
DEBUG: calling db.get(Merchant)
DEBUG: db.get(Merchant) finished: krishna store
DEBUG: executing select(MerchantMember) query
DEBUG: db.get(Merchant) finished: krishna store
DEBUG: executing select(MerchantMember) query
DEBUG: select(MerchantMember) query executed
DEBUG: MerchantMember role: owner
DEBUG: get_current_merchant returning success
DEBUG: select(MerchantMember) query executed
DEBUG: MerchantMember role: owner
DEBUG: get_current_merchant returning success
DEBUG: get_current_merchant starting for user 20f83eef-9bb6-448d-a69e-7a7b9bf4f957, merchant 28d95cad-a38c-4b1d-9654-f6df5fe49e69
DEBUG: calling db.get(Merchant)
DEBUG: db.get(Merchant) finished: krishna store
DEBUG: executing select(MerchantMember) query
DEBUG: select(MerchantMember) query executed
DEBUG: MerchantMember role: owner
DEBUG: get_current_merchant returning success
DEBUG: get_current_merchant starting for user 20f83eef-9bb6-448d-a69e-7a7b9bf4f957, merchant 28d95cad-a38c-4b1d-9654-f6df5fe49e69
DEBUG: calling db.get(Merchant)
DEBUG: get_current_merchant starting for user 20f83eef-9bb6-448d-a69e-7a7b9bf4f957, merchant 28d95cad-a38c-4b1d-9654-f6df5fe49e69
DEBUG: calling db.get(Merchant)
DEBUG: get_current_merchant starting for user 20f83eef-9bb6-448d-a69e-7a7b9bf4f957, merchant 28d95cad-a38c-4b1d-9654-f6df5fe49e69
DEBUG: calling db.get(Merchant)
DEBUG: db.get(Merchant) finished: krishna store
DEBUG: executing select(MerchantMember) query
DEBUG: db.get(Merchant) finished: krishna store
DEBUG: executing select(MerchantMember) query
DEBUG: db.get(Merchant) finished: krishna store
DEBUG: executing select(MerchantMember) query
DEBUG: select(MerchantMember) query executed
DEBUG: MerchantMember role: owner
DEBUG: get_current_merchant returning success
DEBUG: select(MerchantMember) query executed
DEBUG: MerchantMember role: owner
DEBUG: get_current_merchant returning success
DEBUG: select(MerchantMember) query executed
DEBUG: MerchantMember role: owner
DEBUG: get_current_merchant returning success
DEBUG: get_current_merchant starting for user 20f83eef-9bb6-448d-a69e-7a7b9bf4f957, merchant 28d95cad-a38c-4b1d-9654-f6df5fe49e69
DEBUG: get_current_merchant starting for user 20f83eef-9bb6-448d-a69e-7a7b9bf4f957, merchant 28d95cad-a38c-4b1d-9654-f6df5fe49e69
DEBUG: calling db.get(Merchant)
DEBUG: get_current_merchant starting for user 20f83eef-9bb6-448d-a69e-7a7b9bf4f957, merchant 28d95cad-a38c-4b1d-9654-f6df5fe49e69
DEBUG: calling db.get(Merchant)
DEBUG: get_current_merchant starting for user 20f83eef-9bb6-448d-a69e-7a7b9bf4f957, merchant 28d95cad-a38c-4b1d-9654-f6df5fe49e69
DEBUG: calling db.get(Merchant)
DEBUG: db.get(Merchant) finished: krishna store
DEBUG: get_current_merchant starting for user 2DEBUG: executing select(MerchantMember) query
8d95cad-a38c-4b1d-9654-f6df5fe49e69
DEBUG: calling db.get(Merchant)
DEBUG: db.get(Merchant) finished: krishna store
DEBUG: db.get(Merchant) finished: krishna store
DEBUG: get_current_merchant starting for user 20f83eef-9bb6-448d-a69e-7a7b9bf4f957, merchant 28d95cad-a38c-4b1d-9654-f6df5fe49e69
DEBUG: get_current_merchant starting for user 20f83eef-9bb6-448d-a69e-7a7b9bf4f957, merchant 28d95cad-a38c-4b1d-9654-f6df5fe49e69
DEBUG: executing select(MerchantMember) query
DEBUG: executing select(MerchantMember) query
DEBUG: calling db.get(Merchant)
DEBUG: get_current_merchant starting for user 20f83eef-9bb6-448d-a69e-7a7b9bf4f957, merchant 28d95cad-a38c-4b1d-9654-f6df5fe49e69
DEBUG: calling db.get(Merchant)
DEBUG: select(MerchantMember) query executed
DEBUG: db.get(Merchant) finished: krishna store
DEBUG: MerchantMember role: owner
DEBUG: executing select(MerchantMember) query
DEBUG: get_current_merchant returning success
DEBUG: get_current_merchant returning success
DEBUG: select(MerchantMember) query executed
DEBUG: MerchantMember role: owner
DEBUG: MerchantMember role: owner
DEBUG: get_current_merchant returning success
DEBUG: get_current_merchant returning success
DEBUG: db.get(Merchant) finished: krishna store
DEBUG: db.get(Merchant) finished: krishna store
DEBUG: executing select(MerchantMember) query
DEBUG: executing select(MerchantMember) query
DEBUG: db.get(Merchant) finished: krishna store
DEBUG: executing select(MerchantMember) query
DEBUG: select(MerchantMember) query executed
DEBUG: MerchantMember role: owner
DEBUG: get_current_merchant returning success
DEBUG: select(MerchantMember) query executed
DEBUG: MerchantMember role: owner
 executed
DEBUG: MerchantMember role: owner
ng success
DEBUG: get_current_merchant returning success
DEBUG: select(MerchantMember) query executed
DEBUG: MerchantMember role: owner
DEBUG: get_current_merchant returning success
DEBUG: get_current_merchant starting for user 20f83eef-9bb6-448d-a69e-7a7b9bf4f957, merchant 28d95cad-a38c-4b1d-9654-f6df5fe49e69
DEBUG: calling db.get(Merchant)
DEBUG: get_current_merchant starting for user 20f83eef-9bb6-448d-a69e-7a7b9bf4f957, merchant 28d95cad-a38c-4b1d-9654-f6df5fe49e69
DEBUG: calling db.get(Merchant)
DEBUG: db.get(Merchant) finished: krishna store
DEBUG: executing select(MerchantMember) query
DEBUG: get_current_merchant starting for user 20f83eef-9bb6-448d-a69e-7a7b9bf4f957, merchant 28d95cad-a38c-4b1d-9654-f6df5fe49e69
DEBUG: calling db.get(Merchant)
DEBUG: db.get(Merchant) finished: krishna store
DEBUG: executing select(MerchantMember) query
DEBUG: select(MerchantMember) query executed
DEBUG: MerchantMember role: owner
DEBUG: get_current_merchant returning success
DEBUG: db.get(Merchant) finished: krishna store
DEBUG: executing select(MerchantMember) query
DEBUG: select(MerchantMember) query executed
DEBUG: MerchantMember role: owner
DEBUG: get_current_merchant returning success
DEBUG: select(MerchantMember) query executed
DEBUG: MerchantMember role: owner
DEBUG: get_current_merchant returning success
DEBUG: get_current_merchant starting for user 20f83eef-9bb6-448d-a69e-7a7b9bf4f957, merchant 28d95cad-a38c-4b1d-9654-f6df5fe49e69
DEBUG: calling db.get(Merchant)
DEBUG: db.get(Merchant) finished: krishna store
DEBUG: executing select(MerchantMember) query
DEBUG: select(MerchantMember) query executed
DEBUG: MerchantMember role: owner
DEBUG: get_current_merchant returning success
DEBUG: get_current_merchant starting for user 20f83eef-9bb6-448d-a69e-7a7b9bf4f957, merchant 28d95cad-a38c-4b1d-9654-f6df5fe49e69
DEBUG: calling db.get(Merchant)
DEBUG: get_current_merchant starting for user 20f83eef-9bb6-448d-a69e-7a7b9bf4f957, merchant 28d95cad-a38c-4b1d-9654-f6df5fe49e69
DEBUG: calling db.get(Merchant)
DEBUG: get_current_merchant starting for user 20f83eef-9bb6-448d-a69e-7a7b9bf4f957, merchant 28d95cad-a38c-4b1d-9654-f6df5fe49e69
DEBUG: calling db.get(Merchant)
DEBUG: get_current_merchant starting for user 20f83eef-9bb6-448d-a69e-7a7b9bf4f957, merchant 28d95cad-a38c-4b1d-9654-f6df5fe49e69
DEBUG: calling db.get(Merchant)
DEBUG: db.get(Merchant) finished: krishna store
DEBUG: executing select(MerchantMember) query
DEBUG: db.get(Merchant) finished: krishna store
DEBUG: executing select(MerchantMember) query
DEBUG: get_current_merchant starting for user 20f83eef-9bb6-448d-a69e-7a7b9bf4f957, merchant 28d95cad-a38c-4b1d-9654-f6df5fe49e69
DEBUG: calling db.get(Merchant)
DEBUG: db.get(Merchant) finished: krishna store
DEBUG: executing select(MerchantMember) query
DEBUG: db.get(Merchant) finished: krishna store
DEBUG: get_current_merchant starting for user 20f83eef-9bb6-448d-a69e-7a7b9bf4f957, merchant 28d95cad-a38c-4b1d-9654-f6df5fe49e69
DEBUG: executing select(MerchantMember) query
DEBUG: calling db.get(Merchant)
DEBUG: select(MerchantMember) query executed
DEBUG: MerchantMember role: owner
DEBUG: get_current_merchant returning success
DEBUG: select(MerchantMember) query executed
DEBUG: MerchantMember role: owner
DEBUG: get_current_merchant returning success
DEBUG: select(MerchantMember) query executed
DEBUG: select(MerchantMember) query executed
DEBUG: db.get(Merchant) finished: krishna store
DEBUG: MerchantMember role: owner
DEBUG: executing select(MerchantMember) query
DEBUG: get_current_merchant returning success
DEBUG: get_current_merchant returning success
DEBUG: db.get(Merchant) finished: krishna store
DEBUG: executing select(MerchantMember) query
DEBUG: select(MerchantMember) query executed
DEBUG: MerchantMember role: owner
DEBUG: get_current_merchant returning success
DEBUG: select(MerchantMember) query executed
DEBUG: MerchantMember role: owner
DEBUG: get_current_merchant returning success
DEBUG: get_current_merchant starting for user 4d8537e2-5ff2-464f-9118-f8f10ccebbc4, merchant 0983d261-2dee-4131-bfdf-f4452ef7459e
DEBUG: calling db.get(Merchant)
DEBUG: get_current_merchant starting for user 4d8537e2-5ff2-464f-9118-f8f10ccebbc4, merchant 0983d261-2dee-4131-bfdf-f4452ef7459e
DEBUG: calling db.get(Merchant)
DEBUG: get_current_merchant starting for user 4d8537e2-5ff2-464f-9118-f8f10ccebbc4, merchant 0983d261-2dee-4131-bfdf-f4452ef7459e
DEBUG: calling db.get(Merchant)
DEBUG: get_current_merchant starting for user 4d8537e2-5ff2-464f-9118-f8f10ccebbc4, merchant 0983d261-2dee-4131-bfdf-f4452ef7459e
DEBUG: calling db.get(Merchant)
DEBUG: db.get(Merchant) finished: the king
DEBUG: executing select(MerchantMember) query
DEBUG: db.get(Merchant) finished: the king
DEBUG: executing select(MerchantMember) query
DEBUG: db.get(Merchant) finished: the king
DEBUG: executing select(MerchantMember) query
DEBUG: db.get(Merchant) finished: the king
DEBUG: executing select(MerchantMember) query
DEBUG: select(MerchantMember) query executed
DEBUG: MerchantMember role: owner
DEBUG: get_current_merchant returning success
DEBUG: select(MerchantMember) query executed
DEBUG: MerchantMember role: owner
DEBUG: get_current_merchant returning success
DEBUG: select(MerchantMember) query executed
DEBUG: MerchantMember role: owner
DEBUG: get_current_merchant returning success
DEBUG: select(MerchantMember) query executed
DEBUG: MerchantMember role: owner
DEBUG: get_current_merchant returning success
DEBUG: get_current_merchant starting for user 4d8537e2-5ff2-464f-9118-f8f10ccebbc4, merchant 0983d261-2dee-4131-bfdf-f4452ef7459e
DEBUG: calling db.get(Merchant)
DEBUG: get_current_merchant starting for user 4d8537e2-5ff2-464f-9118-f8f10ccebbc4, merchant 0983d261-2dee-4131-bfdf-f4452ef7459e
DEBUG: calling db.get(Merchant)
DEBUG: get_current_merchant starting for user 4d8537e2-5ff2-464f-9118-f8f10ccebbc4, merchant 0983d261-2dee-4131-bfdf-f4452ef7459e
DEBUG: calling db.get(Merchant)
DEBUG: get_current_merchant starting for user 4d8537e2-5ff2-464f-9118-f8f10ccebbc4, merchant 0983d261-2dee-4131-bfdf-f4452ef7459e
DEBUG: calling db.get(Merchant)
DEBUG: get_current_merchant starting for user 4d8537e2-5ff2-464f-9118-f8f10ccebbc4, merchant 0983d261-2dee-4131-bfdf-f4452ef7459e
DEBUG: calling db.get(Merchant)
DEBUG: get_current_merchant starting for user 4d8537e2-5ff2-464f-9118-f8f10ccebbc4, merchant 0983d261-2dee-4131-bfdf-f4452ef7459e
DEBUG: calling db.get(Merchant)
DEBUG: get_current_merchant starting for user 4d8537e2-5ff2-464f-9118-f8f10ccebbc4, merchant 0983d261-2dee-4131-bfdf-f4452ef7459e
DEBUG: calling db.get(Merchant)
DEBUG: db.get(Merchant) finished: the king
DEBUG: executing select(MerchantMember) query
DEBUG: db.get(Merchant) finished: the king
DEBUG: executing select(MerchantMember) query
DEBUG: db.get(Merchant) finished: the king
DEBUG: executing select(MerchantMember) query
DEBUG: db.get(Merchant) finished: the king
DEBUG: executing select(MerchantMember) query
DEBUG: db.get(Merchant) finished: the king
DEBUG: executing select(MerchantMember) query
DEBUG: db.get(Merchant) finished: the king
DEBUG: executing select(MerchantMember) query
DEBUG: db.get(Merchant) finished: the king
DEBUG: executing select(MerchantMember) query
DEBUG: select(MerchantMember) query executed
DEBUG: MerchantMember role: owner
DEBUG: get_current_merchant returning success
DEBUG: select(MerchantMember) query executed
DEBUG: MerchantMember role: owner
DEBUG: get_current_merchant returning success
DEBUG: select(MerchantMember) query executed
DEBUG: MerchantMember role: owner
DEBUG: get_current_merchant returning success
DEBUG: select(MerchantMember) query executed
DEBUG: MerchantMember role: owner
DEBUG: get_current_merchant returning success
DEBUG: select(MerchantMember) query executed
DEBUG: MerchantMember role: owner
DEBUG: get_current_merchant returning success
DEBUG: select(MerchantMember) query executed
DEBUG: MerchantMember role: owner
DEBUG: get_current_merchant returning success
DEBUG: select(MerchantMember) query executed
DEBUG: MerchantMember role: owner
DEBUG: get_current_merchant returning success
DEBUG: get_current_merchant starting for user 4d8537e2-5ff2-464f-9118-f8f10ccebbc4, merchant 0983d261-2dee-4131-bfdf-f4452ef7459e
DEBUG: calling db.get(Merchant)
DEBUG: db.get(Merchant) finished: the king
DEBUG: executing select(MerchantMember) query
DEBUG: select(MerchantMember) query executed
DEBUG: MerchantMember role: owner
DEBUG: get_current_merchant returning success
DEBUG: get_current_merchant starting for user 4d8537e2-5ff2-464f-9118-f8f10ccebbc4, merchant 0983d261-2dee-4131-bfdf-f4452ef7459e
DEBUG: calling db.get(Merchant)
DEBUG: get_current_merchant starting for user 4d8537e2-5ff2-464f-9118-f8f10ccebbc4, merchant 0983d261-2dee-4131-bfdf-f4452ef7459e
DEBUG: calling db.get(Merchant)
DEBUG: get_current_merchant starting for user 4d8537e2-5ff2-464f-9118-f8f10ccebbc4, merchant 0983d261-2dee-4131-bfdf-f4452ef7459e
DEBUG: calling db.get(Merchant)
DEBUG: get_current_merchant starting for user 4d8537e2-5ff2-464f-9118-f8f10ccebbc4, merchant 0983d261-2dee-4131-bfdf-f4452ef7459e
DEBUG: calling db.get(Merchant)
DEBUG: get_current_merchant starting for user 4d8537e2-5ff2-464f-9118-f8f10ccebbc4, merchant 0983d261-2dee-4131-bfdf-f4452ef7459e
DEBUG: calling db.get(Merchant)
DEBUG: get_current_merchant starting for user 4d8537e2-5ff2-464f-9118-f8f10ccebbc4, merchant 0983d261-2dee-4131-bfdf-f4452ef7459e
DEBUG: calling db.get(Merchant)
DEBUG: db.get(Merchant) finished: the king
DEBUG: executing select(MerchantMember) query
DEBUG: db.get(Merchant) finished: the king
DEBUG: executing select(MerchantMember) query
DEBUG: db.get(Merchant) finished: the king
DEBUG: executing select(MerchantMember) query
DEBUG: db.get(Merchant) finished: the king
DEBUG: executing select(MerchantMember) query
DEBUG: db.get(Merchant) finished: the king
DEBUG: executing select(MerchantMember) query
DEBUG: db.get(Merchant) finished: the king
DEBUG: executing select(MerchantMember) query
DEBUG: select(MerchantMember) query executed
DEBUG: MerchantMember role: owner
DEBUG: get_current_merchant returning success
DEBUG: select(MerchantMember) query executed
DEBUG: MerchantMember role: owner
DEBUG: get_current_merchant returning success
DEBUG: select(MerchantMember) query executed
DEBUG: MerchantMember role: owner
DEBUG: select(MerchantMember) query executed
DEBUG: get_current_merchant returning success
DEBUG: MerchantMember role: owner
DEBUG: get_current_merchant returning success
DEBUG: select(MerchantMember) query executed
DEBUG: MerchantMember role: owner
DEBUG: get_current_merchant returning success
DEBUG: select(MerchantMember) query executed
DEBUG: MerchantMember role: owner
DEBUG: get_current_merchant returning success
DEBUG: get_current_merchant starting for user 20f83eef-9bb6-448d-a69e-7a7b9bf4f957, merchant 28d95cad-a38c-4b1d-9654-f6df5fe49e69
DEBUG: calling db.get(Merchant)
DEBUG: get_current_merchant starting for user 20f83eef-9bb6-448d-a69e-7a7b9bf4f957, merchant 28d95cad-a38c-4b1d-9654-f6df5fe49e69
DEBUG: calling db.get(Merchant)
DEBUG: get_current_merchant starting for user 20f83eef-9bb6-448d-a69e-7a7b9bf4f957, merchant 28d95cad-a38c-4b1d-9654-f6df5fe49e69
DEBUG: calling db.get(Merchant)
DEBUG: get_current_merchant starting for user 20f83eef-9bb6-448d-a69e-7a7b9bf4f957, merchant 28d95cad-a38c-4b1d-9654-f6df5fe49e69
DEBUG: calling db.get(Merchant)
DEBUG: get_current_merchant starting for user 20f83eef-9bb6-448d-a69e-7a7b9bf4f957, merchant 28d95cad-a38c-4b1d-9654-f6df5fe49e69
DEBUG: calling db.get(Merchant)
DEBUG: db.get(Merchant) finished: krishna store
DEBUG: executing select(MerchantMember) query
DEBUG: get_current_merchant starting for user 20f83eef-9bb6-448d-a69e-7a7b9bf4f957, merchant 28d95cad-a38c-4b1d-9654-f6df5fe49e69
DEBUG: calling db.get(Merchant)
DEBUG: db.get(Merchant) finished: krishna store
DEBUG: executing select(MerchantMember) query
DEBUG: db.get(Merchant) finished: krishna store
DEBUG: executing select(MerchantMember) query
DEBUG: db.get(Merchant) finished: krishna store
DEBUG: executing select(MerchantMember) query
DEBUG: db.get(Merchant) finished: krishna store
DEBUG: executing select(MerchantMember) query
DEBUG: select(MerchantMember) query executed
DEBUG: MerchantMember role: owner
DEBUG: get_current_merchant returning success
DEBUG: db.get(Merchant) finished: krishna store
DEBUG: executing select(MerchantMember) query
DEBUG: select(MerchantMember) query executed
DEBUG: MerchantMember role: owner
DEBUG: get_current_merchant returning success
DEBUG: select(MerchantMember) query executed
DEBUG: MerchantMember role: owner
DEBUG: select(MerchantMember) query executed
DEBUG: get_current_merchant returning success
DEBUG: MerchantMember role: owner
DEBUG: get_current_merchant returning success
DEBUG: select(MerchantMember) query executed
DEBUG: MerchantMember role: owner
DEBUG: get_current_merchant returning success
DEBUG: select(MerchantMember) query executed
DEBUG: MerchantMember role: owner
DEBUG: get_current_merchant returning success
DEBUG: get_current_merchant starting for user 20f83eef-9bb6-448d-a69e-7a7b9bf4f957, merchant 28d95cad-a38c-4b1d-9654-f6df5fe49e69
DEBUG: calling db.get(Merchant)
DEBUG: db.get(Merchant) finished: krishna store
DEBUG: executing select(MerchantMember) query
DEBUG: get_current_merchant starting for user 20f83eef-9bb6-448d-a69e-7a7b9bf4f957, merchant 28d95cad-a38c-4b1d-9654-f6df5fe49e69
DEBUG: calling db.get(Merchant)
DEBUG: get_current_merchant starting for user 20f83eef-9bb6-448d-a69e-7a7b9bf4f957, merchant 28d95cad-a38c-4b1d-9654-f6df5fe49e69
DEBUG: calling db.get(Merchant)
ing for user 20f83eef-9bb6-448d-a69e-7a7b9bf4f957, merchant 28d95cad-a38c-4b1d-9654-f6df5fe49e69
DEBUG: calling db.get(Merchant)
DEBUG: select(MerchantMember) query executed
DEBUG: MerchantMember role: owner
DEBUG: get_current_merchant returning success
DEBUG: db.get(Merchant) finished: krishna store
DEBUG: executing select(MerchantMember) query
DEBUG: db.get(Merchant) finished: krishna store
DEBUG: db.get(Merchant) finished: krishna store
DEBUG: executing select(MerchantMember) query
DEBUG: select(MerchantMember) query executed
DEBUG: select(MerchantMember) query executed
DEBUG: select(MerchantMember) query executed
DEBUG: MerchantMember role: owner
DEBUG: MerchantMember role: owner
DEBUG: get_current_merchant returning success
DEBUG: get_current_merchant returning success
DEBUG: get_current_merchant returning success
DEBUG: get_current_merchant starting for user 20f83eef-9bb6-448d-a69e-7a7b9bf4f957, merchant 28d95cad-a38c-4b1d-9654-f6df5fe49e69
DEBUG: calling db.get(Merchant)
DEBUG: calling db.get(Merchant)
DEBUG: get_current_merchant starting for user 20f83eef-9bb6-448d-a69e-7a7b9bf4f957, merchant 28d95cad-a38c-4b1d-9654-f6df5fe49e69
DEBUG: calling db.get(Merchant)
DEBUG: get_current_merchant starting for user 20f83eef-9bb6-448d-a69e-7a7b9bf4f957, merchant 28d95cad-a38c-4b1d-9654-f6df5fe49e69
DEBUG: calling db.get(Merchant)
DEBUG: get_current_merchant starting for user 20f83eef-9bb6-448d-a69e-7a7b9bf4f957, merchant 28d95cad-a38c-4b1d-9654-f6df5fe49e69
DEBUG: calling db.get(Merchant)
DEBUG: get_current_merchant starting for user 20f83eef-9bb6-448d-a69e-7a7b9bf4f957, merchant 28d95cad-a38c-4b1d-9654-f6df5fe49e69
DEBUG: calling db.get(Merchant)
DEBUG: get_current_merchant starting for user 20f83eef-9bb6-448d-a69e-7a7b9bf4f957, merchant 28d95cad-a38c-4b1d-9654-f6df5fe49e69
DEBUG: calling db.get(Merchant)
DEBUG: db.get(Merchant) finished: krishna store
DEBUG: executing select(MerchantMember) query
DEBUG: executing select(MerchantMember) query
DEBUG: db.get(Merchant) finished: krishna store
DEBUG: executing select(MerchantMember) query
DEBUG: db.get(Merchant) finished: krishna store
DEBUG: executing select(MerchantMember) query
DEBUG: db.get(Merchant) finished: krishna store
DEBUG: executing select(MerchantMember) query
DEBUG: db.get(Merchant) finished: krishna store
DEBUG: executing select(MerchantMember) query
DEBUG: db.get(Merchant) finished: krishna store
DEBUG: executing select(MerchantMember) query
DEBUG: select(MerchantMember) query executed
DEBUG: MerchantMember role: owner
DEBUG: MerchantMember role: owner
DEBUG: get_current_merchant returning success
DEBUG: get_current_merchant returning success
DEBUG: select(MerchantMember) query executed
DEBUG: MerchantMember role: owner
DEBUG: get_current_merchant returning success
DEBUG: select(MerchantMember) query executed
DEBUG: MerchantMember role: owner
DEBUG: get_current_merchant returning success
DEBUG: select(MerchantMember) query executed
DEBUG: MerchantMember role: owner
DEBUG: get_current_merchant returning success
DEBUG: select(MerchantMember) query executed
DEBUG: MerchantMember role: owner
DEBUG: get_current_merchant returning success
DEBUG: select(MerchantMember) query executed
DEBUG: MerchantMember role: owner
DEBUG: get_current_merchant returning success
DEBUG: get_current_merchant starting for user 20f83eef-9bb6-448d-a69e-7a7b9bf4f957, merchant 28d95cad-a38c-4b1d-9654-f6df5fe49e69
DEBUG: calling db.get(Merchant)
DEBUG: db.get(Merchant) finished: krishna store
DEBUG: executing select(MerchantMember) query
DEBUG: select(MerchantMember) query executed
DEBUG: MerchantMember role: owner
DEBUG: get_current_merchant returning success
DEBUG: get_current_merchant starting for user 20f83eef-9bb6-448d-a69e-7a7b9bf4f957, merchant 28d95cad-a38c-4b1d-9654-f6df5fe49e69
DEBUG: calling db.get(Merchant)
DEBUG: get_current_merchant starting for user 20f83eef-9bb6-448d-a69e-7a7b9bf4f957, merchant 28d95cad-a38c-4b1d-9654-f6df5fe49e69
DEBUG: calling db.get(Merchant)
DEBUG: db.get(Merchant) finished: krishna store
DEBUG: executing select(MerchantMember) query
DEBUG: get_current_merchant starting for user 20f83eef-9bb6-448d-a69e-7a7b9bf4f957, merchant 28d95cad-a38c-4b1d-9654-f6df5fe49e69
DEBUG: calling db.get(Merchant)
DEBUG: get_current_merchant starting for user 20f83eef-9bb6-448d-a69e-7a7b9bf4f957, merchant 28d95cad-a38c-4b1d-9654-f6df5fe49e69
DEBUG: calling db.get(Merchant)
DEBUG: get_current_merchant starting for user 20f83eef-9bb6-448d-a69e-7a7b9bf4f957, merchant 28d95cad-a38c-4b1d-9654-f6df5fe49e69
DEBUG: calling db.get(Merchant)
DEBUG: db.get(Merchant) finished: krishna store
DEBUG: executing select(MerchantMember) query
DEBUG: get_current_merchant starting for user 20f83eef-9bb6-448d-a69e-7a7b9bf4f957, merchant 28d95cad-a38c-4b1d-9654-f6df5fe49e69
DEBUG: calling db.get(Merchant)
DEBUG: select(MerchantMember) query executed
DEBUG: MerchantMember role: owner
DEBUG: get_current_merchant returning success
DEBUG: db.get(Merchant) finished: krishna store
DEBUG: executing select(MerchantMember) query
DEBUG: db.get(Merchant) finished: krishna store
DEBUG: executing select(MerchantMember) query
DEBUG: db.get(Merchant) finished: krishna store
DEBUG: executing select(MerchantMember) query
DEBUG: select(MerchantMember) query executed
DEBUG: MerchantMember role: owner
DEBUG: get_current_merchant returning success
DEBUG: db.get(Merchant) finished: krishna store
DEBUG: executing select(MerchantMember) query
DEBUG: select(MerchantMember) query executed
DEBUG: MerchantMember role: owner
DEBUG: get_current_merchant returning success
DEBUG: select(MerchantMember) query executed
DEBUG: select(MerchantMember) query executed
DEBUG: MerchantMember role: owner
DEBUG: MerchantMember role: owner
DEBUG: get_current_merchant returning success
DEBUG: get_current_merchant returning success
DEBUG: select(MerchantMember) query executed
DEBUG: MerchantMember role: owner
DEBUG: get_current_merchant returning success
DEBUG: get_current_merchant starting for user 8e8eaffe-aba4-4ad7-b88c-df0c5fd72ca6, merchant 9423c03f-411e-40a5-a4bf-e323d12c681d
DEBUG: calling db.get(Merchant)
DEBUG: get_current_merchant starting for user 8e8eaffe-aba4-4ad7-b88c-df0c5fd72ca6, merchant 9423c03f-411e-40a5-a4bf-e323d12c681d
DEBUG: get_current_merchant starting for user 8e8eaffe-aba4-4ad7-b88c-df0c5fd72ca6, merchant 9423c03f-411e-40a5-a4bf-e323d12c681d
DEBUG: calling db.get(Merchant)
DEBUG: calling db.get(Merchant)
DEBUG: get_current_merchant starting for user 8e8eaffe-aba4-4ad7-b88c-df0c5fd72ca6, merchant 9423c03f-411e-40a5-a4bf-e323d12c681d
DEBUG: get_current_merchant starting for user 8e8eaffe-aba4-4ad7-b88c-df0c5fd72ca6, merchant 9423c03f-411e-40a5-a4bf-e323d12c681d
DEBUG: calling db.get(Merchant)
DEBUG: calling db.get(Merchant)
DEBUG: db.get(Merchant) finished: thebestshop
DEBUG: db.get(Merchant) finished: thebestshop
DEBUG: executing select(MerchantMember) query
DEBUG: executing select(MerchantMember) query
DEBUG: db.get(Merchant) finished: thebestshop
DEBUG: db.get(Merchant) finished: thebestshop
DEBUG: db.get(Merchant) finished: thebestshop
DEBUG: executing select(MerchantMember) query
DEBUG: executing select(MerchantMember) query
DEBUG: get_current_merchant starting for user 8e8eaffe-aba4-4ad7-b88c-df0c5fd72ca6, merchant 9423c03f-411e-40a5-a4bf-e323d12c681d
DEBUG: calling db.get(Merchant)
DEBUG: select(MerchantMember) query executed
DEBUG: MerchantMember role: owner
DEBUG: MerchantMember role: owner
DEBUG: get_current_merchant returning success
DEBUG: get_current_merchant returning success
DEBUG: select(MerchantMember) query executed
DEBUG: MerchantMember role: owner
DEBUG: MerchantMember role: owner
DEBUG: MerchantMember role: owner
DEBUG: get_current_merchant returning success
DEBUG: get_current_merchant returning success
DEBUG: db.get(Merchant) finished: thebestshop
DEBUG: executing select(MerchantMember) query
DEBUG: select(MerchantMember) query executed
DEBUG: MerchantMember role: owner
DEBUG: get_current_merchant returning success
DEBUG: get_current_merchant starting for user 8e8eaffe-aba4-4ad7-b88c-df0c5fd72ca6, merchant 9423c03f-411e-40a5-a4bf-e323d12c681d
DEBUG: calling db.get(Merchant)
DEBUG: db.get(Merchant) finished: thebestshop
DEBUG: executing select(MerchantMember) query
DEBUG: select(MerchantMember) query executed
DEBUG: MerchantMember role: owner
DEBUG: get_current_merchant returning success
DEBUG: get_current_merchant starting for user 8e8eaffe-aba4-4ad7-b88c-df0c5fd72ca6, merchant 9423c03f-411e-40a5-a4bf-e323d12c681d
DEBUG: calling db.get(Merchant)
DEBUG: calling db.get(Merchant)
DEBUG: calling db.get(Merchant)
DEBUG: get_current_merchant starting for user 8e8eaffe-aba4-4ad7-b88c-df0c5fd72ca6, merchant 9423c03f-411e-40a5-a4bf-e323d12c681d
DEBUG: calling db.get(Merchant)
DEBUG: get_current_merchant starting for user 8e8eaffe-aba4-4ad7-b88c-df0c5fd72ca6, merchant 9423c03f-411e-40a5-a4bf-e323d12c681d
DEBUG: calling db.get(Merchant)
DEBUG: get_current_merchant starting for user 8e8eaffe-aba4-4ad7-b88c-df0c5fd72ca6, merchant 9423c03f-411e-40a5-a4bf-e323d12c681d
DEBUG: calling db.get(Merchant)
DEBUG: db.get(Merchant) finished: thebestshop
DEBUG: executing select(MerchantMember) query
DEBUG: executing select(MerchantMember) query
DEBUG: db.get(Merchant) finished: thebestshop
DEBUG: executing select(MerchantMember) query
DEBUG: db.get(Merchant) finished: thebestshop
DEBUG: executing select(MerchantMember) query
DEBUG: db.get(Merchant) finished: thebestshop
DEBUG: executing select(MerchantMember) query
DEBUG: db.get(Merchant) finished: thebestshop
DEBUG: executing select(MerchantMember) query
DEBUG: select(MerchantMember) query executed
DEBUG: MerchantMember role: owner
DEBUG: select(MerchantMember) query executed
DEBUG: get_current_merchant returning success
DEBUG: MerchantMember role: owner
DEBUG: get_current_merchant returning success
DEBUG: select(MerchantMember) query executed
DEBUG: MerchantMember role: owner
DEBUG: select(MerchantMember) query executed
DEBUG: get_current_merchant returning success
DEBUG: MerchantMember role: owner
DEBUG: get_current_merchant returning success
DEBUG: select(MerchantMember) query executed
DEBUG: MerchantMember role: owner
DEBUG: get_current_merchant returning success
DEBUG: select(MerchantMember) query executed
DEBUG: MerchantMember role: owner
DEBUG: get_current_merchant returning success
DEBUG: get_current_merchant starting for user 8e8eaffe-aba4-4ad7-b88c-df0c5fd72ca6, merchant 9423c03f-411e-40a5-a4bf-e323d12c681d
DEBUG: calling db.get(Merchant)
DEBUG: db.get(Merchant) finished: thebestshop
DEBUG: executing select(MerchantMember) query
DEBUG: select(MerchantMember) query executed
DEBUG: MerchantMember role: owner
DEBUG: get_current_merchant returning success
DEBUG: get_current_merchant starting for user 20f83eef-9bb6-448d-a69e-7a7b9bf4f957, merchant 28d95cad-a38c-4b1d-9654-f6df5fe49e69
DEBUG: calling db.get(Merchant)
DEBUG: get_current_merchant starting for user 20f83eef-9bb6-448d-a69e-7a7b9bf4f957, merchant 28d95cad-a38c-4b1d-9654-f6df5fe49e69
DEBUG: calling db.get(Merchant)
DEBUG: db.get(Merchant) finished: krishna store
DEBUG: executing select(MerchantMember) query
DEBUG: get_current_merchant starting for user 20f83eef-9bb6-448d-a69e-7a7b9bf4f957, merchant 28d95cad-a38c-4b1d-9654-f6df5fe49e69
DEBUG: calling db.get(Merchant)
DEBUG: get_current_merchant starting for user 20f83eef-9bb6-448d-a69e-7a7b9bf4f957, merchant 28d95cad-a38c-4b1d-9654-f6df5fe49e69
DEBUG: calling db.get(Merchant)
DEBUG: db.get(Merchant) finished: krishna store
DEBUG: executing select(MerchantMember) query
DEBUG: get_current_merchant starting for user 20f83eef-9bb6-448d-a69e-7a7b9bf4f957, merchant 28d95cad-a38c-4b1d-9654-f6df5fe49e69
DEBUG: calling db.get(Merchant)
DEBUG: select(MerchantMember) query executed
DEBUG: MerchantMember role: owner
DEBUG: get_current_merchant returning success
DEBUG: db.get(Merchant) finished: krishna store
DEBUG: executing select(MerchantMember) query
DEBUG: db.get(Merchant) finished: krishna store
DEBUG: executing select(MerchantMember) query
DEBUG: select(MerchantMember) query executed
DEBUG: MerchantMember role: owner
DEBUG: get_current_merchant returning success
DEBUG: get_current_merchant starting for user 20f83eef-9bb6-448d-a69e-7a7b9bf4f957, merchant 28d95cad-a38c-4b1d-9654-f6df5fe49e69
DEBUG: calling db.get(Merchant)
DEBUG: db.get(Merchant) finished: krishna store
DEBUG: executing select(MerchantMember) query
DEBUG: get_current_merchant starting for user 20f83eef-9bb6-448d-a69e-7a7b9bf4f957, merchant 28d95cad-a38c-4b1d-9654-f6df5fe49e69
DEBUG: calling db.get(Merchant)
DEBUG: select(MerchantMember) query executed
DEBUG: MerchantMember role: owner
DEBUG: get_current_merchant returning success
DEBUG: select(MerchantMember) query executed
DEBUG: MerchantMember role: owner
DEBUG: get_current_merchant returning success
DEBUG: db.get(Merchant) finished: krishna store
DEBUG: executing select(MerchantMember) query
DEBUG: select(MerchantMember) query executed
DEBUG: MerchantMember role: owner
DEBUG: get_current_merchant returning success
DEBUG: db.get(Merchant) finished: krishna store
DEBUG: executing select(MerchantMember) query
DEBUG: get_current_merchant starting for user 20f83eef-9bb6-448d-a69e-7a7b9bf4f957, merchant 28d95cad-a38c-4b1d-9654-f6df5fe49e69
DEBUG: calling db.get(Merchant)
DEBUG: select(MerchantMember) query executed
DEBUG: MerchantMember role: owner
DEBUG: get_current_merchant returning success
DEBUG: select(MerchantMember) query executed
DEBUG: MerchantMember role: owner
DEBUG: get_current_merchant returning success
DEBUG: get_current_merchant starting for user 20f83eef-9bb6-448d-a69e-7a7b9bf4f957, merchant 28d95cad-a38c-4b1d-9654-f6df5fe49e69
DEBUG: calling db.get(Merchant)
DEBUG: get_current_merchant starting for user 20f83eef-9bb6-448d-a69e-7a7b9bf4f957, merchant 28d95cad-a38c-4b1d-9654-f6df5fe49e69
DEBUG: calling db.get(Merchant)
DEBUG: db.get(Merchant) finished: krishna store
DEBUG: executing select(MerchantMember) query
DEBUG: db.get(Merchant) finished: krishna store
DEBUG: db.get(Merchant) finished: krishna store
DEBUG: executing select(MerchantMember) query
DEBUG: executing select(MerchantMember) query
DEBUG: select(MerchantMember) query executed
DEBUG: MerchantMember role: owner
DEBUG: get_current_merchant returning success
DEBUG: select(MerchantMember) query executed
DEBUG: MerchantMember role: owner
 executed
DEBUG: MerchantMember role: owner
DEBUG: get_current_merchant returning success
DEBUG: get_current_merchant returning success
DEBUG: get_current_merchant starting for user 20f83eef-9bb6-448d-a69e-7a7b9bf4f957, merchant 28d95cad-a38c-4b1d-9654-f6df5fe49e69
DEBUG: calling db.get(Merchant)
DEBUG: db.get(Merchant) finished: krishna store
DEBUG: executing select(MerchantMember) query
DEBUG: select(MerchantMember) query executed
DEBUG: MerchantMember role: owner
DEBUG: get_current_merchant returning success
DEBUG: get_current_merchant starting for user 20f83eef-9bb6-448d-a69e-7a7b9bf4f957, merchant 28d95cad-a38c-4b1d-9654-f6df5fe49e69
DEBUG: calling db.get(Merchant)
DEBUG: db.get(Merchant) finished: krishna store
DEBUG: executing select(MerchantMember) query
DEBUG: select(MerchantMember) query executed
DEBUG: MerchantMember role: owner
DEBUG: get_current_merchant returning success
DEBUG: get_current_merchant starting for user 20f83eef-9bb6-448d-a69e-7a7b9bf4f957, merchant 28d95cad-a38c-4b1d-9654-f6df5fe49e69
DEBUG: calling db.get(Merchant)
DEBUG: get_current_merchant starting for user 20f83eef-9bb6-448d-a69e-7a7b9bf4f957, merchant 28d95cad-a38c-4b1d-9654-f6df5fe49e69
DEBUG: calling db.get(Merchant)
DEBUG: get_current_merchant starting for user 20f83eef-9bb6-448d-a69e-7a7b9bf4f957, merchant 28d95cad-a38c-4b1d-9654-f6df5fe49e69
DEBUG: get_current_merchant starting for user 20f83eef-9bb6-448d-a69e-7a7b9bf4f957, merchant 28d95cad-a38c-4b1d-9654-f6df5fe49e69
DEBUG: calling db.get(Merchant)
DEBUG: calling db.get(Merchant)
DEBUG: get_current_merchant starting for user 20f83eef-9bb6-448d-a69e-7a7b9bf4f957, merchant 28d95cad-a38c-4b1d-9654-f6df5fe49e69
DEBUG: calling db.get(Merchant)
DEBUG: calling db.get(Merchant)
DEBUG: db.get(Merchant) finished: krishna store
DEBUG: executing select(MerchantMember) query
DEBUG: db.get(Merchant) finished: krishna store
DEBUG: executing select(MerchantMember) query
DEBUG: db.get(Merchant) finished: krishna store
DEBUG: executing select(MerchantMember) query
DEBUG: db.get(Merchant) finished: krishna store
DEBUG: executing select(MerchantMember) query
DEBUG: db.get(Merchant) finished: krishna store
DEBUG: executing select(MerchantMember) query
DEBUG: db.get(Merchant) finished: krishna store
DEBUG: executing select(MerchantMember) query
DEBUG: select(MerchantMember) query executed
DEBUG: MerchantMember role: owner
DEBUG: get_current_merchant returning success
DEBUG: select(MerchantMember) query executed
DEBUG: MerchantMember role: owner
DEBUG: get_current_merchant returning success
DEBUG: select(MerchantMember) query executed
DEBUG: MerchantMember role: owner
DEBUG: MerchantMember role: owner
DEBUG: get_current_merchant returning success
DEBUG: get_current_merchant returning success
DEBUG: select(MerchantMember) query executed
DEBUG: MerchantMember role: owner
DEBUG: get_current_merchant returning success
DEBUG: select(MerchantMember) query executed
DEBUG: MerchantMember role: owner
DEBUG: get_current_merchant returning success
DEBUG: get_current_merchant starting for user 20f83eef-9bb6-448d-a69e-7a7b9bf4f957, merchant 28d95cad-a38c-4b1d-9654-f6df5fe49e69
DEBUG: calling db.get(Merchant)
DEBUG: db.get(Merchant) finished: krishna store
DEBUG: executing select(MerchantMember) query
DEBUG: select(MerchantMember) query executed
DEBUG: MerchantMember role: owner
DEBUG: get_current_merchant returning success
DEBUG: get_current_merchant starting for user 20f83eef-9bb6-448d-a69e-7a7b9bf4f957, merchant 28d95cad-a38c-4b1d-9654-f6df5fe49e69
DEBUG: calling db.get(Merchant)
DEBUG: get_current_merchant starting for user 20f83eef-9bb6-448d-a69e-7a7b9bf4f957, merchant 28d95cad-a38c-4b1d-9654-f6df5fe49e69
DEBUG: calling db.get(Merchant)
DEBUG: get_current_merchant starting for user 20f83eef-9bb6-448d-a69e-7a7b9bf4f957, merchant 28d95cad-a38c-4b1d-9654-f6df5fe49e69
DEBUG: calling db.get(Merchant)
DEBUG: db.get(Merchant) finished: krishna store
DEBUG: executing select(MerchantMember) query
DEBUG: db.get(Merchant) finished: krishna store
DEBUG: executing select(MerchantMember) query
DEBUG: db.get(Merchant) finished: krishna store
DEBUG: executing select(MerchantMember) query
DEBUG: select(MerchantMember) query executed
DEBUG: MerchantMember role: owner
DEBUG: get_current_merchant returning success
DEBUG: select(MerchantMember) query executed
DEBUG: MerchantMember role: owner
DEBUG: MerchantMember role: owner
DEBUG: get_current_merchant returning success
DEBUG: get_current_merchant returning success
DEBUG: get_current_merchant starting for user 20f83eef-9bb6-448d-a69e-7a7b9bf4f957, merchant 28d95cad-a38c-4b1d-9654-f6df5fe49e69
DEBUG: calling db.get(Merchant)
DEBUG: db.get(Merchant) finished: krishna store
DEBUG: executing select(MerchantMember) query
DEBUG: select(MerchantMember) query executed
DEBUG: MerchantMember role: owner
DEBUG: get_current_merchant returning success
DEBUG: get_current_merchant starting for user 20f83eef-9bb6-448d-a69e-7a7b9bf4f957, merchant 28d95cad-a38c-4b1d-9654-f6df5fe49e69
DEBUG: calling db.get(Merchant)
DEBUG: db.get(Merchant) finished: krishna store
DEBUG: executing select(MerchantMember) query
DEBUG: select(MerchantMember) query executed
DEBUG: MerchantMember role: owner
DEBUG: get_current_merchant returning success
DEBUG: get_current_merchant starting for user 20f83eef-9bb6-448d-a69e-7a7b9bf4f957, merchant 28d95cad-a38c-4b1d-9654-f6df5fe49e69
DEBUG: calling db.get(Merchant)
DEBUG: get_current_merchant starting for user 20f83eef-9bb6-448d-a69e-7a7b9bf4f957, merchant 28d95cad-a38c-4b1d-9654-f6df5fe49e69
DEBUG: calling db.get(Merchant)
DEBUG: get_current_merchant starting for user 20f83eef-9bb6-448d-a69e-7a7b9bf4f957, merchant 28d95cad-a38c-4b1d-9654-f6df5fe49e69
DEBUG: calling db.get(Merchant)
DEBUG: db.get(Merchant) finished: krishna store
DEBUG: executing select(MerchantMember) query
DEBUG: db.get(Merchant) finished: krishna store
DEBUG: executing select(MerchantMember) query
DEBUG: db.get(Merchant) finished: krishna store
DEBUG: executing select(MerchantMember) query
DEBUG: select(MerchantMember) query executed
DEBUG: MerchantMember role: owner
DEBUG: get_current_merchant returning success
DEBUG: select(MerchantMember) query executed
DEBUG: MerchantMember role: owner
DEBUG: get_current_merchant returning success
DEBUG: get_current_merchant starting for user 20f83eef-9bb6-448d-a69e-7a7b9bf4f957, merchant 28d95cad-a38c-4b1d-9654-f6df5fe49e69
DEBUG: calling db.get(Merchant)
DEBUG: select(MerchantMember) query executed
DEBUG: MerchantMember role: owner
DEBUG: get_current_merchant returning success
DEBUG: db.get(Merchant) finished: krishna store
DEBUG: executing select(MerchantMember) query
DEBUG: select(MerchantMember) query executed
DEBUG: MerchantMember role: owner
DEBUG: get_current_merchant returning success
DEBUG: get_current_merchant starting for user 20f83eef-9bb6-448d-a69e-7a7b9bf4f957, merchant 28d95cad-a38c-4b1d-9654-f6df5fe49e69
DEBUG: calling db.get(Merchant)
DEBUG: calling db.get(Merchant)
DEBUG: get_current_merchant starting for user 20f83eef-9bb6-448d-a69e-7a7b9bf4f957, merchant 28d95cad-a38c-4b1d-9654-f6df5fe49e69
DEBUG: calling db.get(Merchant)
DEBUG: db.get(Merchant) finished: krishna store
DEBUG: db.get(Merchant) finished: krishna store
DEBUG: executing select(MerchantMember) query
DEBUG: executing select(MerchantMember) query
DEBUG: db.get(Merchant) finished: krishna store
DEBUG: executing select(MerchantMember) query
DEBUG: select(MerchantMember) query executed
DEBUG: MerchantMember role: owner
DEBUG: get_current_merchant returning success
DEBUG: MerchantMember role: owner
DEBUG: get_current_merchant returning success
DEBUG: select(MerchantMember) query executed
DEBUG: MerchantMember role: owner
DEBUG: get_current_merchant returning success
DEBUG: get_current_merchant starting for user 20f83eef-9bb6-448d-a69e-7a7b9bf4f957, merchant 28d95cad-a38c-4b1d-9654-f6df5fe49e69
DEBUG: calling db.get(Merchant)
DEBUG: db.get(Merchant) finished: krishna store
DEBUG: executing select(MerchantMember) query
DEBUG: select(MerchantMember) query executed
DEBUG: MerchantMember role: owner
DEBUG: get_current_merchant returning success
DEBUG: get_current_merchant starting for user 20f83eef-9bb6-448d-a69e-7a7b9bf4f957, merchant 28d95cad-a38c-4b1d-9654-f6df5fe49e69
DEBUG: calling db.get(Merchant)
DEBUG: get_current_merchant starting for user 20f83eef-9bb6-448d-a69e-7a7b9bf4f957, merchant 28d95cad-a38c-4b1d-9654-f6df5fe49e69
DEBUG: calling db.get(Merchant)
DEBUG: get_current_merchant starting for user 20f83eef-9bb6-448d-a69e-7a7b9bf4f957, merchant 28d95cad-a38c-4b1d-9654-f6df5fe49e69
DEBUG: calling db.get(Merchant)
DEBUG: get_current_merchant starting for user 20f83eef-9bb6-448d-a69e-7a7b9bf4f957, merchant 28d95cad-a38c-4b1d-9654-f6df5fe49e69
DEBUG: calling db.get(Merchant)
DEBUG: db.get(Merchant) finished: krishna store
DEBUG: executing select(MerchantMember) query
DEBUG: db.get(Merchant) finished: krishna store
DEBUG: executing select(MerchantMember) query
DEBUG: db.get(Merchant) finished: krishna store
DEBUG: executing select(MerchantMember) query
DEBUG: db.get(Merchant) finished: krishna store
DEBUG: executing select(MerchantMember) query
DEBUG: select(MerchantMember) query executed
DEBUG: MerchantMember role: owner
DEBUG: get_current_merchant returning success
DEBUG: select(MerchantMember) query executed
DEBUG: MerchantMember role: owner
DEBUG: get_current_merchant returning success
DEBUG: select(MerchantMember) query executed
DEBUG: MerchantMember role: owner
DEBUG: get_current_merchant returning success
DEBUG: select(MerchantMember) query executed
DEBUG: MerchantMember role: owner
DEBUG: get_current_merchant returning success
DEBUG: get_current_merchant starting for user 20f83eef-9bb6-448d-a69e-7a7b9bf4f957, merchant 28d95cad-a38c-4b1d-9654-f6df5fe49e69
DEBUG: calling db.get(Merchant)
DEBUG: get_current_merchant starting for user 20f83eef-9bb6-448d-a69e-7a7b9bf4f957, merchant 28d95cad-a38c-4b1d-9654-f6df5fe49e69
DEBUG: calling db.get(Merchant)
DEBUG: get_current_merchant starting for user 20f83eef-9bb6-448d-a69e-7a7b9bf4f957, merchant 28d95cad-a38c-4b1d-9654-f6df5fe49e69
DEBUG: calling db.get(Merchant)
DEBUG: get_current_merchant starting for user 20f83eef-9bb6-448d-a69e-7a7b9bf4f957, merchant 28d95cad-a38c-4b1d-9654-f6df5fe49e69
DEBUG: calling db.get(Merchant)
DEBUG: db.get(Merchant) finished: krishna store
DEBUG: executing select(MerchantMember) query
DEBUG: db.get(Merchant) finished: krishna store
DEBUG: executing select(MerchantMember) query
DEBUG: db.get(Merchant) finished: krishna store
DEBUG: executing select(MerchantMember) query
DEBUG: db.get(Merchant) finished: krishna store
DEBUG: executing select(MerchantMember) query
DEBUG: select(MerchantMember) query executed
DEBUG: MerchantMember role: owner
DEBUG: get_current_merchant returning success
DEBUG: select(MerchantMember) query executed
DEBUG: MerchantMember role: owner
DEBUG: get_current_merchant returning success
DEBUG: select(MerchantMember) query executed
DEBUG: MerchantMember role: owner
DEBUG: get_current_merchant returning success
DEBUG: select(MerchantMember) query executed
DEBUG: MerchantMember role: owner
DEBUG: get_current_merchant returning success
DEBUG: get_current_merchant starting for user 20f83eef-9bb6-448d-a69e-7a7b9bf4f957, merchant 28d95cad-a38c-4b1d-9654-f6df5fe49e69
DEBUG: calling db.get(Merchant)
DEBUG: get_current_merchant starting for user 20f83eef-9bb6-448d-a69e-7a7b9bf4f957, merchant 28d95cad-a38c-4b1d-9654-f6df5fe49e69
DEBUG: calling db.get(Merchant)
DEBUG: db.get(Merchant) finished: krishna store
DEBUG: executing select(MerchantMember) query
DEBUG: db.get(Merchant) finished: krishna store
DEBUG: executing select(MerchantMember) query
DEBUG: get_current_merchant starting for user 20f83eef-9bb6-448d-a69e-7a7b9bf4f957, merchant 28d95cad-a38c-4b1d-9654-f6df5fe49e69
DEBUG: calling db.get(Merchant)
DEBUG: select(MerchantMember) query executed
DEBUG: MerchantMember role: owner
DEBUG: get_current_merchant returning success
DEBUG: select(MerchantMember) query executed
DEBUG: MerchantMember role: owner
DEBUG: get_current_merchant returning success
DEBUG: db.get(Merchant) finished: krishna store
DEBUG: executing select(MerchantMember) query
DEBUG: select(MerchantMember) query executed
DEBUG: MerchantMember role: owner
DEBUG: get_current_merchant returning success
DEBUG: get_current_merchant starting for user 20f83eef-9bb6-448d-a69e-7a7b9bf4f957, merchant 28d95cad-a38c-4b1d-9654-f6df5fe49e69
DEBUG: calling db.get(Merchant)
DEBUG: get_current_merchant starting for user 20f83eef-9bb6-448d-a69e-7a7b9bf4f957, merchant 28d95cad-a38c-4b1d-9654-f6df5fe49e69
DEBUG: calling db.get(Merchant)
DEBUG: get_current_merchant starting for user 20f83eef-9bb6-448d-a69e-7a7b9bf4f957, merchant 28d95cad-a38c-4b1d-9654-f6df5fe49e69
DEBUG: calling db.get(Merchant)
DEBUG: db.get(Merchant) finished: krishna store
DEBUG: executing select(MerchantMember) query
DEBUG: db.get(Merchant) finished: krishna store
DEBUG: executing select(MerchantMember) query
DEBUG: db.get(Merchant) finished: krishna store
DEBUG: executing select(MerchantMember) query
DEBUG: select(MerchantMember) query executed
DEBUG: MerchantMember role: owner
DEBUG: get_current_merchant returning success
DEBUG: select(MerchantMember) query executed
DEBUG: MerchantMember role: owner
DEBUG: get_current_merchant returning success
DEBUG: select(MerchantMember) query executed
DEBUG: MerchantMember role: owner
DEBUG: get_current_merchant returning success
DEBUG: get_current_merchant starting for user 20f83eef-9bb6-448d-a69e-7a7b9bf4f957, merchant 28d95cad-a38c-4b1d-9654-f6df5fe49e69
DEBUG: calling db.get(Merchant)
DEBUG: db.get(Merchant) finished: krishna store
DEBUG: executing select(MerchantMember) query
DEBUG: select(MerchantMember) query executed
DEBUG: MerchantMember role: owner
DEBUG: get_current_merchant returning success
DEBUG: get_current_merchant starting for user 20f83eef-9bb6-448d-a69e-7a7b9bf4f957, merchant 28d95cad-a38c-4b1d-9654-f6df5fe49e69
DEBUG: calling db.get(Merchant)
DEBUG: db.get(Merchant) finished: krishna store
DEBUG: executing select(MerchantMember) query
DEBUG: select(MerchantMember) query executed
DEBUG: MerchantMember role: owner
DEBUG: get_current_merchant returning success
DEBUG: get_current_merchant starting for user 20f83eef-9bb6-448d-a69e-7a7b9bf4f957, merchant 28d95cad-a38c-4b1d-9654-f6df5fe49e69
DEBUG: calling db.get(Merchant)
DEBUG: get_current_merchant starting for user 20f83eef-9bb6-448d-a69e-7a7b9bf4f957, merchant 28d95cad-a38c-4b1d-9654-f6df5fe49e69
DEBUG: calling db.get(Merchant)
DEBUG: get_current_merchant starting for user 20f83eef-9bb6-448d-a69e-7a7b9bf4f957, merchant 28d95cad-a38c-4b1d-9654-f6df5fe49e69
DEBUG: calling db.get(Merchant)
DEBUG: db.get(Merchant) finished: krishna store
DEBUG: executing select(MerchantMember) query
DEBUG: db.get(Merchant) finished: krishna store
DEBUG: executing select(MerchantMember) query
DEBUG: db.get(Merchant) finished: krishna store
DEBUG: executing select(MerchantMember) query
DEBUG: select(MerchantMember) query executed
DEBUG: MerchantMember role: owner
DEBUG: get_current_merchant returning success
DEBUG: select(MerchantMember) query executed
DEBUG: MerchantMember role: owner
DEBUG: get_current_merchant returning success
DEBUG: select(MerchantMember) query executed
DEBUG: MerchantMember role: owner
DEBUG: get_current_merchant returning success
DEBUG: get_current_merchant starting for user 20f83eef-9bb6-448d-a69e-7a7b9bf4f957, merchant 28d95cad-a38c-4b1d-9654-f6df5fe49e69
DEBUG: calling db.get(Merchant)
DEBUG: get_current_merchant starting for user 20f83eef-9bb6-448d-a69e-7a7b9bf4f957, merchant 28d95cad-a38c-4b1d-9654-f6df5fe49e69
DEBUG: calling db.get(Merchant)
DEBUG: get_current_merchant starting for user 20f83eef-9bb6-448d-a69e-7a7b9bf4f957, merchant 28d95cad-a38c-4b1d-9654-f6df5fe49e69
DEBUG: calling db.get(Merchant)
DEBUG: db.get(Merchant) finished: krishna store
DEBUG: executing select(MerchantMember) query
DEBUG: db.get(Merchant) finished: krishna store
DEBUG: executing select(MerchantMember) query
DEBUG: executing select(MerchantMember) query
DEBUG: select(MerchantMember) query executed
DEBUG: MerchantMember role: owner
DEBUG: get_current_merchant returning success
DEBUG: select(MerchantMember) query executed
DEBUG: MerchantMember role: owner
DEBUG: select(MerchantMember) query executed
DEBUG: get_current_merchant returning success
DEBUG: MerchantMember role: owner
DEBUG: get_current_merchant returning success
DEBUG: get_current_merchant starting for user 20f83eef-9bb6-448d-a69e-7a7b9bf4f957, merchant 28d95cad-a38c-4b1d-9654-f6df5fe49e69
DEBUG: calling db.get(Merchant)
DEBUG: db.get(Merchant) finished: krishna store
DEBUG: executing select(MerchantMember) query
DEBUG: select(MerchantMember) query executed
DEBUG: MerchantMember role: owner
DEBUG: get_current_merchant returning success
DEBUG: get_current_merchant starting for user 20f83eef-9bb6-448d-a69e-7a7b9bf4f957, merchant 28d95cad-a38c-4b1d-9654-f6df5fe49e69
DEBUG: calling db.get(Merchant)
DEBUG: get_current_merchant starting for user 20f83eef-9bb6-448d-a69e-7a7b9bf4f957, merchant 28d95cad-a38c-4b1d-9654-f6df5fe49e69
DEBUG: calling db.get(Merchant)
DEBUG: db.get(Merchant) finished: krishna store
DEBUG: executing select(MerchantMember) query
DEBUG: get_current_merchant starting for user 20f83eef-9bb6-448d-a69e-7a7b9bf4f957, merchant 28d95cad-a38c-4b1d-9654-f6df5fe49e69
DEBUG: calling db.get(Merchant)
DEBUG: db.get(Merchant) finished: krishna store
DEBUG: executing select(MerchantMember) query
DEBUG: select(MerchantMember) query executed
DEBUG: MerchantMember role: owner
DEBUG: get_current_merchant returning success
DEBUG: db.get(Merchant) finished: krishna store
DEBUG: executing select(MerchantMember) query
DEBUG: select(MerchantMember) query executed
DEBUG: MerchantMember role: owner
DEBUG: get_current_merchant returning success
DEBUG: select(MerchantMember) query executed
DEBUG: MerchantMember role: owner
DEBUG: get_current_merchant returning success
DEBUG: get_current_merchant starting for user 20f83eef-9bb6-448d-a69e-7a7b9bf4f957, merchant 28d95cad-a38c-4b1d-9654-f6df5fe49e69
DEBUG: calling db.get(Merchant)
DEBUG: get_current_merchant starting for user 20f83eef-9bb6-448d-a69e-7a7b9bf4f957, merchant 28d95cad-a38c-4b1d-9654-f6df5fe49e69
DEBUG: calling db.get(Merchant)
DEBUG: db.get(Merchant) finished: krishna store
DEBUG: executing select(MerchantMember) query
DEBUG: db.get(Merchant) finished: krishna store
DEBUG: executing select(MerchantMember) query
DEBUG: select(MerchantMember) query executed
DEBUG: MerchantMember role: owner
DEBUG: get_current_merchant returning success
DEBUG: select(MerchantMember) query executed
DEBUG: MerchantMember role: owner
DEBUG: get_current_merchant returning success
DEBUG: get_current_merchant starting for user 20f83eef-9bb6-448d-a69e-7a7b9bf4f957, merchant 28d95cad-a38c-4b1d-9654-f6df5fe49e69
DEBUG: calling db.get(Merchant)
DEBUG: get_current_merchant starting for user 20f83eef-9bb6-448d-a69e-7a7b9bf4f957, merchant 28d95cad-a38c-4b1d-9654-f6df5fe49e69
DEBUG: calling db.get(Merchant)
DEBUG: db.get(Merchant) finished: krishna store
DEBUG: executing select(MerchantMember) query
DEBUG: db.get(Merchant) finished: krishna store
DEBUG: executing select(MerchantMember) query
DEBUG: select(MerchantMember) query executed
DEBUG: MerchantMember role: owner
DEBUG: get_current_merchant returning success
DEBUG: select(MerchantMember) query executed
DEBUG: MerchantMember role: owner
DEBUG: get_current_merchant returning success
DEBUG: get_current_merchant starting for user 20f83eef-9bb6-448d-a69e-7a7b9bf4f957, merchant 28d95cad-a38c-4b1d-9654-f6df5fe49e69
DEBUG: calling db.get(Merchant)
DEBUG: get_current_merchant starting for user 20f83eef-9bb6-448d-a69e-7a7b9bf4f957, merchant 28d95cad-a38c-4b1d-9654-f6df5fe49e69
DEBUG: calling db.get(Merchant)
DEBUG: db.get(Merchant) finished: krishna store
DEBUG: executing select(MerchantMember) query
DEBUG: db.get(Merchant) finished: krishna store
DEBUG: executing select(MerchantMember) query
DEBUG: select(MerchantMember) query executed
DEBUG: MerchantMember role: owner
DEBUG: get_current_merchant returning success
DEBUG: select(MerchantMember) query executed
DEBUG: MerchantMember role: owner
DEBUG: get_current_merchant returning success
DEBUG: get_current_merchant starting for user 20f83eef-9bb6-448d-a69e-7a7b9bf4f957, merchant 28d95cad-a38c-4b1d-9654-f6df5fe49e69
DEBUG: calling db.get(Merchant)
DEBUG: db.get(Merchant) finished: krishna store
DEBUG: executing select(MerchantMember) query
DEBUG: select(MerchantMember) query executed
DEBUG: MerchantMember role: owner
DEBUG: get_current_merchant returning success
DEBUG: get_current_merchant starting for user 20f83eef-9bb6-448d-a69e-7a7b9bf4f957, merchant 28d95cad-a38c-4b1d-9654-f6df5fe49e69
DEBUG: calling db.get(Merchant)
DEBUG: get_current_merchant starting for user 20f83eef-9bb6-448d-a69e-7a7b9bf4f957, merchant 28d95cad-a38c-4b1d-9654-f6df5fe49e69
DEBUG: get_current_merchant starting for user 20f83eef-9bb6-448d-a69e-7a7b9bf4f957, merchant 28d95cad-a38c-4b1d-9654-f6df5fe49e69
DEBUG: calling db.get(Merchant)
DEBUG: get_current_merchant starting for user 20f83eef-9bb6-448d-a69e-7a7b9bf4f957, merchant 28d95cad-a38c-4b1d-9654-f6df5fe49e69
DEBUG: calling db.get(Merchant)
DEBUG: db.get(Merchant) finished: krishna store
DEBUG: executing select(MerchantMember) query
DEBUG: db.get(Merchant) finished: krishna store
DEBUG: executing select(MerchantMember) query
DEBUG: db.get(Merchant) finished: krishna store
DEBUG: executing select(MerchantMember) query
DEBUG: db.get(Merchant) finished: krishna store
DEBUG: executing select(MerchantMember) query
DEBUG: select(MerchantMember) query executed
DEBUG: MerchantMember role: owner
DEBUG: get_current_merchant returning success
DEBUG: select(MerchantMember) query executed
DEBUG: select(MerchantMember) query executed
DEBUG: MerchantMember role: owner
DEBUG: MerchantMember role: owner
DEBUG: get_current_merchant returning success
DEBUG: get_current_merchant returning success
DEBUG: select(MerchantMember) query executed
DEBUG: MerchantMember role: owner
DEBUG: get_current_merchant returning success
DEBUG: get_current_merchant starting for user 20f83eef-9bb6-448d-a69e-7a7b9bf4f957, merchant 28d95cad-a38c-4b1d-9654-f6df5fe49e69
DEBUG: calling db.get(Merchant)
DEBUG: db.get(Merchant) finished: krishna store
DEBUG: executing select(MerchantMember) query
DEBUG: select(MerchantMember) query executed
DEBUG: MerchantMember role: owner
DEBUG: get_current_merchant returning success
DEBUG: get_current_merchant starting for user 20f83eef-9bb6-448d-a69e-7a7b9bf4f957, merchant 28d95cad-a38c-4b1d-9654-f6df5fe49e69
DEBUG: calling db.get(Merchant)
DEBUG: get_current_merchant starting for user 20f83eef-9bb6-448d-a69e-7a7b9bf4f957, merchant 28d95cad-a38c-4b1d-9654-f6df5fe49e69
DEBUG: calling db.get(Merchant)
DEBUG: db.get(Merchant) finished: krishna store
DEBUG: executing select(MerchantMember) query
DEBUG: db.get(Merchant) finished: krishna store
DEBUG: executing select(MerchantMember) query
DEBUG: get_current_merchant starting for user 20f83eef-9bb6-448d-a69e-7a7b9bf4f957, merchant 28d95cad-a38c-4b1d-9654-f6df5fe49e69
DEBUG: calling db.get(Merchant)
DEBUG: get_current_merchant starting for user 20f83eef-9bb6-448d-a69e-7a7b9bf4f957, merchant 28d95cad-a38c-4b1d-9654-f6df5fe49e69
DEBUG: calling db.get(Merchant)
DEBUG: get_current_merchant starting for user 20f83eef-9bb6-448d-a69e-7a7b9bf4f957, merchant 28d95cad-a38c-4b1d-9654-f6df5fe49e69
DEBUG: get_current_merchant starting for user 20f83eef-9bb6-448d-a69e-7a7b9bf4f957, merchant 28d95cad-a38c-4b1d-9654-f6df5fe49e69
DEBUG: calling db.get(Merchant)
DEBUG: calling db.get(Merchant)
DEBUG: get_current_merchant starting for user 20f83eef-9bb6-448d-a69e-7a7b9bf4f957, merchant 28d95cad-a38c-4b1d-9654-f6df5fe49e69
DEBUG: calling db.get(Merchant)
DEBUG: get_current_merchant starting for user 20f83eef-9bb6-448d-a69e-7a7b9bf4f957, merchant 28d95cad-a38c-4b1d-9654-f6df5fe49e69
DEBUG: calling db.get(Merchant)
DEBUG: get_current_merchant starting for user 20f83eef-9bb6-448d-a69e-7a7b9bf4f957, merchant 28d95cad-a38c-4b1d-9654-f6df5fe49e69
DEBUG: calling db.get(Merchant)
DEBUG: select(MerchantMember) query executed
DEBUG: MerchantMember role: owner
DEBUG: get_current_merchant returning success
DEBUG: select(MerchantMember) query executed
DEBUG: MerchantMember role: owner
DEBUG: get_current_merchant returning success
DEBUG: db.get(Merchant) finished: krishna store
DEBUG: executing select(MerchantMember) query
DEBUG: db.get(Merchant) finished: krishna store
DEBUG: executing select(MerchantMember) query
DEBUG: db.get(Merchant) finished: krishna store
DEBUG: executing select(MerchantMember) query
DEBUG: db.get(Merchant) finished: krishna store
DEBUG: executing select(MerchantMember) query
DEBUG: db.get(Merchant) finished: krishna store
DEBUG: executing select(MerchantMember) query
DEBUG: db.get(Merchant) finished: krishna store
DEBUG: executing select(MerchantMember) query
DEBUG: db.get(Merchant) finished: krishna store
DEBUG: executing select(MerchantMember) query
DEBUG: select(MerchantMember) query executed
DEBUG: MerchantMember role: owner
DEBUG: get_current_merchant returning success
DEBUG: select(MerchantMember) query executed
DEBUG: MerchantMember role: owner
DEBUG: get_current_merchant returning success
DEBUG: select(MerchantMember) query executed
DEBUG: MerchantMember role: owner
DEBUG: get_current_merchant returning success
DEBUG: select(MerchantMember) query executed
DEBUG: MerchantMember role: owner
DEBUG: get_current_merchant returning success
DEBUG: select(MerchantMember) query executed
DEBUG: MerchantMember role: owner
DEBUG: get_current_merchant returning success
DEBUG: select(MerchantMember) query executed
DEBUG: MerchantMember role: owner
DEBUG: get_current_merchant returning success
DEBUG: select(MerchantMember) query executed
DEBUG: MerchantMember role: owner
DEBUG: get_current_merchant returning success
DEBUG: get_current_merchant starting for user 20f83eef-9bb6-448d-a69e-7a7b9bf4f957, merchant 28d95cad-a38c-4b1d-9654-f6df5fe49e69
DEBUG: calling db.get(Merchant)
DEBUG: get_current_merchant starting for user 20f83eef-9bb6-448d-a69e-7a7b9bf4f957, merchant 28d95cad-a38c-4b1d-9654-f6df5fe49e69
DEBUG: calling db.get(Merchant)
DEBUG: db.get(Merchant) finished: krishna store
DEBUG: executing select(MerchantMember) query
DEBUG: db.get(Merchant) finished: krishna store
DEBUG: executing select(MerchantMember) query
DEBUG: get_current_merchant starting for user 20f83eef-9bb6-448d-a69e-7a7b9bf4f957, merchant 28d95cad-a38c-4b1d-9654-f6df5fe49e69
DEBUG: calling db.get(Merchant)
DEBUG: select(MerchantMember) query executed
DEBUG: MerchantMember role: owner
DEBUG: get_current_merchant returning success
DEBUG: select(MerchantMember) query executed
DEBUG: MerchantMember role: owner
DEBUG: get_current_merchant returning success
DEBUG: db.get(Merchant) finished: krishna store
DEBUG: executing select(MerchantMember) query
DEBUG: select(MerchantMember) query executed
DEBUG: MerchantMember role: owner
DEBUG: get_current_merchant returning success
DEBUG: get_current_merchant starting for user 20f83eef-9bb6-448d-a69e-7a7b9bf4f957, merchant 28d95cad-a38c-4b1d-9654-f6df5fe49e69
DEBUG: calling db.get(Merchant)
DEBUG: db.get(Merchant) finished: krishna store
DEBUG: executing select(MerchantMember) query
DEBUG: select(MerchantMember) query executed
DEBUG: get_current_merchant starting for user 20f83eef-9bb6-448d-a69e-7a7b9bf4f957, merchant 28d95cad-a38c-4b1d-9654-f6df5fe49e69
DEBUG: get_current_merchant starting for user 20f83eef-9bb6-448d-a69e-7a7b9bf4f957, merchant 28d95cad-a38c-4b1d-9654-f6df5fe49e69
DEBUG: MerchantMember role: owner
DEBUG: get_current_merchant returning success
DEBUG: calling db.get(Merchant)
DEBUG: db.get(Merchant) finished: krishna store
DEBUG: executing select(MerchantMember) query
DEBUG: db.get(Merchant) finished: krishna store
DEBUG: executing select(MerchantMember) query
DEBUG: select(MerchantMember) query executed
DEBUG: MerchantMember role: owner
DEBUG: get_current_merchant returning success
DEBUG: select(MerchantMember) query executed
DEBUG: MerchantMember role: owner
DEBUG: get_current_merchant returning success
DEBUG: get_current_merchant starting for user 20f83eef-9bb6-448d-a69e-7a7b9bf4f957, merchant 28d95cad-a38c-4b1d-9654-f6df5fe49e69
DEBUG: calling db.get(Merchant)
DEBUG: get_current_merchant starting for user 20f83eef-9bb6-448d-a69e-7a7b9bf4f957, merchant 28d95cad-a38c-4b1d-9654-f6df5fe49e69
DEBUG: calling db.get(Merchant)
DEBUG: db.get(Merchant) finished: krishna store
DEBUG: executing select(MerchantMember) query
DEBUG: db.get(Merchant) finished: krishna store
DEBUG: executing select(MerchantMember) query
DEBUG: select(MerchantMember) query executed
DEBUG: MerchantMember role: owner
DEBUG: get_current_merchant returning success
DEBUG: select(MerchantMember) query executed
DEBUG: MerchantMember role: owner
DEBUG: get_current_merchant returning success
DEBUG: get_current_merchant starting for user 20f83eef-9bb6-448d-a69e-7a7b9bf4f957, merchant 28d95cad-a38c-4b1d-9654-f6df5fe49e69
DEBUG: calling db.get(Merchant)
DEBUG: db.get(Merchant) finished: krishna store
DEBUG: executing select(MerchantMember) query
DEBUG: select(MerchantMember) query executed
DEBUG: MerchantMember role: owner
DEBUG: get_current_merchant returning success
DEBUG: get_current_merchant starting for user bfd586cc-b858-4d3f-ac6b-d007bee3282e, merchant 4371ad4b-c571-47d1-952a-f0ef4c91be20
DEBUG: calling db.get(Merchant)
DEBUG: db.get(Merchant) finished: Foreign
DEBUG: executing select(MerchantMember) query
DEBUG: select(MerchantMember) query executed
DEBUG: MerchantMember role: None
DEBUG: get_current_merchant got exception: 403: not a member of this merchant
DEBUG: get_current_merchant starting for user c334e8ad-5a14-42fd-9c9c-b1f719179be2, merchant e1d082c7-565b-4a68-9aac-0bf131fe85db
DEBUG: calling db.get(Merchant)
DEBUG: db.get(Merchant) finished: Patch
DEBUG: executing select(MerchantMember) query
DEBUG: select(MerchantMember) query executed
DEBUG: MerchantMember role: staff
DEBUG: get_current_merchant returning success
DEBUG: get_current_merchant starting for user df739104-4683-4a2a-9d1e-ed8f4158df3b, merchant 6bf5259f-6213-424d-92c1-58f0b1885088
DEBUG: calling db.get(Merchant)
DEBUG: db.get(Merchant) finished: Team Test
DEBUG: executing select(MerchantMember) query
DEBUG: select(MerchantMember) query executed
DEBUG: MerchantMember role: owner
DEBUG: get_current_merchant returning success
DEBUG: get_current_merchant starting for user 65022e23-2520-48ec-ba78-f16a6bc80700, merchant f08e9a03-5cb6-4c84-950b-56ab02323503
DEBUG: calling db.get(Merchant)
DEBUG: db.get(Merchant) finished: Inv Test
DEBUG: executing select(MerchantMember) query
DEBUG: select(MerchantMember) query executed
DEBUG: MerchantMember role: owner
DEBUG: get_current_merchant returning success
DEBUG: get_current_merchant starting for user a82ad233-5a74-4c4a-bd23-5ec84162baf1, merchant 4330f204-0691-4ee2-937a-c3c90f71175b
DEBUG: calling db.get(Merchant)
DEBUG: db.get(Merchant) finished: Unk
DEBUG: executing select(MerchantMember) query
DEBUG: select(MerchantMember) query executed
DEBUG: MerchantMember role: owner
DEBUG: get_current_merchant returning success
DEBUG: get_current_merchant starting for user 4aec85c9-feaf-4292-b429-ee52a9ff2851, merchant f8127ff1-a37f-4c10-82ca-9f55f8282c1c
DEBUG: calling db.get(Merchant)
DEBUG: db.get(Merchant) finished: Role Test
DEBUG: executing select(MerchantMember) query
DEBUG: select(MerchantMember) query executed
DEBUG: MerchantMember role: owner
DEBUG: get_current_merchant returning success
DEBUG: get_current_merchant starting for user d792324c-0f8a-479b-88ed-c51c67620cfc, merchant f8127ff1-a37f-4c10-82ca-9f55f8282c1c
DEBUG: calling db.get(Merchant)
DEBUG: db.get(Merchant) finished: Role Test
DEBUG: executing select(MerchantMember) query
DEBUG: select(MerchantMember) query executed
DEBUG: MerchantMember role: admin
DEBUG: get_current_merchant returning success
DEBUG: get_current_merchant starting for user d792324c-0f8a-479b-88ed-c51c67620cfc, merchant f8127ff1-a37f-4c10-82ca-9f55f8282c1c
DEBUG: calling db.get(Merchant)
DEBUG: db.get(Merchant) finished: Role Test
DEBUG: executing select(MerchantMember) query
DEBUG: select(MerchantMember) query executed
DEBUG: MerchantMember role: admin
DEBUG: get_current_merchant returning success
DEBUG: get_current_merchant starting for user 6e45e065-523d-410d-ab49-f7fce8a42524, merchant 6693b8d1-15cb-475f-95f6-dbfac74621ff
DEBUG: calling db.get(Merchant)
DEBUG: db.get(Merchant) finished: Self
DEBUG: executing select(MerchantMember) query
DEBUG: select(MerchantMember) query executed
DEBUG: MerchantMember role: owner
DEBUG: get_current_merchant returning success
DEBUG: get_current_merchant starting for user c5ec9084-93d7-4a8e-af79-b0ec6946b146, merchant ec956ec5-0571-49c1-8671-343df3ae71ec
DEBUG: calling db.get(Merchant)
DEBUG: db.get(Merchant) finished: Foreign
DEBUG: executing select(MerchantMember) query
DEBUG: select(MerchantMember) query executed
DEBUG: MerchantMember role: None
DEBUG: get_current_merchant got exception: 403: not a member of this merchant
DEBUG: get_current_merchant starting for user 2322c298-25e1-45c9-bea3-7c32a4842b27, merchant a3c80de2-74c6-4182-8190-a8e62e7e2e1b
DEBUG: calling db.get(Merchant)
DEBUG: db.get(Merchant) finished: Patch
DEBUG: executing select(MerchantMember) query
DEBUG: select(MerchantMember) query executed
DEBUG: MerchantMember role: staff
DEBUG: get_current_merchant returning success
DEBUG: get_current_merchant starting for user 43c702c8-4820-417a-8baa-faa11b8c19de, merchant cca110cd-110f-4075-9e5f-8debf8804364
DEBUG: calling db.get(Merchant)
DEBUG: db.get(Merchant) finished: Team Test
DEBUG: executing select(MerchantMember) query
DEBUG: select(MerchantMember) query executed
DEBUG: MerchantMember role: owner
DEBUG: get_current_merchant returning success
DEBUG: get_current_merchant starting for user f9403af2-9021-4dcf-82ef-42dfa20f7cf4, merchant b7c12e15-9953-4770-b49f-764eb027b078
DEBUG: calling db.get(Merchant)
DEBUG: db.get(Merchant) finished: Inv Test
DEBUG: executing select(MerchantMember) query
DEBUG: select(MerchantMember) query executed
DEBUG: MerchantMember role: owner
DEBUG: get_current_merchant returning success
DEBUG: get_current_merchant starting for user 9a19872d-6157-4960-b593-f5e5453edd22, merchant e8bd88fc-8198-4ff4-b758-f802238b6f18
DEBUG: calling db.get(Merchant)
DEBUG: db.get(Merchant) finished: Unk
DEBUG: executing select(MerchantMember) query
DEBUG: select(MerchantMember) query executed
DEBUG: MerchantMember role: owner
DEBUG: get_current_merchant returning success
DEBUG: get_current_merchant starting for user 9ec3e6a0-cb20-474a-af54-e7259792165c, merchant ec4cb81d-5f7b-454a-ac7f-fc8e98028207
DEBUG: calling db.get(Merchant)
DEBUG: db.get(Merchant) finished: Role Test
DEBUG: executing select(MerchantMember) query
DEBUG: select(MerchantMember) query executed
DEBUG: MerchantMember role: owner
DEBUG: get_current_merchant returning success
DEBUG: get_current_merchant starting for user a5a53186-5ec0-4a22-9c73-0c879d9efb7c, merchant ec4cb81d-5f7b-454a-ac7f-fc8e98028207
DEBUG: calling db.get(Merchant)
DEBUG: db.get(Merchant) finished: Role Test
DEBUG: executing select(MerchantMember) query
DEBUG: select(MerchantMember) query executed
DEBUG: MerchantMember role: admin
DEBUG: get_current_merchant returning success
DEBUG: get_current_merchant starting for user a5a53186-5ec0-4a22-9c73-0c879d9efb7c, merchant ec4cb81d-5f7b-454a-ac7f-fc8e98028207
DEBUG: calling db.get(Merchant)
DEBUG: db.get(Merchant) finished: Role Test
DEBUG: executing select(MerchantMember) query
DEBUG: select(MerchantMember) query executed
DEBUG: MerchantMember role: admin
DEBUG: get_current_merchant returning success
DEBUG: get_current_merchant starting for user 4c8de5a9-e908-47eb-b85f-687e80d57b18, merchant 1501e3e9-ad22-4283-bac5-d54d43129404
DEBUG: calling db.get(Merchant)
DEBUG: db.get(Merchant) finished: Self
DEBUG: executing select(MerchantMember) query
DEBUG: select(MerchantMember) query executed
DEBUG: MerchantMember role: owner
DEBUG: get_current_merchant returning success
DEBUG: get_current_merchant starting for user 20f83eef-9bb6-448d-a69e-7a7b9bf4f957, merchant 28d95cad-a38c-4b1d-9654-f6df5fe49e69
DEBUG: calling db.get(Merchant)
DEBUG: get_current_merchant starting for user 20f83eef-9bb6-448d-a69e-7a7b9bf4f957, merchant 28d95cad-a38c-4b1d-9654-f6df5fe49e69
DEBUG: calling db.get(Merchant)
DEBUG: db.get(Merchant) finished: krishna store
DEBUG: executing select(MerchantMember) query
DEBUG: db.get(Merchant) finished: krishna store
DEBUG: executing select(MerchantMember) query
DEBUG: select(MerchantMember) query executed
DEBUG: MerchantMember role: owner
DEBUG: get_current_merchant returning success
DEBUG: select(MerchantMember) query executed
DEBUG: MerchantMember role: owner
DEBUG: get_current_merchant returning success
DEBUG: get_current_merchant starting for user 20f83eef-9bb6-448d-a69e-7a7b9bf4f957, merchant 28d95cad-a38c-4b1d-9654-f6df5fe49e69
DEBUG: calling db.get(Merchant)
DEBUG: get_current_merchant starting for user 20f83eef-9bb6-448d-a69e-7a7b9bf4f957, merchant 28d95cad-a38c-4b1d-9654-f6df5fe49e69
DEBUG: calling db.get(Merchant)
DEBUG: get_current_merchant starting for user 20f83eef-9bb6-448d-a69e-7a7b9bf4f957, merchant 28d95cad-a38c-4b1d-9654-f6df5fe49e69
DEBUG: calling db.get(Merchant)
DEBUG: get_current_merchant starting for user 20f83eef-9bb6-448d-a69e-7a7b9bf4f957, merchant 28d95cad-a38c-4b1d-9654-f6df5fe49e69
DEBUG: calling db.get(Merchant)
DEBUG: get_current_merchant starting for user 20f83eef-9bb6-448d-a69e-7a7b9bf4f957, merchant 28d95cad-a38c-4b1d-9654-f6df5fe49e69
DEBUG: calling db.get(Merchant)
DEBUG: get_current_merchant starting for user 20f83eef-9bb6-448d-a69e-7a7b9bf4f957, merchant 28d95cad-a38c-4b1d-9654-f6df5fe49e69
DEBUG: calling db.get(Merchant)
DEBUG: db.get(Merchant) finished: krishna store
DEBUG: executing select(MerchantMember) query
DEBUG: db.get(Merchant) finished: krishna store
DEBUG: executing select(MerchantMember) query
DEBUG: get_current_merchant starting for user 20f83eef-9bb6-448d-a69e-7a7b9bf4f957, merchant 28d95cad-a38c-4b1d-9654-f6df5fe49e69
DEBUG: calling db.get(Merchant)
DEBUG: db.get(Merchant) finished: krishna store
DEBUG: executing select(MerchantMember) query
DEBUG: db.get(Merchant) finished: krishna store
DEBUG: executing select(MerchantMember) query
DEBUG: db.get(Merchant) finished: krishna store
DEBUG: executing select(MerchantMember) query
DEBUG: db.get(Merchant) finished: krishna store
DEBUG: executing select(MerchantMember) query
DEBUG: select(MerchantMember) query executed
DEBUG: MerchantMember role: owner
DEBUG: get_current_merchant returning success
DEBUG: db.get(Merchant) finished: krishna store
DEBUG: executing select(MerchantMember) query
DEBUG: select(MerchantMember) query executed
DEBUG: MerchantMember role: owner
DEBUG: get_current_merchant returning success
DEBUG: select(MerchantMember) query executed
DEBUG: MerchantMember role: owner
DEBUG: get_current_merchant returning success
DEBUG: select(MerchantMember) query executed
DEBUG: MerchantMember role: owner
DEBUG: get_current_merchant returning success
DEBUG: select(MerchantMember) query executed
DEBUG: MerchantMember role: owner
DEBUG: get_current_merchant returning success
DEBUG: select(MerchantMember) query executed
DEBUG: MerchantMember role: owner
DEBUG: get_current_merchant returning success
DEBUG: select(MerchantMember) query executed
DEBUG: MerchantMember role: owner
DEBUG: get_current_merchant returning success
DEBUG: get_current_merchant starting for user 20f83eef-9bb6-448d-a69e-7a7b9bf4f957, merchant 28d95cad-a38c-4b1d-9654-f6df5fe49e69
DEBUG: calling db.get(Merchant)
DEBUG: get_current_merchant starting for user 20f83eef-9bb6-448d-a69e-7a7b9bf4f957, merchant 28d95cad-a38c-4b1d-9654-f6df5fe49e69
DEBUG: calling db.get(Merchant)
DEBUG: db.get(Merchant) finished: krishna store
DEBUG: executing select(MerchantMember) query
DEBUG: db.get(Merchant) finished: krishna store
DEBUG: executing select(MerchantMember) query
DEBUG: select(MerchantMember) query executed
DEBUG: MerchantMember role: owner
DEBUG: get_current_merchant returning success
DEBUG: select(MerchantMember) query executed
DEBUG: MerchantMember role: owner
DEBUG: get_current_merchant returning success
DEBUG: get_current_merchant starting for user 20f83eef-9bb6-448d-a69e-7a7b9bf4f957, merchant 28d95cad-a38c-4b1d-9654-f6df5fe49e69
DEBUG: calling db.get(Merchant)
DEBUG: db.get(Merchant) finished: krishna store
DEBUG: executing select(MerchantMember) query
DEBUG: select(MerchantMember) query executed
DEBUG: MerchantMember role: owner
DEBUG: get_current_merchant returning success
DEBUG: get_current_merchant starting for user 20f83eef-9bb6-448d-a69e-7a7b9bf4f957, merchant 28d95cad-a38c-4b1d-9654-f6df5fe49e69
DEBUG: calling db.get(Merchant)
DEBUG: get_current_merchant starting for user 20f83eef-9bb6-448d-a69e-7a7b9bf4f957, merchant 28d95cad-a38c-4b1d-9654-f6df5fe49e69
DEBUG: calling db.get(Merchant)
DEBUG: get_current_merchant starting for user 20f83eef-9bb6-448d-a69e-7a7b9bf4f957, merchant 28d95cad-a38c-4b1d-9654-f6df5fe49e69
DEBUG: calling db.get(Merchant)
DEBUG: get_current_merchant starting for user 20f83eef-9bb6-448d-a69e-7a7b9bf4f957, merchant 28d95cad-a38c-4b1d-9654-f6df5fe49e69
DEBUG: calling db.get(Merchant)
DEBUG: executing select(MerchantMember) query
DEBUG: get_current_merchant starting for user 20f83eef-9bb6-448d-a69e-7a7b9bf4f957, merchant 28d95cad-a38c-4b1d-9654-f6df5fe49e69
DEBUG: calling db.get(Merchant)
DEBUG: get_current_merchant starting for user 20f83eef-9bb6-448d-a69e-7a7b9bf4f957, merchant 28d95cad-a38c-4b1d-9654-f6df5fe49e69
DEBUG: calling db.get(Merchant)
DEBUG: db.get(Merchant) finished: krishna store
DEBUG: executing select(MerchantMember) query
DEBUG: db.get(Merchant) finished: krishna store
DEBUG: executing select(MerchantMember) query
DEBUG: select(MerchantMember) query executed
DEBUG: MerchantMember role: owner
DEBUG: get_current_merchant returning success
DEBUG: db.get(Merchant) finished: krishna store
DEBUG: executing select(MerchantMember) query
DEBUG: MerchantMember role: owner
DEBUG: get_current_merchant returning success
DEBUG: db.get(Merchant) finished: krishna store
DEBUG: executing select(MerchantMember) query
DEBUG: db.get(Merchant) finished: krishna store
DEBUG: executing select(MerchantMember) query
DEBUG: select(MerchantMember) query executed
DEBUG: MerchantMember role: owner
DEBUG: get_current_merchant returning success
DEBUG: select(MerchantMember) query executed
DEBUG: MerchantMember role: owner
DEBUG: get_current_merchant returning success
DEBUG: select(MerchantMember) query executed
DEBUG: MerchantMember role: owner
DEBUG: get_current_merchant returning success
DEBUG: select(MerchantMember) query executed
DEBUG: MerchantMember role: owner
DEBUG: get_current_merchant returning success
DEBUG: get_current_merchant starting for user 20f83eef-9bb6-448d-a69e-7a7b9bf4f957, merchant 28d95cad-a38c-4b1d-9654-f6df5fe49e69
DEBUG: calling db.get(Merchant)
DEBUG: db.get(Merchant) finished: krishna store
DEBUG: executing select(MerchantMember) query
DEBUG: select(MerchantMember) query executed
DEBUG: MerchantMember role: owner
DEBUG: get_current_merchant returning success
DEBUG: get_current_merchant starting for user 20f83eef-9bb6-448d-a69e-7a7b9bf4f957, merchant 28d95cad-a38c-4b1d-9654-f6df5fe49e69
DEBUG: calling db.get(Merchant)
DEBUG: db.get(Merchant) finished: krishna store
DEBUG: executing select(MerchantMember) query
DEBUG: select(MerchantMember) query executed
DEBUG: MerchantMember role: owner
DEBUG: get_current_merchant returning success
DEBUG: get_current_merchant starting for user 20f83eef-9bb6-448d-a69e-7a7b9bf4f957, merchant 28d95cad-a38c-4b1d-9654-f6df5fe49e69
DEBUG: calling db.get(Merchant)
DEBUG: get_current_merchant starting for user 20f83eef-9bb6-448d-a69e-7a7b9bf4f957, merchant 28d95cad-a38c-4b1d-9654-f6df5fe49e69
DEBUG: calling db.get(Merchant)
DEBUG: get_current_merchant starting for user 20f83eef-9bb6-448d-a69e-7a7b9bf4f957, merchant 28d95cad-a38c-4b1d-9654-f6df5fe49e69
DEBUG: calling db.get(Merchant)
DEBUG: db.get(Merchant) finished: krishna store
DEBUG: executing select(MerchantMember) query
DEBUG: db.get(Merchant) finished: krishna store
DEBUG: executing select(MerchantMember) query
DEBUG: db.get(Merchant) finished: krishna store
DEBUG: executing select(MerchantMember) query
DEBUG: select(MerchantMember) query executed
DEBUG: MerchantMember role: owner
DEBUG: get_current_merchant returning success
DEBUG: select(MerchantMember) query executed
DEBUG: MerchantMember role: owner
DEBUG: get_current_merchant returning success
DEBUG: select(MerchantMember) query executed
DEBUG: MerchantMember role: owner
DEBUG: get_current_merchant returning success
DEBUG: get_current_merchant starting for user 20f83eef-9bb6-448d-a69e-7a7b9bf4f957, merchant 28d95cad-a38c-4b1d-9654-f6df5fe49e69
DEBUG: calling db.get(Merchant)
DEBUG: get_current_merchant starting for user 20f83eef-9bb6-448d-a69e-7a7b9bf4f957, merchant 28d95cad-a38c-4b1d-9654-f6df5fe49e69
DEBUG: calling db.get(Merchant)
DEBUG: get_current_merchant starting for user 20f83eef-9bb6-448d-a69e-7a7b9bf4f957, merchant 28d95cad-a38c-4b1d-9654-f6df5fe49e69
DEBUG: calling db.get(Merchant)
DEBUG: db.get(Merchant) finished: krishna store
DEBUG: executing select(MerchantMember) query
DEBUG: db.get(Merchant) finished: krishna store
DEBUG: executing select(MerchantMember) query
DEBUG: select(MerchantMember) query executed
DEBUG: MerchantMember role: owner
DEBUG: get_current_merchant returning success
DEBUG: select(MerchantMember) query executed
DEBUG: MerchantMember role: owner
DEBUG: get_current_merchant returning success
DEBUG: db.get(Merchant) finished: krishna store
DEBUG: executing select(MerchantMember) query
DEBUG: select(MerchantMember) query executed
DEBUG: MerchantMember role: owner
DEBUG: get_current_merchant returning success
DEBUG: get_current_merchant starting for user 20f83eef-9bb6-448d-a69e-7a7b9bf4f957, merchant 28d95cad-a38c-4b1d-9654-f6df5fe49e69
DEBUG: calling db.get(Merchant)
DEBUG: db.get(Merchant) finished: krishna store
DEBUG: executing select(MerchantMember) query
DEBUG: select(MerchantMember) query executed
DEBUG: MerchantMember role: owner
DEBUG: get_current_merchant returning success
DEBUG: get_current_merchant starting for user 20f83eef-9bb6-448d-a69e-7a7b9bf4f957, merchant 28d95cad-a38c-4b1d-9654-f6df5fe49e69
DEBUG: calling db.get(Merchant)
DEBUG: get_current_merchant starting for user 20f83eef-9bb6-448d-a69e-7a7b9bf4f957, merchant 28d95cad-a38c-4b1d-9654-f6df5fe49e69
DEBUG: calling db.get(Merchant)
DEBUG: db.get(Merchant) finished: krishna store
DEBUG: executing select(MerchantMember) query
DEBUG: db.get(Merchant) finished: krishna store
DEBUG: executing select(MerchantMember) query
DEBUG: select(MerchantMember) query executed
DEBUG: get_current_merchant starting for user 20f83eef-9bb6-448d-a69e-7a7b9bf4f957, merchant 28d95cad-a38c-4b1d-9654-f6df5fe49e69
DEBUG: MerchantMember role: owner
DEBUG: calling db.get(Merchant)
DEBUG: get_current_merchant returning success
DEBUG: select(MerchantMember) query executed
DEBUG: MerchantMember role: owner
DEBUG: get_current_merchant returning success
DEBUG: db.get(Merchant) finished: krishna store
DEBUG: executing select(MerchantMember) query
DEBUG: select(MerchantMember) query executed
DEBUG: MerchantMember role: owner
DEBUG: get_current_merchant returning success
DEBUG: get_current_merchant starting for user 20f83eef-9bb6-448d-a69e-7a7b9bf4f957, merchant 28d95cad-a38c-4b1d-9654-f6df5fe49e69
DEBUG: calling db.get(Merchant)
DEBUG: db.get(Merchant) finished: krishna store
DEBUG: executing select(MerchantMember) query
DEBUG: get_current_merchant starting for user 20f83eef-9bb6-448d-a69e-7a7b9bf4f957, merchant 28d95cad-a38c-4b1d-9654-f6df5fe49e69
DEBUG: calling db.get(Merchant)
DEBUG: select(MerchantMember) query executed
DEBUG: MerchantMember role: owner
DEBUG: get_current_merchant returning success
DEBUG: get_current_merchant starting for user 20f83eef-9bb6-448d-a69e-7a7b9bf4f957, merchant 28d95cad-a38c-4b1d-9654-f6df5fe49e69
DEBUG: calling db.get(Merchant)
DEBUG: db.get(Merchant) finished: krishna store
DEBUG: executing select(MerchantMember) query
DEBUG: db.get(Merchant) finished: krishna store
DEBUG: executing select(MerchantMember) query
DEBUG: select(MerchantMember) query executed
DEBUG: select(MerchantMember) query executed
DEBUG: MerchantMember role: owner
DEBUG: MerchantMember role: owner
DEBUG: get_current_merchant returning success
DEBUG: get_current_merchant starting for user 20f83eef-9bb6-448d-a69e-7a7b9bf4f957, merchant 28d95cad-a38c-4b1d-9654-f6df5fe49e69
DEBUG: calling db.get(Merchant)
DEBUG: db.get(Merchant) finished: krishna store
DEBUG: executing select(MerchantMember) query
DEBUG: select(MerchantMember) query executed
DEBUG: MerchantMember role: owner
DEBUG: get_current_merchant returning success
DEBUG: get_current_merchant starting for user 20f83eef-9bb6-448d-a69e-7a7b9bf4f957, merchant 28d95cad-a38c-4b1d-9654-f6df5fe49e69
DEBUG: calling db.get(Merchant)
DEBUG: db.get(Merchant) finished: krishna store
DEBUG: executing select(MerchantMember) query
DEBUG: select(MerchantMember) query executed
DEBUG: MerchantMember role: owner
DEBUG: get_current_merchant returning success
DEBUG: get_current_merchant starting for user 20f83eef-9bb6-448d-a69e-7a7b9bf4f957, merchant 28d95cad-a38c-4b1d-9654-f6df5fe49e69
DEBUG: calling db.get(Merchant)
DEBUG: get_current_merchant starting for user 20f83eef-9bb6-448d-a69e-7a7b9bf4f957, merchant 28d95cad-a38c-4b1d-9654-f6df5fe49e69
DEBUG: calling db.get(Merchant)
DEBUG: db.get(Merchant) finished: krishna store
DEBUG: executing select(MerchantMember) query
DEBUG: db.get(Merchant) finished: krishna store
DEBUG: executing select(MerchantMember) query
DEBUG: select(MerchantMember) query executed
DEBUG: MerchantMember role: owner
DEBUG: get_current_merchant returning success
DEBUG: select(MerchantMember) query executed
DEBUG: MerchantMember role: owner
DEBUG: get_current_merchant returning success
DEBUG: get_current_merchant starting for user 20f83eef-9bb6-448d-a69e-7a7b9bf4f957, merchant 28d95cad-a38c-4b1d-9654-f6df5fe49e69
DEBUG: calling db.get(Merchant)
DEBUG: get_current_merchant starting for user 20f83eef-9bb6-448d-a69e-7a7b9bf4f957, merchant 28d95cad-a38c-4b1d-9654-f6df5fe49e69
DEBUG: calling db.get(Merchant)
DEBUG: db.get(Merchant) finished: krishna store
DEBUG: executing select(MerchantMember) query
DEBUG: db.get(Merchant) finished: krishna store
DEBUG: executing select(MerchantMember) query
DEBUG: select(MerchantMember) query executed
DEBUG: MerchantMember role: owner
DEBUG: get_current_merchant returning success
DEBUG: select(MerchantMember) query executed
DEBUG: MerchantMember role: owner
DEBUG: get_current_merchant returning success
DEBUG: get_current_merchant starting for user 20f83eef-9bb6-448d-a69e-7a7b9bf4f957, merchant 28d95cad-a38c-4b1d-9654-f6df5fe49e69
DEBUG: calling db.get(Merchant)
DEBUG: db.get(Merchant) finished: krishna store
DEBUG: executing select(MerchantMember) query
DEBUG: select(MerchantMember) query executed
DEBUG: MerchantMember role: owner
DEBUG: get_current_merchant returning success
DEBUG: get_current_merchant starting for user 20f83eef-9bb6-448d-a69e-7a7b9bf4f957, merchant 28d95cad-a38c-4b1d-9654-f6df5fe49e69
DEBUG: calling db.get(Merchant)
DEBUG: db.get(Merchant) finished: krishna store
DEBUG: executing select(MerchantMember) query
DEBUG: select(MerchantMember) query executed
DEBUG: MerchantMember role: owner
DEBUG: get_current_merchant returning success
DEBUG: get_current_merchant starting for user 20f83eef-9bb6-448d-a69e-7a7b9bf4f957, merchant 28d95cad-a38c-4b1d-9654-f6df5fe49e69
DEBUG: calling db.get(Merchant)
DEBUG: db.get(Merchant) finished: krishna store
DEBUG: executing select(MerchantMember) query
DEBUG: get_current_merchant starting for user 20f83eef-9bb6-448d-a69e-7a7b9bf4f957, merchant 28d95cad-a38c-4b1d-9654-f6df5fe49e69
DEBUG: calling db.get(Merchant)
DEBUG: select(MerchantMember) query executed
DEBUG: MerchantMember role: owner
DEBUG: get_current_merchant returning success
DEBUG: db.get(Merchant) finished: krishna store
DEBUG: executing select(MerchantMember) query
DEBUG: get_current_merchant starting for user 20f83eef-9bb6-448d-a69e-7a7b9bf4f957, merchant 28d95cad-a38c-4b1d-9654-f6df5fe49e69
DEBUG: calling db.get(Merchant)
DEBUG: select(MerchantMember) query executed
DEBUG: MerchantMember role: owner
DEBUG: get_current_merchant returning success
DEBUG: db.get(Merchant) finished: krishna store
DEBUG: executing select(MerchantMember) query
DEBUG: select(MerchantMember) query executed
DEBUG: MerchantMember role: owner
DEBUG: get_current_merchant returning success
DEBUG: get_current_merchant starting for user 20f83eef-9bb6-448d-a69e-7a7b9bf4f957, merchant 28d95cad-a38c-4b1d-9654-f6df5fe49e69
DEBUG: calling db.get(Merchant)
DEBUG: get_current_merchant starting for user 20f83eef-9bb6-448d-a69e-7a7b9bf4f957, merchant 28d95cad-a38c-4b1d-9654-f6df5fe49e69
DEBUG: calling db.get(Merchant)
DEBUG: get_current_merchant starting for user 20f83eef-9bb6-448d-a69e-7a7b9bf4f957, merchant 28d95cad-a38c-4b1d-9654-f6df5fe49e69
DEBUG: calling db.get(Merchant)
DEBUG: db.get(Merchant) finished: krishna store
DEBUG: executing select(MerchantMember) query
DEBUG: db.get(Merchant) finished: krishna store
DEBUG: executing select(MerchantMember) query
DEBUG: db.get(Merchant) finished: krishna store
DEBUG: executing select(MerchantMember) query
DEBUG: select(MerchantMember) query executed
DEBUG: MerchantMember role: owner
DEBUG: get_current_merchant returning success
DEBUG: select(MerchantMember) query executed
DEBUG: MerchantMember role: owner
DEBUG: get_current_merchant returning success
DEBUG: select(MerchantMember) query executed
DEBUG: MerchantMember role: owner
DEBUG: get_current_merchant returning success
DEBUG: get_current_merchant starting for user 20f83eef-9bb6-448d-a69e-7a7b9bf4f957, merchant 28d95cad-a38c-4b1d-9654-f6df5fe49e69
DEBUG: calling db.get(Merchant)
DEBUG: db.get(Merchant) finished: krishna store
DEBUG: executing select(MerchantMember) query
DEBUG: select(MerchantMember) query executed
DEBUG: MerchantMember role: owner
DEBUG: get_current_merchant returning success
DEBUG: get_current_merchant starting for user 20f83eef-9bb6-448d-a69e-7a7b9bf4f957, merchant 28d95cad-a38c-4b1d-9654-f6df5fe49e69
DEBUG: calling db.get(Merchant)
DEBUG: get_current_merchant starting for user 20f83eef-9bb6-448d-a69e-7a7b9bf4f957, merchant 28d95cad-a38c-4b1d-9654-f6df5fe49e69
DEBUG: calling db.get(Merchant)
DEBUG: db.get(Merchant) finished: krishna store
DEBUG: executing select(MerchantMember) query
DEBUG: db.get(Merchant) finished: krishna store
DEBUG: executing select(MerchantMember) query
DEBUG: select(MerchantMember) query executed
20f83eef-9bb6-448d-a69e-7a7b9bf4f957, merchant 28d95cad-a38c-4b1d-9654-f6df5fe49e69
DEBUG: calling db.get(Merchant)
DEBUG: MerchantMember role: owner
DEBUG: get_current_merchant returning success
DEBUG: select(MerchantMember) query executed
DEBUG: MerchantMember role: owner
DEBUG: get_current_merchant returning success
DEBUG: db.get(Merchant) finished: krishna store
DEBUG: executing select(MerchantMember) query
DEBUG: select(MerchantMember) query executed
DEBUG: MerchantMember role: owner
DEBUG: get_current_merchant returning success
DEBUG: get_current_merchant starting for user 20f83eef-9bb6-448d-a69e-7a7b9bf4f957, merchant 28d95cad-a38c-4b1d-9654-f6df5fe49e69
DEBUG: calling db.get(Merchant)
DEBUG: db.get(Merchant) finished: krishna store
DEBUG: executing select(MerchantMember) query
DEBUG: select(MerchantMember) query executed
DEBUG: MerchantMember role: owner
DEBUG: get_current_merchant returning success
DEBUG: get_current_merchant starting for user 20f83eef-9bb6-448d-a69e-7a7b9bf4f957, merchant 28d95cad-a38c-4b1d-9654-f6df5fe49e69
DEBUG: calling db.get(Merchant)
DEBUG: get_current_merchant starting for user 20f83eef-9bb6-448d-a69e-7a7b9bf4f957, merchant 28d95cad-a38c-4b1d-9654-f6df5fe49e69
DEBUG: calling db.get(Merchant)
DEBUG: db.get(Merchant) finished: krishna store
DEBUG: executing select(MerchantMember) query
DEBUG: db.get(Merchant) finished: krishna store
DEBUG: executing select(MerchantMember) query
DEBUG: get_current_merchant starting for user 20f83eef-9bb6-448d-a69e-7a7b9bf4f957, merchant 28d95cad-a38c-4b1d-9654-f6df5fe49e69
DEBUG: calling db.get(Merchant)
DEBUG: select(MerchantMember) query executed
DEBUG: MerchantMember role: owner
DEBUG: get_current_merchant returning success
DEBUG: select(MerchantMember) query executed
DEBUG: MerchantMember role: owner
DEBUG: get_current_merchant returning success
DEBUG: db.get(Merchant) finished: krishna store
DEBUG: executing select(MerchantMember) query
DEBUG: select(MerchantMember) query executed
DEBUG: MerchantMember role: owner
DEBUG: get_current_merchant returning success
DEBUG: get_current_merchant starting for user 20f83eef-9bb6-448d-a69e-7a7b9bf4f957, merchant 28d95cad-a38c-4b1d-9654-f6df5fe49e69
DEBUG: calling db.get(Merchant)
DEBUG: db.get(Merchant) finished: krishna store
DEBUG: executing select(MerchantMember) query
DEBUG: select(MerchantMember) query executed
DEBUG: MerchantMember role: owner
DEBUG: get_current_merchant returning success
DEBUG: get_current_merchant starting for user 20f83eef-9bb6-448d-a69e-7a7b9bf4f957, merchant 28d95cad-a38c-4b1d-9654-f6df5fe49e69
DEBUG: calling db.get(Merchant)
DEBUG: get_current_merchant starting for user 20f83eef-9bb6-448d-a69e-7a7b9bf4f957, merchant 28d95cad-a38c-4b1d-9654-f6df5fe49e69
DEBUG: calling db.get(Merchant)
DEBUG: db.get(Merchant) finished: krishna store
DEBUG: db.get(Merchant) finished: krishna store
DEBUG: executing select(MerchantMember) query
DEBUG: executing select(MerchantMember) query
DEBUG: db.get(Merchant) finished: krishna store
DEBUG: executing select(MerchantMember) query
DEBUG: select(MerchantMember) query executed
DEBUG: select(MerchantMember) query executed
DEBUG: MerchantMember role: owner
DEBUG: MerchantMember role: owner
DEBUG: get_current_merchant returning success
DEBUG: select(MerchantMember) query executed
DEBUG: MerchantMember role: owner
DEBUG: get_current_merchant returning success
DEBUG: get_current_merchant starting for user 20f83eef-9bb6-448d-a69e-7a7b9bf4f957, merchant 28d95cad-a38c-4b1d-9654-f6df5fe49e69
DEBUG: calling db.get(Merchant)
DEBUG: get_current_merchant starting for user 20f83eef-9bb6-448d-a69e-7a7b9bf4f957, merchant 28d95cad-a38c-4b1d-9654-f6df5fe49e69
DEBUG: calling db.get(Merchant)
DEBUG: get_current_merchant starting for user 20f83eef-9bb6-448d-a69e-7a7b9bf4f957, merchant 28d95cad-a38c-4b1d-9654-f6df5fe49e69
DEBUG: calling db.get(Merchant)
DEBUG: get_current_merchant starting for user 20f83eef-9bb6-448d-a69e-7a7b9bf4f957, merchant 28d95cad-a38c-4b1d-9654-f6df5fe49e69
DEBUG: calling db.get(Merchant)
DEBUG: get_current_merchant starting for user 20f83eef-9bb6-448d-a69e-7a7b9bf4f957, merchant 28d95cad-a38c-4b1d-9654-f6df5fe49e69
DEBUG: calling db.get(Merchant)
DEBUG: db.get(Merchant) finished: krishna store
DEBUG: executing select(MerchantMember) query
DEBUG: db.get(Merchant) finished: krishna store
DEBUG: executing select(MerchantMember) query
DEBUG: db.get(Merchant) finished: krishna store
DEBUG: executing select(MerchantMember) query
DEBUG: db.get(Merchant) finished: krishna store
DEBUG: executing select(MerchantMember) query
DEBUG: db.get(Merchant) finished: krishna store
DEBUG: executing select(MerchantMember) query
DEBUG: select(MerchantMember) query executed
DEBUG: select(MerchantMember) query executed
DEBUG: MerchantMember role: owner
DEBUG: MerchantMember role: owner
DEBUG: get_current_merchant returning success
DEBUG: get_current_merchant returning success
DEBUG: select(MerchantMember) query executed
DEBUG: MerchantMember role: owner
DEBUG: get_current_merchant returning success
DEBUG: select(MerchantMember) query executed
DEBUG: MerchantMember role: owner
DEBUG: get_current_merchant returning success
DEBUG: select(MerchantMember) query executed
DEBUG: MerchantMember role: owner
DEBUG: get_current_merchant returning success
DEBUG: get_current_merchant starting for user 5370dd0a-961b-4a33-ab8e-5043e91d4f9b, merchant 710d9e32-a55d-4610-b543-9f25e1661732
DEBUG: calling db.get(Merchant)
DEBUG: db.get(Merchant) finished: Analytics Co
DEBUG: executing select(MerchantMember) query
DEBUG: select(MerchantMember) query executed
DEBUG: MerchantMember role: owner
DEBUG: get_current_merchant returning success
DEBUG: get_current_merchant starting for user f69755a9-fdf1-4a74-9954-92ae3ef6fffb, merchant 2aba64ab-5b6a-41fa-a17c-efac59d9cf4f
DEBUG: calling db.get(Merchant)
DEBUG: db.get(Merchant) finished: Analytics Co
DEBUG: executing select(MerchantMember) query
DEBUG: select(MerchantMember) query executed
DEBUG: MerchantMember role: owner
DEBUG: get_current_merchant returning success
DEBUG: get_current_merchant starting for user d2658dcc-bc10-49dc-b539-edea27877956, merchant baf6896e-a205-4bd2-9ab1-b5607560bb01
DEBUG: calling db.get(Merchant)
DEBUG: db.get(Merchant) finished: Analytics Co
DEBUG: executing select(MerchantMember) query
DEBUG: select(MerchantMember) query executed
DEBUG: MerchantMember role: owner
DEBUG: get_current_merchant returning success
DEBUG: get_current_merchant starting for user 864566bc-d72f-4b11-9d96-30543c308343, merchant 0a935dbd-d259-4569-b9e6-bd0f9ac5780a
DEBUG: calling db.get(Merchant)
DEBUG: db.get(Merchant) finished: Diag
DEBUG: executing select(MerchantMember) query
DEBUG: select(MerchantMember) query executed
DEBUG: MerchantMember role: owner
DEBUG: get_current_merchant returning success
DEBUG: get_current_merchant starting for user cbdd2763-7f62-4cf2-9fe1-f9dd50f81487, merchant 96d290ec-240e-44ba-b9fc-4b83a930a376
DEBUG: calling db.get(Merchant)
DEBUG: db.get(Merchant) finished: Ctx
DEBUG: executing select(MerchantMember) query
DEBUG: select(MerchantMember) query executed
DEBUG: MerchantMember role: owner
DEBUG: get_current_merchant returning success
DEBUG: get_current_merchant starting for user e3f09dde-4b62-48b1-b25c-507271162aaf, merchant eb984884-5f9c-42d0-b870-6c9cf34b6ee1
DEBUG: calling db.get(Merchant)
DEBUG: db.get(Merchant) finished: Other
DEBUG: executing select(MerchantMember) query
DEBUG: select(MerchantMember) query executed
DEBUG: MerchantMember role: None
DEBUG: get_current_merchant got exception: 403: not a member of this merchant
DEBUG: get_current_merchant starting for user 3ffa4cbf-e787-4422-86e7-12015adae394, merchant 5d14900e-20ea-455d-85d2-9cbd8461d2f7
DEBUG: calling db.get(Merchant)
DEBUG: db.get(Merchant) finished: None
DEBUG: get_current_merchant got exception: 404: merchant not found
DEBUG: get_current_merchant starting for user 7a0f549d-aa3b-4936-b125-37405181c808, merchant 82b5d447-c870-46e9-b91c-ceebefea7622
DEBUG: calling db.get(Merchant)
DEBUG: db.get(Merchant) finished: Prod Test
DEBUG: executing select(MerchantMember) query
DEBUG: select(MerchantMember) query executed
DEBUG: MerchantMember role: owner
DEBUG: get_current_merchant returning success
DEBUG: get_current_merchant starting for user d8386604-bb32-4600-a92d-abb4c5fffc37, merchant bf07fd44-63de-4198-b14b-fece6c986aa9
DEBUG: calling db.get(Merchant)
DEBUG: db.get(Merchant) finished: Dup
DEBUG: executing select(MerchantMember) query
DEBUG: select(MerchantMember) query executed
DEBUG: MerchantMember role: owner
DEBUG: get_current_merchant returning success
DEBUG: get_current_merchant starting for user d8386604-bb32-4600-a92d-abb4c5fffc37, merchant bf07fd44-63de-4198-b14b-fece6c986aa9
DEBUG: calling db.get(Merchant)
DEBUG: db.get(Merchant) finished: Dup
DEBUG: executing select(MerchantMember) query
DEBUG: select(MerchantMember) query executed
DEBUG: MerchantMember role: owner
DEBUG: get_current_merchant returning success
DEBUG: get_current_merchant starting for user 09f359a2-9d6f-42a7-9633-4cd9ed1ff862, merchant f8bbcf0b-5263-4d27-bdef-7af2ff236ea0
DEBUG: calling db.get(Merchant)
DEBUG: db.get(Merchant) finished: M1
DEBUG: executing select(MerchantMember) query
DEBUG: select(MerchantMember) query executed
DEBUG: MerchantMember role: owner
DEBUG: get_current_merchant returning success
DEBUG: get_current_merchant starting for user 09f359a2-9d6f-42a7-9633-4cd9ed1ff862, merchant f8bbcf0b-5263-4d27-bdef-7af2ff236ea0
DEBUG: calling db.get(Merchant)
DEBUG: db.get(Merchant) finished: M1
DEBUG: executing select(MerchantMember) query
DEBUG: select(MerchantMember) query executed
DEBUG: MerchantMember role: owner
DEBUG: get_current_merchant returning success
DEBUG: get_current_merchant starting for user 09f359a2-9d6f-42a7-9633-4cd9ed1ff862, merchant 685e9f1f-768c-4d8f-8da3-81aaf1b0f964
DEBUG: calling db.get(Merchant)
DEBUG: db.get(Merchant) finished: M2
DEBUG: executing select(MerchantMember) query
DEBUG: select(MerchantMember) query executed
DEBUG: MerchantMember role: owner
DEBUG: get_current_merchant returning success
DEBUG: get_current_merchant starting for user 09f359a2-9d6f-42a7-9633-4cd9ed1ff862, merchant 685e9f1f-768c-4d8f-8da3-81aaf1b0f964
DEBUG: calling db.get(Merchant)
DEBUG: db.get(Merchant) finished: M2
DEBUG: executing select(MerchantMember) query
DEBUG: select(MerchantMember) query executed
DEBUG: MerchantMember role: owner
DEBUG: get_current_merchant returning success
DEBUG: get_current_merchant starting for user 09f359a2-9d6f-42a7-9633-4cd9ed1ff862, merchant 685e9f1f-768c-4d8f-8da3-81aaf1b0f964
DEBUG: calling db.get(Merchant)
DEBUG: db.get(Merchant) finished: M2
DEBUG: executing select(MerchantMember) query
DEBUG: select(MerchantMember) query executed
DEBUG: MerchantMember role: owner
DEBUG: get_current_merchant returning success
DEBUG: get_current_merchant starting for user 09f359a2-9d6f-42a7-9633-4cd9ed1ff862, merchant f8bbcf0b-5263-4d27-bdef-7af2ff236ea0
DEBUG: calling db.get(Merchant)
DEBUG: db.get(Merchant) finished: M1
DEBUG: executing select(MerchantMember) query
DEBUG: select(MerchantMember) query executed
DEBUG: MerchantMember role: owner
DEBUG: get_current_merchant returning success
DEBUG: get_current_merchant starting for user 7f873ddd-b250-4af7-8d7d-66600aacbc81, merchant 041696e6-2e05-4d47-b22b-0d51cce6a200
DEBUG: calling db.get(Merchant)
DEBUG: db.get(Merchant) finished: Filt
DEBUG: executing select(MerchantMember) query
DEBUG: select(MerchantMember) query executed
DEBUG: MerchantMember role: owner
DEBUG: get_current_merchant returning success
DEBUG: get_current_merchant starting for user 7f873ddd-b250-4af7-8d7d-66600aacbc81, merchant 041696e6-2e05-4d47-b22b-0d51cce6a200
DEBUG: calling db.get(Merchant)
DEBUG: db.get(Merchant) finished: Filt
DEBUG: executing select(MerchantMember) query
DEBUG: select(MerchantMember) query executed
DEBUG: MerchantMember role: owner
DEBUG: get_current_merchant returning success
DEBUG: get_current_merchant starting for user 7f873ddd-b250-4af7-8d7d-66600aacbc81, merchant 041696e6-2e05-4d47-b22b-0d51cce6a200
DEBUG: calling db.get(Merchant)
DEBUG: db.get(Merchant) finished: Filt
DEBUG: executing select(MerchantMember) query
DEBUG: select(MerchantMember) query executed
DEBUG: MerchantMember role: owner
DEBUG: get_current_merchant returning success
DEBUG: get_current_merchant starting for user 7f873ddd-b250-4af7-8d7d-66600aacbc81, merchant 041696e6-2e05-4d47-b22b-0d51cce6a200
DEBUG: calling db.get(Merchant)
DEBUG: db.get(Merchant) finished: Filt
DEBUG: executing select(MerchantMember) query
DEBUG: select(MerchantMember) query executed
DEBUG: MerchantMember role: owner
DEBUG: get_current_merchant returning success
DEBUG: get_current_merchant starting for user 7f873ddd-b250-4af7-8d7d-66600aacbc81, merchant 041696e6-2e05-4d47-b22b-0d51cce6a200
DEBUG: calling db.get(Merchant)
DEBUG: db.get(Merchant) finished: Filt
DEBUG: executing select(MerchantMember) query
DEBUG: select(MerchantMember) query executed
DEBUG: MerchantMember role: owner
DEBUG: get_current_merchant returning success
DEBUG: get_current_merchant starting for user c1807879-deb7-4561-948b-780ccaa42cd3, merchant e204106a-47ac-4a5e-995c-19372c3b80f0
DEBUG: calling db.get(Merchant)
DEBUG: db.get(Merchant) finished: Merchant Alpha
DEBUG: executing select(MerchantMember) query
DEBUG: select(MerchantMember) query executed
DEBUG: MerchantMember role: owner
DEBUG: get_current_merchant returning success
DEBUG: get_current_merchant starting for user c1807879-deb7-4561-948b-780ccaa42cd3, merchant 65215021-f830-4a90-b85f-9970701f0d4e
DEBUG: calling db.get(Merchant)
DEBUG: db.get(Merchant) finished: Merchant Beta
DEBUG: executing select(MerchantMember) query
DEBUG: select(MerchantMember) query executed
DEBUG: MerchantMember role: owner
DEBUG: get_current_merchant returning success
DEBUG: get_current_merchant starting for user 99fc800c-64b5-4e9b-a506-79d403282497, merchant 68331c21-42fd-4b22-94c6-e51ae7d34135
DEBUG: calling db.get(Merchant)
DEBUG: db.get(Merchant) finished: Update Test
DEBUG: executing select(MerchantMember) query
DEBUG: select(MerchantMember) query executed
DEBUG: MerchantMember role: owner
DEBUG: get_current_merchant returning success
DEBUG: get_current_merchant starting for user 99fc800c-64b5-4e9b-a506-79d403282497, merchant 68331c21-42fd-4b22-94c6-e51ae7d34135
DEBUG: calling db.get(Merchant)
DEBUG: db.get(Merchant) finished: Update Test
DEBUG: executing select(MerchantMember) query
DEBUG: select(MerchantMember) query executed
DEBUG: MerchantMember role: owner
DEBUG: get_current_merchant returning success
DEBUG: get_current_merchant starting for user ed4c279f-2e5a-4cef-8dbb-720480a70887, merchant 3cacc7f7-fae3-475c-a74e-e236099d36d1
DEBUG: calling db.get(Merchant)
DEBUG: db.get(Merchant) finished: Archive Test
DEBUG: executing select(MerchantMember) query
DEBUG: select(MerchantMember) query executed
DEBUG: MerchantMember role: owner
DEBUG: get_current_merchant returning success
DEBUG: get_current_merchant starting for user ed4c279f-2e5a-4cef-8dbb-720480a70887, merchant 3cacc7f7-fae3-475c-a74e-e236099d36d1
DEBUG: calling db.get(Merchant)
DEBUG: db.get(Merchant) finished: Archive Test
DEBUG: executing select(MerchantMember) query
DEBUG: select(MerchantMember) query executed
DEBUG: MerchantMember role: owner
DEBUG: get_current_merchant returning success
DEBUG: get_current_merchant starting for user ed4c279f-2e5a-4cef-8dbb-720480a70887, merchant 3cacc7f7-fae3-475c-a74e-e236099d36d1
DEBUG: calling db.get(Merchant)
DEBUG: db.get(Merchant) finished: Archive Test
DEBUG: executing select(MerchantMember) query
DEBUG: select(MerchantMember) query executed
DEBUG: MerchantMember role: owner
DEBUG: get_current_merchant returning success
DEBUG: get_current_merchant starting for user 21bd0c3c-3be2-4e61-b34f-e6de059c5a38, merchant c4b52670-a0a7-4c93-88aa-cbaef488ebef
DEBUG: calling db.get(Merchant)
DEBUG: db.get(Merchant) finished: Publish Test
DEBUG: executing select(MerchantMember) query
DEBUG: select(MerchantMember) query executed
DEBUG: MerchantMember role: owner
DEBUG: get_current_merchant returning success
DEBUG: get_current_merchant starting for user 21bd0c3c-3be2-4e61-b34f-e6de059c5a38, merchant c4b52670-a0a7-4c93-88aa-cbaef488ebef
DEBUG: calling db.get(Merchant)
DEBUG: db.get(Merchant) finished: Publish Test
DEBUG: executing select(MerchantMember) query
DEBUG: select(MerchantMember) query executed
DEBUG: MerchantMember role: owner
DEBUG: get_current_merchant returning success
DEBUG: get_current_merchant starting for user 9f095c13-0296-4a0b-8ac9-ea82b14a3a97, merchant 3ff45f11-c0fd-43f5-9304-ed9aa4da581f
DEBUG: calling db.get(Merchant)
DEBUG: db.get(Merchant) finished: Archived Test
DEBUG: executing select(MerchantMember) query
DEBUG: select(MerchantMember) query executed
DEBUG: MerchantMember role: owner
DEBUG: get_current_merchant returning success
DEBUG: get_current_merchant starting for user 9f095c13-0296-4a0b-8ac9-ea82b14a3a97, merchant 3ff45f11-c0fd-43f5-9304-ed9aa4da581f
DEBUG: calling db.get(Merchant)
DEBUG: db.get(Merchant) finished: Archived Test
DEBUG: executing select(MerchantMember) query
DEBUG: select(MerchantMember) query executed
DEBUG: MerchantMember role: owner
DEBUG: get_current_merchant returning success
DEBUG: get_current_merchant starting for user 9f095c13-0296-4a0b-8ac9-ea82b14a3a97, merchant 3ff45f11-c0fd-43f5-9304-ed9aa4da581f
DEBUG: calling db.get(Merchant)
DEBUG: db.get(Merchant) finished: Archived Test
DEBUG: executing select(MerchantMember) query
DEBUG: select(MerchantMember) query executed
DEBUG: MerchantMember role: owner
DEBUG: get_current_merchant returning success
DEBUG: get_current_merchant starting for user 3a1437ff-e3cd-4c36-8c84-fcf87c1d3651, merchant 7a9de2f2-e378-4659-b1a5-75ad4149b678
DEBUG: calling db.get(Merchant)
DEBUG: db.get(Merchant) finished: External Links
DEBUG: executing select(MerchantMember) query
DEBUG: select(MerchantMember) query executed
DEBUG: MerchantMember role: owner
DEBUG: get_current_merchant returning success
DEBUG: get_current_merchant starting for user 3a1437ff-e3cd-4c36-8c84-fcf87c1d3651, merchant 7a9de2f2-e378-4659-b1a5-75ad4149b678
DEBUG: calling db.get(Merchant)
DEBUG: db.get(Merchant) finished: External Links
DEBUG: executing select(MerchantMember) query
DEBUG: select(MerchantMember) query executed
DEBUG: MerchantMember role: owner
DEBUG: get_current_merchant returning success
DEBUG: get_current_merchant starting for user 3a1437ff-e3cd-4c36-8c84-fcf87c1d3651, merchant 7a9de2f2-e378-4659-b1a5-75ad4149b678
DEBUG: calling db.get(Merchant)
DEBUG: db.get(Merchant) finished: External Links
DEBUG: executing select(MerchantMember) query
DEBUG: select(MerchantMember) query executed
DEBUG: MerchantMember role: owner
DEBUG: get_current_merchant returning success
DEBUG: get_current_merchant starting for user f05842d5-8b80-46ce-9ead-95304d5a1275, merchant ed8dd344-3b79-4709-8f2d-b07714292f9e
DEBUG: calling db.get(Merchant)
DEBUG: db.get(Merchant) finished: Update Links
DEBUG: executing select(MerchantMember) query
DEBUG: select(MerchantMember) query executed
DEBUG: MerchantMember role: owner
DEBUG: get_current_merchant returning success
DEBUG: get_current_merchant starting for user f05842d5-8b80-46ce-9ead-95304d5a1275, merchant ed8dd344-3b79-4709-8f2d-b07714292f9e
DEBUG: calling db.get(Merchant)
DEBUG: db.get(Merchant) finished: Update Links
DEBUG: executing select(MerchantMember) query
DEBUG: select(MerchantMember) query executed
DEBUG: MerchantMember role: owner
DEBUG: get_current_merchant returning success
DEBUG: get_current_merchant starting for user f05842d5-8b80-46ce-9ead-95304d5a1275, merchant ed8dd344-3b79-4709-8f2d-b07714292f9e
DEBUG: calling db.get(Merchant)
DEBUG: db.get(Merchant) finished: Update Links
DEBUG: executing select(MerchantMember) query
DEBUG: select(MerchantMember) query executed
DEBUG: MerchantMember role: owner
DEBUG: get_current_merchant returning success
DEBUG: get_current_merchant starting for user 05360b7e-4c56-445f-890b-05faad7986cc, merchant fd690404-eb38-4937-80a5-4f7328a8b936
DEBUG: calling db.get(Merchant)
DEBUG: db.get(Merchant) finished: Delete Links
DEBUG: executing select(MerchantMember) query
DEBUG: select(MerchantMember) query executed
DEBUG: MerchantMember role: owner
DEBUG: get_current_merchant returning success
DEBUG: get_current_merchant starting for user 05360b7e-4c56-445f-890b-05faad7986cc, merchant fd690404-eb38-4937-80a5-4f7328a8b936
DEBUG: calling db.get(Merchant)
DEBUG: db.get(Merchant) finished: Delete Links
DEBUG: executing select(MerchantMember) query
DEBUG: select(MerchantMember) query executed
DEBUG: MerchantMember role: owner
DEBUG: get_current_merchant returning success
DEBUG: get_current_merchant starting for user 05360b7e-4c56-445f-890b-05faad7986cc, merchant fd690404-eb38-4937-80a5-4f7328a8b936
DEBUG: calling db.get(Merchant)
DEBUG: db.get(Merchant) finished: Delete Links
DEBUG: executing select(MerchantMember) query
DEBUG: select(MerchantMember) query executed
DEBUG: MerchantMember role: owner
DEBUG: get_current_merchant returning success
DEBUG: get_current_merchant starting for user 05360b7e-4c56-445f-890b-05faad7986cc, merchant fd690404-eb38-4937-80a5-4f7328a8b936
DEBUG: calling db.get(Merchant)
DEBUG: db.get(Merchant) finished: Delete Links
DEBUG: executing select(MerchantMember) query
DEBUG: select(MerchantMember) query executed
DEBUG: MerchantMember role: owner
DEBUG: get_current_merchant returning success
DEBUG: get_current_merchant starting for user 8a138d1b-bcd0-465f-ab6f-50110c8ebb69, merchant acb78005-b63f-4359-80e7-dddc83ad2aed
DEBUG: calling db.get(Merchant)
DEBUG: db.get(Merchant) finished: Alpha Org
DEBUG: executing select(MerchantMember) query
DEBUG: select(MerchantMember) query executed
DEBUG: MerchantMember role: owner
DEBUG: get_current_merchant returning success
DEBUG: get_current_merchant starting for user 8a138d1b-bcd0-465f-ab6f-50110c8ebb69, merchant 7ce89e5f-513f-48ee-8897-8f0110894eed
DEBUG: calling db.get(Merchant)
DEBUG: db.get(Merchant) finished: Beta Org
DEBUG: executing select(MerchantMember) query
DEBUG: select(MerchantMember) query executed
DEBUG: MerchantMember role: owner
DEBUG: get_current_merchant returning success
DEBUG: get_current_merchant starting for user 7d6300ef-c0a8-4fdc-85f3-e9bbfab10e19, merchant a5fb5048-0f82-4321-9537-afc61be3f771
DEBUG: calling db.get(Merchant)
DEBUG: db.get(Merchant) finished: No Onboard Co
DEBUG: executing select(MerchantMember) query
DEBUG: select(MerchantMember) query executed
DEBUG: MerchantMember role: owner
DEBUG: get_current_merchant returning success
DEBUG: get_current_merchant starting for user 66df5a0b-4cdb-46f0-b912-51de4771cc0a, merchant 0ce0581c-bd5b-4736-a148-b348b6156a24
DEBUG: calling db.get(Merchant)
DEBUG: db.get(Merchant) finished: Foreign
DEBUG: executing select(MerchantMember) query
DEBUG: select(MerchantMember) query executed
DEBUG: MerchantMember role: None
DEBUG: get_current_merchant got exception: 403: not a member of this merchant
DEBUG: get_current_merchant starting for user 9a2aa189-a818-4cd1-8453-bb035015f863, merchant fc159537-fc2c-47d5-b3dd-8b091eb664a2
DEBUG: calling db.get(Merchant)
DEBUG: db.get(Merchant) finished: Patch
DEBUG: executing select(MerchantMember) query
DEBUG: select(MerchantMember) query executed
DEBUG: MerchantMember role: staff
DEBUG: get_current_merchant returning success
DEBUG: get_current_merchant starting for user 37586c11-350c-4f42-b4d0-53512dbf8bd9, merchant 80a3c429-b35a-4fb5-abde-02e704a67bc6
DEBUG: calling db.get(Merchant)
DEBUG: db.get(Merchant) finished: Team Test
DEBUG: executing select(MerchantMember) query
DEBUG: select(MerchantMember) query executed
DEBUG: MerchantMember role: owner
DEBUG: get_current_merchant returning success
DEBUG: get_current_merchant starting for user e7686d01-1363-4764-8ca2-405893cc329d, merchant ad5a5d7d-a585-4dd3-b4e5-0b51bbd084ab
DEBUG: calling db.get(Merchant)
DEBUG: db.get(Merchant) finished: Inv Test
DEBUG: executing select(MerchantMember) query
DEBUG: select(MerchantMember) query executed
DEBUG: MerchantMember role: owner
DEBUG: get_current_merchant returning success
DEBUG: get_current_merchant starting for user c76a5b03-47c8-4261-a3e8-16c84f117387, merchant d8098948-dc46-4acf-8903-cf842ac1852d
DEBUG: calling db.get(Merchant)
DEBUG: db.get(Merchant) finished: Unk
DEBUG: executing select(MerchantMember) query
DEBUG: select(MerchantMember) query executed
DEBUG: MerchantMember role: owner
DEBUG: get_current_merchant returning success
DEBUG: get_current_merchant starting for user 4acaec9a-4d16-4764-9f71-4a8ba1e3a562, merchant 1711ab38-4e64-45c9-b253-3067abdbfc28
DEBUG: calling db.get(Merchant)
DEBUG: db.get(Merchant) finished: Role Test
DEBUG: executing select(MerchantMember) query
DEBUG: select(MerchantMember) query executed
DEBUG: MerchantMember role: owner
DEBUG: get_current_merchant returning success
DEBUG: get_current_merchant starting for user 5eec8c76-7f54-4a14-9f32-b2220afb09a7, merchant 1711ab38-4e64-45c9-b253-3067abdbfc28
DEBUG: calling db.get(Merchant)
DEBUG: db.get(Merchant) finished: Role Test
DEBUG: executing select(MerchantMember) query
DEBUG: select(MerchantMember) query executed
DEBUG: MerchantMember role: admin
DEBUG: get_current_merchant returning success
DEBUG: get_current_merchant starting for user 5eec8c76-7f54-4a14-9f32-b2220afb09a7, merchant 1711ab38-4e64-45c9-b253-3067abdbfc28
DEBUG: calling db.get(Merchant)
DEBUG: db.get(Merchant) finished: Role Test
DEBUG: executing select(MerchantMember) query
DEBUG: select(MerchantMember) query executed
DEBUG: MerchantMember role: admin
DEBUG: get_current_merchant returning success
DEBUG: get_current_merchant starting for user b30534fe-a81a-4310-8f58-08c3825fcbbf, merchant ecf777dd-d635-4dbd-8c2f-4829674c9c82
DEBUG: calling db.get(Merchant)
DEBUG: db.get(Merchant) finished: Self
DEBUG: executing select(MerchantMember) query
DEBUG: select(MerchantMember) query executed
DEBUG: MerchantMember role: owner
DEBUG: get_current_merchant returning success
DEBUG: get_current_merchant starting for user 38b34632-5e15-4da5-b7e2-94cf9836d0b2, merchant a9537294-12b9-479a-acad-fffc1a764b5d
DEBUG: calling db.get(Merchant)
DEBUG: db.get(Merchant) finished: Wallet Read
DEBUG: executing select(MerchantMember) query
DEBUG: select(MerchantMember) query executed
DEBUG: MerchantMember role: owner
DEBUG: get_current_merchant returning success
DEBUG: get_current_merchant starting for user 227a03a7-6606-45a0-a803-d4379765ab85, merchant 95f2aed7-ff2e-495b-9b6d-30d1f2c41c7c
DEBUG: calling db.get(Merchant)
DEBUG: db.get(Merchant) finished: Txn List
DEBUG: executing select(MerchantMember) query
DEBUG: select(MerchantMember) query executed
DEBUG: MerchantMember role: owner
DEBUG: get_current_merchant returning success
DEBUG: get_current_merchant starting for user c3131e3c-2b99-4b4a-9ef1-c2ba8484555e, merchant b2166e4d-769e-4e30-b967-e23ae3836e66
DEBUG: calling db.get(Merchant)
DEBUG: db.get(Merchant) finished: Threshold Test
DEBUG: executing select(MerchantMember) query
DEBUG: select(MerchantMember) query executed
DEBUG: MerchantMember role: owner
DEBUG: get_current_merchant returning success
DEBUG: get_current_merchant starting for user 42073d8a-a438-41d1-8067-aa8df631d018, merchant 2896f9c8-bf32-4b98-a373-e2ad9e9234b2
DEBUG: calling db.get(Merchant)
DEBUG: db.get(Merchant) finished: Intent Test
DEBUG: executing select(MerchantMember) query
DEBUG: select(MerchantMember) query executed
DEBUG: MerchantMember role: owner
DEBUG: get_current_merchant returning success
DEBUG: get_current_merchant starting for user 0eb82ac0-3059-45e2-80e2-499d4c35aaff, merchant 6e835a2a-1c8e-4c26-85dc-4f3d796fc44a
DEBUG: calling db.get(Merchant)
DEBUG: db.get(Merchant) finished: Confirm Test
DEBUG: executing select(MerchantMember) query
DEBUG: select(MerchantMember) query executed
DEBUG: MerchantMember role: owner
DEBUG: get_current_merchant returning success
DEBUG: get_current_merchant starting for user ecb660f9-bee1-4d5b-802f-c6d8892250b6, merchant a5fd1e08-07be-4abe-8716-dbdc9258cbca
DEBUG: calling db.get(Merchant)
DEBUG: db.get(Merchant) finished: Idem Test
DEBUG: executing select(MerchantMember) query
DEBUG: select(MerchantMember) query executed
DEBUG: MerchantMember role: owner
DEBUG: get_current_merchant returning success
DEBUG: get_current_merchant starting for user ad0193c2-d942-4188-a2a2-67baf8d5a2a4, merchant 5cc9be96-46ae-4d75-a658-fc30e0714e9b
DEBUG: calling db.get(Merchant)
DEBUG: db.get(Merchant) finished: Bad Sig
DEBUG: executing select(MerchantMember) query
DEBUG: select(MerchantMember) query executed
DEBUG: MerchantMember role: owner
DEBUG: get_current_merchant returning success
DEBUG: get_current_merchant starting for user 1de34d94-6969-4cea-88be-d46bad252b0e, merchant 57818857-f877-4b58-831f-ca396bd21296
DEBUG: calling db.get(Merchant)
DEBUG: db.get(Merchant) finished: Publish Gate
DEBUG: executing select(MerchantMember) query
DEBUG: select(MerchantMember) query executed
DEBUG: MerchantMember role: owner
DEBUG: get_current_merchant returning success
DEBUG: get_current_merchant starting for user 1de34d94-6969-4cea-88be-d46bad252b0e, merchant 57818857-f877-4b58-831f-ca396bd21296
DEBUG: calling db.get(Merchant)
DEBUG: db.get(Merchant) finished: Publish Gate
DEBUG: executing select(MerchantMember) query
DEBUG: select(MerchantMember) query executed
DEBUG: MerchantMember role: owner
DEBUG: get_current_merchant returning success
DEBUG: get_current_merchant starting for user 1de34d94-6969-4cea-88be-d46bad252b0e, merchant 57818857-f877-4b58-831f-ca396bd21296
DEBUG: calling db.get(Merchant)
DEBUG: db.get(Merchant) finished: Publish Gate
DEBUG: executing select(MerchantMember) query
DEBUG: select(MerchantMember) query executed
DEBUG: MerchantMember role: owner
DEBUG: get_current_merchant returning success
DEBUG: get_current_merchant starting for user bfce5f47-aa69-4966-8176-2f5805304503, merchant 4697941d-d27c-42f4-b7cf-7e720eae1585
DEBUG: calling db.get(Merchant)
DEBUG: db.get(Merchant) finished: Wallet Read
DEBUG: executing select(MerchantMember) query
DEBUG: select(MerchantMember) query executed
DEBUG: MerchantMember role: owner
DEBUG: get_current_merchant returning success
DEBUG: get_current_merchant starting for user 37ef3354-c160-434d-b98d-e7534c3c87f1, merchant 1f4c5c22-439b-4f19-a595-3428fde87402
DEBUG: calling db.get(Merchant)
DEBUG: db.get(Merchant) finished: Txn List
DEBUG: executing select(MerchantMember) query
DEBUG: select(MerchantMember) query executed
DEBUG: MerchantMember role: owner
DEBUG: get_current_merchant returning success
DEBUG: get_current_merchant starting for user 3ea5a2ee-2ce7-4fae-9c9a-bef9ff4a5ea3, merchant 655b2b96-6fc7-4148-959b-539983252087
DEBUG: calling db.get(Merchant)
DEBUG: db.get(Merchant) finished: Threshold Test
DEBUG: executing select(MerchantMember) query
DEBUG: select(MerchantMember) query executed
DEBUG: MerchantMember role: owner
DEBUG: get_current_merchant returning success
DEBUG: get_current_merchant starting for user 4d86ce27-c8b9-4274-be38-afba56c0708a, merchant 8850123e-ac9a-40bb-a258-8e52815d48fe
DEBUG: calling db.get(Merchant)
DEBUG: db.get(Merchant) finished: Intent Test
DEBUG: executing select(MerchantMember) query
DEBUG: select(MerchantMember) query executed
DEBUG: MerchantMember role: owner
DEBUG: get_current_merchant returning success
DEBUG: get_current_merchant starting for user 88593707-f961-419e-a0bc-86a79403e328, merchant 9712c2d0-ac64-4367-bb9c-96b616d134ad
DEBUG: calling db.get(Merchant)
DEBUG: db.get(Merchant) finished: Confirm Test
DEBUG: executing select(MerchantMember) query
DEBUG: select(MerchantMember) query executed
DEBUG: MerchantMember role: owner
DEBUG: get_current_merchant returning success
DEBUG: get_current_merchant starting for user b5c9893b-5d39-46cb-873e-a0186a726bc6, merchant 0bb866c1-11d1-4818-8548-5679dce5b57b
DEBUG: calling db.get(Merchant)
DEBUG: db.get(Merchant) finished: Idem Test
DEBUG: executing select(MerchantMember) query
DEBUG: select(MerchantMember) query executed
DEBUG: MerchantMember role: owner
DEBUG: get_current_merchant returning success
DEBUG: get_current_merchant starting for user 6c3c8818-d15d-4aaa-a4c9-bd2d06a36951, merchant 15004170-d5c1-4493-b03d-55da0601cf68
DEBUG: calling db.get(Merchant)
DEBUG: db.get(Merchant) finished: Bad Sig
DEBUG: executing select(MerchantMember) query
DEBUG: select(MerchantMember) query executed
DEBUG: MerchantMember role: owner
DEBUG: get_current_merchant returning success
DEBUG: get_current_merchant starting for user 8cc5bc03-4c2b-4b4a-b58a-160133091f90, merchant b3b7e268-fddc-4389-86b1-fb03f5f38877
DEBUG: calling db.get(Merchant)
DEBUG: db.get(Merchant) finished: Publish Gate
DEBUG: executing select(MerchantMember) query
DEBUG: select(MerchantMember) query executed
DEBUG: MerchantMember role: owner
DEBUG: get_current_merchant returning success
DEBUG: get_current_merchant starting for user 8cc5bc03-4c2b-4b4a-b58a-160133091f90, merchant b3b7e268-fddc-4389-86b1-fb03f5f38877
DEBUG: calling db.get(Merchant)
DEBUG: db.get(Merchant) finished: Publish Gate
DEBUG: executing select(MerchantMember) query
DEBUG: select(MerchantMember) query executed
DEBUG: MerchantMember role: owner
DEBUG: get_current_merchant returning success
DEBUG: get_current_merchant starting for user 8cc5bc03-4c2b-4b4a-b58a-160133091f90, merchant b3b7e268-fddc-4389-86b1-fb03f5f38877
DEBUG: calling db.get(Merchant)
DEBUG: db.get(Merchant) finished: Publish Gate
DEBUG: executing select(MerchantMember) query
DEBUG: select(MerchantMember) query executed
DEBUG: MerchantMember role: owner
DEBUG: get_current_merchant returning success
DEBUG: get_current_merchant starting for user c418250b-724e-431e-b52b-5abfff33fb8e, merchant 53f94f64-963f-42c2-8381-7ac15bc766a4
DEBUG: calling db.get(Merchant)
DEBUG: db.get(Merchant) finished: Merchant B
DEBUG: executing select(MerchantMember) query
DEBUG: select(MerchantMember) query executed
DEBUG: MerchantMember role: owner
DEBUG: get_current_merchant returning success
DEBUG: get_current_merchant starting for user c418250b-724e-431e-b52b-5abfff33fb8e, merchant f2fe1f46-fd50-4d4a-b8e9-d379f8e4787c
DEBUG: calling db.get(Merchant)
DEBUG: db.get(Merchant) finished: Merchant A
DEBUG: executing select(MerchantMember) query
DEBUG: select(MerchantMember) query executed
DEBUG: MerchantMember role: owner
DEBUG: get_current_merchant returning success
DEBUG: get_current_merchant starting for user c418250b-724e-431e-b52b-5abfff33fb8e, merchant f2fe1f46-fd50-4d4a-b8e9-d379f8e4787c
DEBUG: calling db.get(Merchant)
DEBUG: db.get(Merchant) finished: Merchant A
DEBUG: executing select(MerchantMember) query
DEBUG: select(MerchantMember) query executed
DEBUG: MerchantMember role: owner
DEBUG: get_current_merchant returning success
DEBUG: get_current_merchant starting for user c418250b-724e-431e-b52b-5abfff33fb8e, merchant 53f94f64-963f-42c2-8381-7ac15bc766a4
DEBUG: calling db.get(Merchant)
DEBUG: db.get(Merchant) finished: Merchant B
DEBUG: executing select(MerchantMember) query
DEBUG: select(MerchantMember) query executed
DEBUG: MerchantMember role: owner
DEBUG: get_current_merchant returning success
DEBUG: get_current_merchant starting for user 4a4e5d6e-7410-45aa-8ea2-84e4df8e4a38, merchant 603f455c-8320-46ae-890d-dac2671976d8
DEBUG: calling db.get(Merchant)
DEBUG: db.get(Merchant) finished: Wallet Read
DEBUG: executing select(MerchantMember) query
DEBUG: select(MerchantMember) query executed
DEBUG: MerchantMember role: owner
DEBUG: get_current_merchant returning success
DEBUG: get_current_merchant starting for user c5350c89-b466-45ad-b839-2b3c4cd37ae8, merchant af1a10b5-687d-4ca8-b71c-628ddc9e61e4
DEBUG: calling db.get(Merchant)
DEBUG: db.get(Merchant) finished: Txn List
DEBUG: executing select(MerchantMember) query
DEBUG: select(MerchantMember) query executed
DEBUG: MerchantMember role: owner
DEBUG: get_current_merchant returning success
DEBUG: get_current_merchant starting for user 4016f191-c458-435e-8b20-a0fe47b2053e, merchant 2a431ec4-c217-44ef-bfd9-b47b2fd3c373
DEBUG: calling db.get(Merchant)
DEBUG: db.get(Merchant) finished: Threshold Test
DEBUG: executing select(MerchantMember) query
DEBUG: select(MerchantMember) query executed
DEBUG: MerchantMember role: owner
DEBUG: get_current_merchant returning success
DEBUG: get_current_merchant starting for user bee81e0a-c224-4bdd-a51f-ef3200769ab8, merchant d8ee5ada-3253-4b4c-8b24-860a0ef85e23
DEBUG: calling db.get(Merchant)
DEBUG: db.get(Merchant) finished: Intent Test
DEBUG: executing select(MerchantMember) query
DEBUG: select(MerchantMember) query executed
DEBUG: MerchantMember role: owner
DEBUG: get_current_merchant returning success
DEBUG: get_current_merchant starting for user 87d57a3f-2183-4731-8176-ece14e2f43b9, merchant a9433f7a-1d77-43af-b8ce-17d584b1fb36
DEBUG: calling db.get(Merchant)
DEBUG: db.get(Merchant) finished: Confirm Test
DEBUG: executing select(MerchantMember) query
DEBUG: select(MerchantMember) query executed
DEBUG: MerchantMember role: owner
DEBUG: get_current_merchant returning success
DEBUG: get_current_merchant starting for user 0626c1ef-f153-4684-ac56-0b9bd01cc8d6, merchant f124986a-5516-4331-a092-a4b12d7bf7fc
DEBUG: calling db.get(Merchant)
DEBUG: db.get(Merchant) finished: Idem Test
DEBUG: executing select(MerchantMember) query
DEBUG: select(MerchantMember) query executed
DEBUG: MerchantMember role: owner
DEBUG: get_current_merchant returning success
DEBUG: get_current_merchant starting for user 31faa3bd-3935-4b85-9761-51978d0fc060, merchant 3d189103-1743-4282-90c7-e166922ebcad
DEBUG: calling db.get(Merchant)
DEBUG: db.get(Merchant) finished: Bad Sig
DEBUG: executing select(MerchantMember) query
DEBUG: select(MerchantMember) query executed
DEBUG: MerchantMember role: owner
DEBUG: get_current_merchant returning success
DEBUG: get_current_merchant starting for user 796c574e-61b0-42e0-8463-f04022443d4f, merchant de06064a-78ba-4c84-b460-de8766935057
DEBUG: calling db.get(Merchant)
DEBUG: db.get(Merchant) finished: Publish Gate
DEBUG: executing select(MerchantMember) query
DEBUG: select(MerchantMember) query executed
DEBUG: MerchantMember role: owner
DEBUG: get_current_merchant returning success
DEBUG: get_current_merchant starting for user 796c574e-61b0-42e0-8463-f04022443d4f, merchant de06064a-78ba-4c84-b460-de8766935057
DEBUG: calling db.get(Merchant)
DEBUG: db.get(Merchant) finished: Publish Gate
DEBUG: executing select(MerchantMember) query
DEBUG: select(MerchantMember) query executed
DEBUG: MerchantMember role: owner
DEBUG: get_current_merchant returning success
DEBUG: get_current_merchant starting for user 796c574e-61b0-42e0-8463-f04022443d4f, merchant de06064a-78ba-4c84-b460-de8766935057
DEBUG: calling db.get(Merchant)
DEBUG: db.get(Merchant) finished: Publish Gate
DEBUG: executing select(MerchantMember) query
DEBUG: select(MerchantMember) query executed
DEBUG: MerchantMember role: owner
DEBUG: get_current_merchant returning success
DEBUG: get_current_merchant starting for user 39b8a749-7821-4abd-a6b7-ed5b3e8459b9, merchant 5e29022d-72c0-44c5-a353-9ddebb076a46
DEBUG: calling db.get(Merchant)
DEBUG: db.get(Merchant) finished: History Test
DEBUG: executing select(MerchantMember) query
DEBUG: select(MerchantMember) query executed
DEBUG: MerchantMember role: owner
DEBUG: get_current_merchant returning success
DEBUG: get_current_merchant starting for user 5c97401f-0c0d-42ae-a674-3768d44e588c, merchant 4cbf8a1f-1087-41cd-9412-10a54c67dc55
DEBUG: calling db.get(Merchant)
DEBUG: db.get(Merchant) finished: Merchant B
DEBUG: executing select(MerchantMember) query
DEBUG: select(MerchantMember) query executed
DEBUG: MerchantMember role: owner
DEBUG: get_current_merchant returning success
DEBUG: get_current_merchant starting for user 5c97401f-0c0d-42ae-a674-3768d44e588c, merchant 2692e34e-863a-4dc1-b9dc-98cd1864a9c7
DEBUG: calling db.get(Merchant)
DEBUG: db.get(Merchant) finished: Merchant A
DEBUG: executing select(MerchantMember) query
DEBUG: select(MerchantMember) query executed
DEBUG: MerchantMember role: owner
DEBUG: get_current_merchant returning success
DEBUG: get_current_merchant starting for user 5c97401f-0c0d-42ae-a674-3768d44e588c, merchant 2692e34e-863a-4dc1-b9dc-98cd1864a9c7
DEBUG: calling db.get(Merchant)
DEBUG: db.get(Merchant) finished: Merchant A
DEBUG: executing select(MerchantMember) query
DEBUG: select(MerchantMember) query executed
DEBUG: MerchantMember role: owner
DEBUG: get_current_merchant returning success
DEBUG: get_current_merchant starting for user 5c97401f-0c0d-42ae-a674-3768d44e588c, merchant 4cbf8a1f-1087-41cd-9412-10a54c67dc55
DEBUG: calling db.get(Merchant)
DEBUG: db.get(Merchant) finished: Merchant B
DEBUG: executing select(MerchantMember) query
DEBUG: select(MerchantMember) query executed
DEBUG: MerchantMember role: owner
DEBUG: get_current_merchant returning success
DEBUG: get_current_merchant starting for user 5387ee9a-b503-4510-8351-e1d2a12f4f9f, merchant d00cc7be-4671-422f-9cdb-a506ae9fee2b
DEBUG: calling db.get(Merchant)
DEBUG: db.get(Merchant) finished: Wallet Read
DEBUG: executing select(MerchantMember) query
DEBUG: select(MerchantMember) query executed
DEBUG: MerchantMember role: owner
DEBUG: get_current_merchant returning success
DEBUG: get_current_merchant starting for user 9ee95be6-9183-4352-be05-1e98df279b42, merchant b341c5ee-6b03-472a-9840-bfcb9111b043
DEBUG: calling db.get(Merchant)
DEBUG: db.get(Merchant) finished: Txn List
DEBUG: executing select(MerchantMember) query
DEBUG: select(MerchantMember) query executed
DEBUG: MerchantMember role: owner
DEBUG: get_current_merchant returning success
DEBUG: get_current_merchant starting for user acf7893f-6975-49d9-9dad-23179af06681, merchant c9f969da-f870-474a-9015-4f47dccbe663
DEBUG: calling db.get(Merchant)
DEBUG: db.get(Merchant) finished: Threshold Test
DEBUG: executing select(MerchantMember) query
DEBUG: select(MerchantMember) query executed
DEBUG: MerchantMember role: owner
DEBUG: get_current_merchant returning success
DEBUG: get_current_merchant starting for user c9f4d969-83ad-476d-88f0-b78fd50e1858, merchant 6842cddb-4046-4155-a8ef-bb710016d707
DEBUG: calling db.get(Merchant)
DEBUG: db.get(Merchant) finished: Intent Test
DEBUG: executing select(MerchantMember) query
DEBUG: select(MerchantMember) query executed
DEBUG: MerchantMember role: owner
DEBUG: get_current_merchant returning success
DEBUG: get_current_merchant starting for user a2050f3b-ec9b-405f-8fe8-f400ee132b54, merchant 4800ac8b-9c43-464a-a00f-dbd42a2a4141
DEBUG: calling db.get(Merchant)
DEBUG: db.get(Merchant) finished: Confirm Test
DEBUG: executing select(MerchantMember) query
DEBUG: select(MerchantMember) query executed
DEBUG: MerchantMember role: owner
DEBUG: get_current_merchant returning success
DEBUG: get_current_merchant starting for user 6fcd6b01-8886-4034-a659-e8542f8cfdff, merchant e76cd4ee-7a02-46dd-b86f-7e128ab4e662
DEBUG: calling db.get(Merchant)
DEBUG: db.get(Merchant) finished: Idem Test
DEBUG: executing select(MerchantMember) query
DEBUG: select(MerchantMember) query executed
DEBUG: MerchantMember role: owner
DEBUG: get_current_merchant returning success
DEBUG: get_current_merchant starting for user 40b488b7-aaec-48b7-bc01-9b5f220b605a, merchant 47aaf45a-9ceb-4ba8-bc8d-f4e0804f1237
DEBUG: calling db.get(Merchant)
DEBUG: db.get(Merchant) finished: Bad Sig
DEBUG: executing select(MerchantMember) query
DEBUG: select(MerchantMember) query executed
DEBUG: MerchantMember role: owner
DEBUG: get_current_merchant returning success
DEBUG: get_current_merchant starting for user c90623d6-da05-4cd4-9054-8da8f7bc665d, merchant 8f5affd3-bb17-499f-adbe-1729b9a7ace0
DEBUG: calling db.get(Merchant)
DEBUG: db.get(Merchant) finished: Publish Gate
DEBUG: executing select(MerchantMember) query
DEBUG: select(MerchantMember) query executed
DEBUG: MerchantMember role: owner
DEBUG: get_current_merchant returning success
DEBUG: get_current_merchant starting for user c90623d6-da05-4cd4-9054-8da8f7bc665d, merchant 8f5affd3-bb17-499f-adbe-1729b9a7ace0
DEBUG: calling db.get(Merchant)
DEBUG: db.get(Merchant) finished: Publish Gate
DEBUG: executing select(MerchantMember) query
DEBUG: select(MerchantMember) query executed
DEBUG: MerchantMember role: owner
DEBUG: get_current_merchant returning success
DEBUG: get_current_merchant starting for user c90623d6-da05-4cd4-9054-8da8f7bc665d, merchant 8f5affd3-bb17-499f-adbe-1729b9a7ace0
DEBUG: calling db.get(Merchant)
DEBUG: db.get(Merchant) finished: Publish Gate
DEBUG: executing select(MerchantMember) query
DEBUG: select(MerchantMember) query executed
DEBUG: MerchantMember role: owner
DEBUG: get_current_merchant returning success
DEBUG: get_current_merchant starting for user f11cabe3-908f-406e-b06a-0836722f25e9, merchant 08a3f8b5-cbec-48bf-9aa5-003acb3ad571
DEBUG: calling db.get(Merchant)
DEBUG: db.get(Merchant) finished: History Test
DEBUG: executing select(MerchantMember) query
DEBUG: select(MerchantMember) query executed
DEBUG: MerchantMember role: owner
DEBUG: get_current_merchant returning success
DEBUG: get_current_merchant starting for user 38668229-1d7d-4445-99bc-99e2046940aa, merchant 98c98134-dc0d-4b0a-94cb-993d0feffb32
DEBUG: calling db.get(Merchant)
DEBUG: db.get(Merchant) finished: Merchant B
DEBUG: executing select(MerchantMember) query
DEBUG: select(MerchantMember) query executed
DEBUG: MerchantMember role: owner
DEBUG: get_current_merchant returning success
DEBUG: get_current_merchant starting for user 38668229-1d7d-4445-99bc-99e2046940aa, merchant 749b703c-09e2-4d92-bdbb-6a9cccb4c919
DEBUG: calling db.get(Merchant)
DEBUG: db.get(Merchant) finished: Merchant A
DEBUG: executing select(MerchantMember) query
DEBUG: select(MerchantMember) query executed
DEBUG: MerchantMember role: owner
DEBUG: get_current_merchant returning success
DEBUG: get_current_merchant starting for user 38668229-1d7d-4445-99bc-99e2046940aa, merchant 749b703c-09e2-4d92-bdbb-6a9cccb4c919
DEBUG: calling db.get(Merchant)
DEBUG: db.get(Merchant) finished: Merchant A
DEBUG: executing select(MerchantMember) query
DEBUG: select(MerchantMember) query executed
DEBUG: MerchantMember role: owner
DEBUG: get_current_merchant returning success
DEBUG: get_current_merchant starting for user 38668229-1d7d-4445-99bc-99e2046940aa, merchant 98c98134-dc0d-4b0a-94cb-993d0feffb32
DEBUG: calling db.get(Merchant)
DEBUG: db.get(Merchant) finished: Merchant B
DEBUG: executing select(MerchantMember) query
DEBUG: select(MerchantMember) query executed
DEBUG: MerchantMember role: owner
DEBUG: get_current_merchant returning success
DEBUG: get_current_merchant starting for user a1a5e397-4930-4e07-82a1-3e9cd1626180, merchant 3110d427-9b1c-433d-b35a-d8aec4e8a139
DEBUG: calling db.get(Merchant)
DEBUG: db.get(Merchant) finished: Wallet Read
DEBUG: executing select(MerchantMember) query
DEBUG: select(MerchantMember) query executed
DEBUG: MerchantMember role: owner
DEBUG: get_current_merchant returning success
DEBUG: get_current_merchant starting for user f17e004b-9c58-4abd-afa6-563caf94679b, merchant 239ff945-5bd8-490f-b463-a7faf7be30b2
DEBUG: calling db.get(Merchant)
DEBUG: db.get(Merchant) finished: Txn List
DEBUG: executing select(MerchantMember) query
DEBUG: select(MerchantMember) query executed
DEBUG: MerchantMember role: owner
DEBUG: get_current_merchant returning success
DEBUG: get_current_merchant starting for user 4d9bec6b-ea38-4b54-8ac2-625e3b03de44, merchant 0d589560-3f62-4461-86a2-fce678b88a45
DEBUG: calling db.get(Merchant)
DEBUG: db.get(Merchant) finished: Threshold Test
DEBUG: executing select(MerchantMember) query
DEBUG: select(MerchantMember) query executed
DEBUG: MerchantMember role: owner
DEBUG: get_current_merchant returning success
DEBUG: get_current_merchant starting for user 5d60c823-b0fb-44fc-b86b-690d3d6b5449, merchant 5c352107-ad3e-4ade-9afb-16b3e6255ecc
DEBUG: calling db.get(Merchant)
DEBUG: db.get(Merchant) finished: Intent Test
DEBUG: executing select(MerchantMember) query
DEBUG: select(MerchantMember) query executed
DEBUG: MerchantMember role: owner
DEBUG: get_current_merchant returning success
DEBUG: get_current_merchant starting for user 9f3f8a39-7490-4637-a8d0-343957b88fa2, merchant ee22347f-2f66-472c-8a57-94aae99fbd1d
DEBUG: calling db.get(Merchant)
DEBUG: db.get(Merchant) finished: Confirm Test
DEBUG: executing select(MerchantMember) query
DEBUG: select(MerchantMember) query executed
DEBUG: MerchantMember role: owner
DEBUG: get_current_merchant returning success
DEBUG: get_current_merchant starting for user 91a4fc78-f149-4a06-a34f-fb53e2af7781, merchant ae30c371-0a2f-4932-99b8-105e0db1d972
DEBUG: calling db.get(Merchant)
DEBUG: db.get(Merchant) finished: Idem Test
DEBUG: executing select(MerchantMember) query
DEBUG: select(MerchantMember) query executed
DEBUG: MerchantMember role: owner
DEBUG: get_current_merchant returning success
DEBUG: get_current_merchant starting for user b2057096-4332-4e33-b786-306b544a7a06, merchant ec17538d-e509-4bf9-8494-e853ffd0be86
DEBUG: calling db.get(Merchant)
DEBUG: db.get(Merchant) finished: Bad Sig
DEBUG: executing select(MerchantMember) query
DEBUG: select(MerchantMember) query executed
DEBUG: MerchantMember role: owner
DEBUG: get_current_merchant returning success
DEBUG: get_current_merchant starting for user 4757dfe4-f888-419d-94cb-ab359a479661, merchant c2d5b18a-cdae-4e4e-b585-3e81384fe14a
DEBUG: calling db.get(Merchant)
DEBUG: db.get(Merchant) finished: Publish Gate
DEBUG: executing select(MerchantMember) query
DEBUG: select(MerchantMember) query executed
DEBUG: MerchantMember role: owner
DEBUG: get_current_merchant returning success
DEBUG: get_current_merchant starting for user 4757dfe4-f888-419d-94cb-ab359a479661, merchant c2d5b18a-cdae-4e4e-b585-3e81384fe14a
DEBUG: calling db.get(Merchant)
DEBUG: db.get(Merchant) finished: Publish Gate
DEBUG: executing select(MerchantMember) query
DEBUG: select(MerchantMember) query executed
DEBUG: MerchantMember role: owner
DEBUG: get_current_merchant returning success
DEBUG: get_current_merchant starting for user 4757dfe4-f888-419d-94cb-ab359a479661, merchant c2d5b18a-cdae-4e4e-b585-3e81384fe14a
DEBUG: calling db.get(Merchant)
DEBUG: db.get(Merchant) finished: Publish Gate
DEBUG: executing select(MerchantMember) query
DEBUG: select(MerchantMember) query executed
DEBUG: MerchantMember role: owner
DEBUG: get_current_merchant returning success
DEBUG: get_current_merchant starting for user 447e2642-7b9d-4885-8a3c-b98dae5c8922, merchant 6caf7bee-85ad-42c6-ae0f-d5b9447065ef
DEBUG: calling db.get(Merchant)
DEBUG: db.get(Merchant) finished: Merchant B
DEBUG: executing select(MerchantMember) query
DEBUG: select(MerchantMember) query executed
DEBUG: MerchantMember role: owner
DEBUG: get_current_merchant returning success
DEBUG: get_current_merchant starting for user 447e2642-7b9d-4885-8a3c-b98dae5c8922, merchant 9619b4d2-85e6-42f8-a4fd-44e491ff570c
DEBUG: calling db.get(Merchant)
DEBUG: db.get(Merchant) finished: Merchant A
DEBUG: executing select(MerchantMember) query
DEBUG: select(MerchantMember) query executed
DEBUG: MerchantMember role: owner
DEBUG: get_current_merchant returning success
DEBUG: get_current_merchant starting for user 447e2642-7b9d-4885-8a3c-b98dae5c8922, merchant 9619b4d2-85e6-42f8-a4fd-44e491ff570c
DEBUG: calling db.get(Merchant)
DEBUG: db.get(Merchant) finished: Merchant A
DEBUG: executing select(MerchantMember) query
DEBUG: select(MerchantMember) query executed
DEBUG: MerchantMember role: owner
DEBUG: get_current_merchant returning success
DEBUG: get_current_merchant starting for user 447e2642-7b9d-4885-8a3c-b98dae5c8922, merchant 6caf7bee-85ad-42c6-ae0f-d5b9447065ef
DEBUG: calling db.get(Merchant)
DEBUG: db.get(Merchant) finished: Merchant B
DEBUG: executing select(MerchantMember) query
DEBUG: select(MerchantMember) query executed
DEBUG: MerchantMember role: owner
DEBUG: get_current_merchant returning success
DEBUG: get_current_merchant starting for user bc00bb96-9b4e-4724-9115-34dc851ec2b0, merchant 7191a03d-2864-4c0f-ac0e-dda899390275
DEBUG: calling db.get(Merchant)
DEBUG: db.get(Merchant) finished: Wallet Read
DEBUG: executing select(MerchantMember) query
DEBUG: select(MerchantMember) query executed
DEBUG: MerchantMember role: owner
DEBUG: get_current_merchant returning success
DEBUG: get_current_merchant starting for user 77d8bf75-2853-4d50-bd57-648c83a5634c, merchant 4df12c32-c200-4025-9334-5acb36d70325
DEBUG: calling db.get(Merchant)
DEBUG: db.get(Merchant) finished: Txn List
DEBUG: executing select(MerchantMember) query
DEBUG: select(MerchantMember) query executed
DEBUG: MerchantMember role: owner
DEBUG: get_current_merchant returning success
DEBUG: get_current_merchant starting for user cc637ba4-fabc-4774-bb49-544d7c6543c8, merchant 5b85ecdc-1e52-4919-9f16-978cdb7815b7
DEBUG: calling db.get(Merchant)
DEBUG: db.get(Merchant) finished: Threshold Test
DEBUG: executing select(MerchantMember) query
DEBUG: select(MerchantMember) query executed
DEBUG: MerchantMember role: owner
DEBUG: get_current_merchant returning success
DEBUG: get_current_merchant starting for user 357f2b92-9ece-40ac-9d88-bcde48eef07e, merchant d08c6d76-5329-490c-a585-571055ef70bd
DEBUG: calling db.get(Merchant)
DEBUG: db.get(Merchant) finished: Intent Test
DEBUG: executing select(MerchantMember) query
DEBUG: select(MerchantMember) query executed
DEBUG: MerchantMember role: owner
DEBUG: get_current_merchant returning success
DEBUG: get_current_merchant starting for user 888af85d-b9e2-4a19-870f-4449f2464bec, merchant 6f9f4aaa-bb68-431c-baa7-1b886c29a10d
DEBUG: calling db.get(Merchant)
DEBUG: db.get(Merchant) finished: Confirm Test
DEBUG: executing select(MerchantMember) query
DEBUG: select(MerchantMember) query executed
DEBUG: MerchantMember role: owner
DEBUG: get_current_merchant returning success
DEBUG: get_current_merchant starting for user 7220f24c-ba72-4368-be57-63a8c32f8ce5, merchant a9d09b9d-f6cb-44d9-89a0-11da6847cc6a
DEBUG: calling db.get(Merchant)
DEBUG: db.get(Merchant) finished: Idem Test
DEBUG: executing select(MerchantMember) query
DEBUG: select(MerchantMember) query executed
DEBUG: MerchantMember role: owner
DEBUG: get_current_merchant returning success
DEBUG: get_current_merchant starting for user 523bd0f2-6737-4b87-adb0-cb9e1efd9a35, merchant 6d16e2e7-4b2b-423d-b5ff-e037a9fcf436
DEBUG: calling db.get(Merchant)
DEBUG: db.get(Merchant) finished: Bad Sig
DEBUG: executing select(MerchantMember) query
DEBUG: select(MerchantMember) query executed
DEBUG: MerchantMember role: owner
DEBUG: get_current_merchant returning success
DEBUG: get_current_merchant starting for user d761a9e3-23e2-478e-8329-ec421e0f8e9c, merchant 0a4ca102-6a5d-43c5-b250-ff4933c24dec
DEBUG: calling db.get(Merchant)
DEBUG: db.get(Merchant) finished: Publish Gate
DEBUG: executing select(MerchantMember) query
DEBUG: select(MerchantMember) query executed
DEBUG: MerchantMember role: owner
DEBUG: get_current_merchant returning success
DEBUG: get_current_merchant starting for user d761a9e3-23e2-478e-8329-ec421e0f8e9c, merchant 0a4ca102-6a5d-43c5-b250-ff4933c24dec
DEBUG: calling db.get(Merchant)
DEBUG: db.get(Merchant) finished: Publish Gate
DEBUG: executing select(MerchantMember) query
DEBUG: select(MerchantMember) query executed
DEBUG: MerchantMember role: owner
DEBUG: get_current_merchant returning success
DEBUG: get_current_merchant starting for user d761a9e3-23e2-478e-8329-ec421e0f8e9c, merchant 0a4ca102-6a5d-43c5-b250-ff4933c24dec
DEBUG: calling db.get(Merchant)
DEBUG: db.get(Merchant) finished: Publish Gate
DEBUG: executing select(MerchantMember) query
DEBUG: select(MerchantMember) query executed
DEBUG: MerchantMember role: owner
DEBUG: get_current_merchant returning success
DEBUG: get_current_merchant starting for user f89fcd0d-9263-4307-a731-bfb69c8892bc, merchant 105f0bf0-afd5-4ac0-9501-e8ffa0a49d7c
DEBUG: calling db.get(Merchant)
DEBUG: db.get(Merchant) finished: History Test
DEBUG: executing select(MerchantMember) query
DEBUG: select(MerchantMember) query executed
DEBUG: MerchantMember role: owner
DEBUG: get_current_merchant returning success
DEBUG: get_current_merchant starting for user f89fcd0d-9263-4307-a731-bfb69c8892bc, merchant 105f0bf0-afd5-4ac0-9501-e8ffa0a49d7c
DEBUG: calling db.get(Merchant)
DEBUG: db.get(Merchant) finished: History Test
DEBUG: executing select(MerchantMember) query
DEBUG: select(MerchantMember) query executed
DEBUG: MerchantMember role: owner
DEBUG: get_current_merchant returning success
DEBUG: get_current_merchant starting for user bc3e8ed8-053c-46a4-b65d-d0f9e288faea, merchant 609e3d39-529c-49d6-8cc5-bd94ade8acb0
DEBUG: calling db.get(Merchant)
DEBUG: db.get(Merchant) finished: Merchant B
DEBUG: executing select(MerchantMember) query
DEBUG: select(MerchantMember) query executed
DEBUG: MerchantMember role: owner
DEBUG: get_current_merchant returning success
DEBUG: get_current_merchant starting for user bc3e8ed8-053c-46a4-b65d-d0f9e288faea, merchant e440d7fd-a0d9-4662-a84c-b22bd9c6ba4b
DEBUG: calling db.get(Merchant)
DEBUG: db.get(Merchant) finished: Merchant A
DEBUG: executing select(MerchantMember) query
DEBUG: select(MerchantMember) query executed
DEBUG: MerchantMember role: owner
DEBUG: get_current_merchant returning success
DEBUG: get_current_merchant starting for user bc3e8ed8-053c-46a4-b65d-d0f9e288faea, merchant e440d7fd-a0d9-4662-a84c-b22bd9c6ba4b
DEBUG: calling db.get(Merchant)
DEBUG: db.get(Merchant) finished: Merchant A
DEBUG: executing select(MerchantMember) query
DEBUG: select(MerchantMember) query executed
DEBUG: MerchantMember role: owner
DEBUG: get_current_merchant returning success
DEBUG: get_current_merchant starting for user bc3e8ed8-053c-46a4-b65d-d0f9e288faea, merchant 609e3d39-529c-49d6-8cc5-bd94ade8acb0
DEBUG: calling db.get(Merchant)
DEBUG: db.get(Merchant) finished: Merchant B
DEBUG: executing select(MerchantMember) query
DEBUG: select(MerchantMember) query executed
DEBUG: MerchantMember role: owner
DEBUG: get_current_merchant returning success
DEBUG: get_current_merchant starting for user 20f83eef-9bb6-448d-a69e-7a7b9bf4f957, merchant 28d95cad-a38c-4b1d-9654-f6df5fe49e69
DEBUG: calling db.get(Merchant)
DEBUG: get_current_merchant starting for user 20f83eef-9bb6-448d-a69e-7a7b9bf4f957, merchant 28d95cad-a38c-4b1d-9654-f6df5fe49e69
DEBUG: calling db.get(Merchant)
DEBUG: get_current_merchant starting for user 20f83eef-9bb6-448d-a69e-7a7b9bf4f957, merchant 28d95cad-a38c-4b1d-9654-f6df5fe49e69
DEBUG: calling db.get(Merchant)
DEBUG: get_current_merchant starting for user 20f83eef-9bb6-448d-a69e-7a7b9bf4f957, merchant 28d95cad-a38c-4b1d-9654-f6df5fe49e69
DEBUG: calling db.get(Merchant)
DEBUG: db.get(Merchant) finished: krishna store
DEBUG: executing select(MerchantMember) query
DEBUG: db.get(Merchant) finished: krishna store
DEBUG: executing select(MerchantMember) query
DEBUG: db.get(Merchant) finished: krishna store
DEBUG: executing select(MerchantMember) query
DEBUG: db.get(Merchant) finished: krishna store
DEBUG: executing select(MerchantMember) query
DEBUG: select(MerchantMember) query executed
DEBUG: select(MerchantMember) query executed
DEBUG: MerchantMember role: owner
DEBUG: MerchantMember role: owner
DEBUG: get_current_merchant returning success
DEBUG: get_current_merchant returning success
DEBUG: select(MerchantMember) query executed
DEBUG: MerchantMember role: owner
DEBUG: get_current_merchant returning success
DEBUG: select(MerchantMember) query executed
DEBUG: MerchantMember role: owner
DEBUG: get_current_merchant returning success
DEBUG: get_current_merchant starting for user 20f83eef-9bb6-448d-a69e-7a7b9bf4f957, merchant 28d95cad-a38c-4b1d-9654-f6df5fe49e69
DEBUG: calling db.get(Merchant)
DEBUG: get_current_merchant starting for user 20f83eef-9bb6-448d-a69e-7a7b9bf4f957, merchant 28d95cad-a38c-4b1d-9654-f6df5fe49e69
DEBUG: calling db.get(Merchant)
DEBUG: get_current_merchant starting for user 20f83eef-9bb6-448d-a69e-7a7b9bf4f957, merchant 28d95cad-a38c-4b1d-9654-f6df5fe49e69
DEBUG: calling db.get(Merchant)
DEBUG: get_current_merchant starting for user 20f83eef-9bb6-448d-a69e-7a7b9bf4f957, merchant 28d95cad-a38c-4b1d-9654-f6df5fe49e69
DEBUG: calling db.get(Merchant)
DEBUG: get_current_merchant starting for user 20f83eef-9bb6-448d-a69e-7a7b9bf4f957, merchant 28d95cad-a38c-4b1d-9654-f6df5fe49e69
DEBUG: calling db.get(Merchant)
DEBUG: get_current_merchant starting for user 20f83eef-9bb6-448d-a69e-7a7b9bf4f957, merchant 28d95cad-a38c-4b1d-9654-f6df5fe49e69
DEBUG: calling db.get(Merchant)
DEBUG: db.get(Merchant) finished: krishna store
DEBUG: executing select(MerchantMember) query
DEBUG: db.get(Merchant) finished: krishna store
DEBUG: executing select(MerchantMember) query
DEBUG: db.get(Merchant) finished: krishna store
DEBUG: executing select(MerchantMember) query
DEBUG: db.get(Merchant) finished: krishna store
DEBUG: db.get(Merchant) finished: krishna store
DEBUG: executing select(MerchantMember) query
DEBUG: executing select(MerchantMember) query
DEBUG: select(MerchantMember) query executed
DEBUG: MerchantMember role: owner
DEBUG: get_current_merchant returning success
DEBUG: db.get(Merchant) finished: krishna store
DEBUG: select(MerchantMember) query executed
DEBUG: executing select(MerchantMember) query
DEBUG: MerchantMember role: owner
DEBUG: get_current_merchant returning success
DEBUG: select(MerchantMember) query executed
DEBUG: MerchantMember role: owner
DEBUG: get_current_merchant returning success
DEBUG: select(MerchantMember) query executed
DEBUG: MerchantMember role: owner
DEBUG: get_current_merchant returning success
DEBUG: select(MerchantMember) query executed
DEBUG: MerchantMember role: owner
DEBUG: get_current_merchant returning success
DEBUG: get_current_merchant starting for user 20f83eef-9bb6-448d-a69e-7a7b9bf4f957, merchant 28d95cad-a38c-4b1d-9654-f6df5fe49e69
DEBUG: calling db.get(Merchant)
DEBUG: select(MerchantMember) query executed
DEBUG: MerchantMember role: owner
DEBUG: get_current_merchant returning success
DEBUG: db.get(Merchant) finished: krishna store
DEBUG: executing select(MerchantMember) query
DEBUG: select(MerchantMember) query executed
DEBUG: MerchantMember role: owner
DEBUG: get_current_merchant returning success
DEBUG: get_current_merchant starting for user 20f83eef-9bb6-448d-a69e-7a7b9bf4f957, merchant 28d95cad-a38c-4b1d-9654-f6df5fe49e69
DEBUG: calling db.get(Merchant)
DEBUG: get_current_merchant starting for user 20f83eef-9bb6-448d-a69e-7a7b9bf4f957, merchant 28d95cad-a38c-4b1d-9654-f6df5fe49e69
DEBUG: calling db.get(Merchant)
DEBUG: get_current_merchant starting for user 20f83eef-9bb6-448d-a69e-7a7b9bf4f957, merchant 28d95cad-a38c-4b1d-9654-f6df5fe49e69
DEBUG: calling db.get(Merchant)
DEBUG: get_current_merchant starting for user 20f83eef-9bb6-448d-a69e-7a7b9bf4f957, merchant 28d95cad-a38c-4b1d-9654-f6df5fe49e69
DEBUG: calling db.get(Merchant)
DEBUG: get_current_merchant starting for user 20f83eef-9bb6-448d-a69e-7a7b9bf4f957, merchant 28d95cad-a38c-4b1d-9654-f6df5fe49e69
DEBUG: calling db.get(Merchant)
DEBUG: db.get(Merchant) finished: krishna store
DEBUG: executing select(MerchantMember) query
DEBUG: db.get(Merchant) finished: krishna store
DEBUG: executing select(MerchantMember) query
DEBUG: get_current_merchant starting for user 20f83eef-9bb6-448d-a69e-7a7b9bf4f957, merchant 28d95cad-a38c-4b1d-9654-f6df5fe49e69
DEBUG: calling db.get(Merchant)
DEBUG: db.get(Merchant) finished: krishna store
DEBUG: get_current_merchant starting for user 20f83eef-9bb6-448d-a69e-7a7b9bf4f957, merchant 28d95cad-a38c-4b1d-9654-f6df5fe49e69
DEBUG: executing select(MerchantMember) query
DEBUG: calling db.get(Merchant)
DEBUG: get_current_merchant starting for user 20f83eef-9bb6-448d-a69e-7a7b9bf4f957, merchant 28d95cad-a38c-4b1d-9654-f6df5fe49e69
DEBUG: calling db.get(Merchant)
DEBUG: get_current_merchant starting for user 20f83eef-9bb6-448d-a69e-7a7b9bf4f957, merchant 28d95cad-a38c-4b1d-9654-f6df5fe49e69
DEBUG: calling db.get(Merchant)
DEBUG: db.get(Merchant) finished: krishna store
DEBUG: executing select(MerchantMember) query
DEBUG: db.get(Merchant) finished: krishna store
DEBUG: executing select(MerchantMember) query
DEBUG: get_current_merchant starting for user 20f83eef-9bb6-448d-a69e-7a7b9bf4f957, merchant 28d95cad-a38c-4b1d-9654-f6df5fe49e69
DEBUG: calling db.get(Merchant)
DEBUG: select(MerchantMember) query executed
DEBUG: MerchantMember role: owner
DEBUG: get_current_merchant returning success
DEBUG: select(MerchantMember) query executed
DEBUG: MerchantMember role: owner
DEBUG: get_current_merchant returning success
DEBUG: db.get(Merchant) finished: krishna store
DEBUG: executing select(MerchantMember) query
DEBUG: db.get(Merchant) finished: krishna store
DEBUG: executing select(MerchantMember) query
DEBUG: select(MerchantMember) query executed
DEBUG: MerchantMember role: owner
DEBUG: db.get(Merchant) finished: krishna store
DEBUG: get_current_merchant returning success
DEBUG: executing select(MerchantMember) query
DEBUG: db.get(Merchant) finished: krishna store
DEBUG: executing select(MerchantMember) query
DEBUG: select(MerchantMember) query executed
DEBUG: MerchantMember role: owner
DEBUG: get_current_merchant returning success
DEBUG: select(MerchantMember) query executed
DEBUG: MerchantMember role: owner
DEBUG: get_current_merchant returning success
DEBUG: select(MerchantMember) query executed
DEBUG: MerchantMember role: owner
DEBUG: get_current_merchant returning success
DEBUG: select(MerchantMember) query executed
DEBUG: MerchantMember role: owner
DEBUG: get_current_merchant returning success
DEBUG: select(MerchantMember) query executed
DEBUG: MerchantMember role: owner
DEBUG: get_current_merchant returning success
DEBUG: select(MerchantMember) query executed
DEBUG: MerchantMember role: owner
DEBUG: get_current_merchant returning success
DEBUG: db.get(Merchant) finished: krishna store
DEBUG: executing select(MerchantMember) query
DEBUG: select(MerchantMember) query executed
DEBUG: MerchantMember role: owner
DEBUG: get_current_merchant returning success
DEBUG: get_current_merchant starting for user 20f83eef-9bb6-448d-a69e-7a7b9bf4f957, merchant 28d95cad-a38c-4b1d-9654-f6df5fe49e69
DEBUG: calling db.get(Merchant)
DEBUG: db.get(Merchant) finished: krishna store
DEBUG: executing select(MerchantMember) query
DEBUG: select(MerchantMember) query executed
DEBUG: MerchantMember role: owner
DEBUG: get_current_merchant returning success
DEBUG: get_current_merchant starting for user 20f83eef-9bb6-448d-a69e-7a7b9bf4f957, merchant 28d95cad-a38c-4b1d-9654-f6df5fe49e69
DEBUG: calling db.get(Merchant)
DEBUG: db.get(Merchant) finished: krishna store
DEBUG: executing select(MerchantMember) query
DEBUG: select(MerchantMember) query executed
DEBUG: MerchantMember role: owner
DEBUG: get_current_merchant returning success
DEBUG: get_current_merchant starting for user 20f83eef-9bb6-448d-a69e-7a7b9bf4f957, merchant 28d95cad-a38c-4b1d-9654-f6df5fe49e69
DEBUG: calling db.get(Merchant)
DEBUG: get_current_merchant starting for user 20f83eef-9bb6-448d-a69e-7a7b9bf4f957, merchant 28d95cad-a38c-4b1d-9654-f6df5fe49e69
DEBUG: calling db.get(Merchant)
DEBUG: get_current_merchant starting for user 20f83eef-9bb6-448d-a69e-7a7b9bf4f957, merchant 28d95cad-a38c-4b1d-9654-f6df5fe49e69
DEBUG: calling db.get(Merchant)
DEBUG: db.get(Merchant) finished: krishna store
DEBUG: executing select(MerchantMember) query
DEBUG: db.get(Merchant) finished: krishna store
DEBUG: executing select(MerchantMember) query
DEBUG: db.get(Merchant) finished: krishna store
DEBUG: executing select(MerchantMember) query
DEBUG: select(MerchantMember) query executed
DEBUG: MerchantMember role: owner
DEBUG: get_current_merchant returning success
DEBUG: select(MerchantMember) query executed
DEBUG: MerchantMember role: owner
DEBUG: get_current_merchant returning success
DEBUG: select(MerchantMember) query executed
DEBUG: MerchantMember role: owner
DEBUG: get_current_merchant returning success
DEBUG: get_current_merchant starting for user 20f83eef-9bb6-448d-a69e-7a7b9bf4f957, merchant 28d95cad-a38c-4b1d-9654-f6df5fe49e69
DEBUG: calling db.get(Merchant)
DEBUG: get_current_merchant starting for user 20f83eef-9bb6-448d-a69e-7a7b9bf4f957, merchant 28d95cad-a38c-4b1d-9654-f6df5fe49e69
DEBUG: calling db.get(Merchant)
DEBUG: db.get(Merchant) finished: krishna store
DEBUG: executing select(MerchantMember) query
DEBUG: get_current_merchant starting for user 20f83eef-9bb6-448d-a69e-7a7b9bf4f957, merchant 28d95cad-a38c-4b1d-9654-f6df5fe49e69
DEBUG: calling db.get(Merchant)
DEBUG: db.get(Merchant) finished: krishna store
DEBUG: executing select(MerchantMember) query
DEBUG: select(MerchantMember) query executed
DEBUG: MerchantMember role: owner
DEBUG: get_current_merchant returning success
DEBUG: db.get(Merchant) finished: krishna store
DEBUG: executing select(MerchantMember) query
DEBUG: select(MerchantMember) query executed
DEBUG: MerchantMember role: owner
DEBUG: get_current_merchant returning success
DEBUG: select(MerchantMember) query executed
DEBUG: MerchantMember role: owner
DEBUG: get_current_merchant returning success
DEBUG: get_current_merchant starting for user 20f83eef-9bb6-448d-a69e-7a7b9bf4f957, merchant 28d95cad-a38c-4b1d-9654-f6df5fe49e69
DEBUG: calling db.get(Merchant)
DEBUG: db.get(Merchant) finished: krishna store
DEBUG: executing select(MerchantMember) query
DEBUG: select(MerchantMember) query executed
DEBUG: MerchantMember role: owner
DEBUG: get_current_merchant returning success
DEBUG: get_current_merchant starting for user 20f83eef-9bb6-448d-a69e-7a7b9bf4f957, merchant 28d95cad-a38c-4b1d-9654-f6df5fe49e69
DEBUG: calling db.get(Merchant)
DEBUG: get_current_merchant starting for user 20f83eef-9bb6-448d-a69e-7a7b9bf4f957, merchant 28d95cad-a38c-4b1d-9654-f6df5fe49e69
DEBUG: calling db.get(Merchant)
DEBUG: db.get(Merchant) finished: krishna store
DEBUG: executing select(MerchantMember) query
DEBUG: db.get(Merchant) finished: krishna store
DEBUG: executing select(MerchantMember) query
DEBUG: get_current_merchant starting for user 20f83eef-9bb6-448d-a69e-7a7b9bf4f957, merchant 28d95cad-a38c-4b1d-9654-f6df5fe49e69
DEBUG: calling db.get(Merchant)
DEBUG: get_current_merchant starting for user 20f83eef-9bb6-448d-a69e-7a7b9bf4f957, merchant 28d95cad-a38c-4b1d-9654-f6df5fe49e69
DEBUG: calling db.get(Merchant)
DEBUG: select(MerchantMember) query executed
DEBUG: MerchantMember role: owner
DEBUG: get_current_merchant returning success
DEBUG: select(MerchantMember) query executed
DEBUG: MerchantMember role: owner
DEBUG: get_current_merchant returning success
DEBUG: db.get(Merchant) finished: krishna store
DEBUG: executing select(MerchantMember) query
DEBUG: get_current_merchant starting for user 20f83eef-9bb6-448d-a69e-7a7b9bf4f957, merchant 28d95cad-a38c-4b1d-9654-f6df5fe49e69
DEBUG: calling db.get(Merchant)
DEBUG: db.get(Merchant) finished: krishna store
DEBUG: executing select(MerchantMember) query
DEBUG: get_current_merchant starting for user 20f83eef-9bb6-448d-a69e-7a7b9bf4f957, merchant 28d95cad-a38c-4b1d-9654-f6df5fe49e69
DEBUG: calling db.get(Merchant)
DEBUG: select(MerchantMember) query executed
DEBUG: MerchantMember role: owner
DEBUG: get_current_merchant returning success
DEBUG: db.get(Merchant) finished: krishna store
DEBUG: executing select(MerchantMember) query
DEBUG: select(MerchantMember) query executed
DEBUG: MerchantMember role: owner
DEBUG: get_current_merchant returning success
DEBUG: db.get(Merchant) finished: krishna store
DEBUG: executing select(MerchantMember) query
DEBUG: select(MerchantMember) query executed
DEBUG: MerchantMember role: owner
DEBUG: get_current_merchant returning success
DEBUG: select(MerchantMember) query executed
DEBUG: MerchantMember role: owner
DEBUG: get_current_merchant returning success
DEBUG: get_current_merchant starting for user 20f83eef-9bb6-448d-a69e-7a7b9bf4f957, merchant 28d95cad-a38c-4b1d-9654-f6df5fe49e69
DEBUG: calling db.get(Merchant)
DEBUG: db.get(Merchant) finished: krishna store
DEBUG: executing select(MerchantMember) query
DEBUG: select(MerchantMember) query executed
DEBUG: MerchantMember role: owner
DEBUG: get_current_merchant returning success
DEBUG: get_current_merchant starting for user 20f83eef-9bb6-448d-a69e-7a7b9bf4f957, merchant 28d95cad-a38c-4b1d-9654-f6df5fe49e69
DEBUG: calling db.get(Merchant)
DEBUG: get_current_merchant starting for user 20f83eef-9bb6-448d-a69e-7a7b9bf4f957, merchant 28d95cad-a38c-4b1d-9654-f6df5fe49e69
DEBUG: calling db.get(Merchant)
DEBUG: db.get(Merchant) finished: krishna store
DEBUG: executing select(MerchantMember) query
DEBUG: db.get(Merchant) finished: krishna store
DEBUG: executing select(MerchantMember) query
DEBUG: select(MerchantMember) query executed
DEBUG: MerchantMember role: owner
DEBUG: get_current_merchant returning success
DEBUG: select(MerchantMember) query executed
DEBUG: MerchantMember role: owner
DEBUG: get_current_merchant returning success
DEBUG: get_current_merchant starting for user 20f83eef-9bb6-448d-a69e-7a7b9bf4f957, merchant 28d95cad-a38c-4b1d-9654-f6df5fe49e69
DEBUG: calling db.get(Merchant)
DEBUG: get_current_merchant starting for user 20f83eef-9bb6-448d-a69e-7a7b9bf4f957, merchant 28d95cad-a38c-4b1d-9654-f6df5fe49e69
DEBUG: calling db.get(Merchant)
DEBUG: db.get(Merchant) finished: krishna store
DEBUG: executing select(MerchantMember) query
DEBUG: db.get(Merchant) finished: krishna store
DEBUG: executing select(MerchantMember) query
DEBUG: select(MerchantMember) query executed
DEBUG: MerchantMember role: owner
DEBUG: get_current_merchant returning success
DEBUG: select(MerchantMember) query executed
DEBUG: MerchantMember role: owner
DEBUG: get_current_merchant returning success
DEBUG: get_current_merchant starting for user 20f83eef-9bb6-448d-a69e-7a7b9bf4f957, merchant 28d95cad-a38c-4b1d-9654-f6df5fe49e69
DEBUG: calling db.get(Merchant)
DEBUG: db.get(Merchant) finished: krishna store
DEBUG: executing select(MerchantMember) query
DEBUG: get_current_merchant starting for user 20f83eef-9bb6-448d-a69e-7a7b9bf4f957, merchant 28d95cad-a38c-4b1d-9654-f6df5fe49e69
DEBUG: calling db.get(Merchant)
DEBUG: select(MerchantMember) query executed
DEBUG: MerchantMember role: owner
DEBUG: get_current_merchant returning success
DEBUG: db.get(Merchant) finished: krishna store
DEBUG: executing select(MerchantMember) query
DEBUG: get_current_merchant starting for user 20f83eef-9bb6-448d-a69e-7a7b9bf4f957, merchant 28d95cad-a38c-4b1d-9654-f6df5fe49e69
DEBUG: calling db.get(Merchant)
DEBUG: select(MerchantMember) query executed
DEBUG: MerchantMember role: owner
DEBUG: get_current_merchant returning success
DEBUG: db.get(Merchant) finished: krishna store
DEBUG: executing select(MerchantMember) query
DEBUG: select(MerchantMember) query executed
DEBUG: MerchantMember role: owner
DEBUG: get_current_merchant returning success
DEBUG: get_current_merchant starting for user 20f83eef-9bb6-448d-a69e-7a7b9bf4f957, merchant 28d95cad-a38c-4b1d-9654-f6df5fe49e69
DEBUG: calling db.get(Merchant)
DEBUG: db.get(Merchant) finished: krishna store
DEBUG: executing select(MerchantMember) query
DEBUG: select(MerchantMember) query executed
DEBUG: MerchantMember role: owner
DEBUG: get_current_merchant returning success
DEBUG: get_current_merchant starting for user 20f83eef-9bb6-448d-a69e-7a7b9bf4f957, merchant 28d95cad-a38c-4b1d-9654-f6df5fe49e69
DEBUG: calling db.get(Merchant)
DEBUG: db.get(Merchant) finished: krishna store
DEBUG: executing select(MerchantMember) query
DEBUG: select(MerchantMember) query executed
DEBUG: MerchantMember role: owner
DEBUG: get_current_merchant returning success
DEBUG: get_current_merchant starting for user 20f83eef-9bb6-448d-a69e-7a7b9bf4f957, merchant 28d95cad-a38c-4b1d-9654-f6df5fe49e69
DEBUG: calling db.get(Merchant)
DEBUG: db.get(Merchant) finished: krishna store
DEBUG: executing select(MerchantMember) query
DEBUG: select(MerchantMember) query executed
DEBUG: MerchantMember role: owner
DEBUG: get_current_merchant returning success
DEBUG: get_current_merchant starting for user 20f83eef-9bb6-448d-a69e-7a7b9bf4f957, merchant 28d95cad-a38c-4b1d-9654-f6df5fe49e69
DEBUG: calling db.get(Merchant)
DEBUG: get_current_merchant starting for user 20f83eef-9bb6-448d-a69e-7a7b9bf4f957, merchant 28d95cad-a38c-4b1d-9654-f6df5fe49e69
DEBUG: calling db.get(Merchant)
DEBUG: db.get(Merchant) finished: krishna store
DEBUG: executing select(MerchantMember) query
DEBUG: get_current_merchant starting for user 20f83eef-9bb6-448d-a69e-7a7b9bf4f957, merchant 28d95cad-a38c-4b1d-9654-f6df5fe49e69
DEBUG: calling db.get(Merchant)
DEBUG: db.get(Merchant) finished: krishna store
DEBUG: executing select(MerchantMember) query
DEBUG: select(MerchantMember) query executed
DEBUG: MerchantMember role: owner
DEBUG: get_current_merchant returning success
DEBUG: db.get(Merchant) finished: krishna store
DEBUG: executing select(MerchantMember) query
DEBUG: select(MerchantMember) query executed
DEBUG: MerchantMember role: owner
DEBUG: get_current_merchant returning success
DEBUG: select(MerchantMember) query executed
DEBUG: MerchantMember role: owner
DEBUG: get_current_merchant returning success
DEBUG: get_current_merchant starting for user 20f83eef-9bb6-448d-a69e-7a7b9bf4f957, merchant 28d95cad-a38c-4b1d-9654-f6df5fe49e69
DEBUG: calling db.get(Merchant)
DEBUG: db.get(Merchant) finished: krishna store
DEBUG: executing select(MerchantMember) query
DEBUG: select(MerchantMember) query executed
DEBUG: MerchantMember role: owner
DEBUG: get_current_merchant returning success
DEBUG: get_current_merchant starting for user 20f83eef-9bb6-448d-a69e-7a7b9bf4f957, merchant 28d95cad-a38c-4b1d-9654-f6df5fe49e69
DEBUG: calling db.get(Merchant)
DEBUG: db.get(Merchant) finished: krishna store
DEBUG: executing select(MerchantMember) query
DEBUG: select(MerchantMember) query executed
DEBUG: MerchantMember role: owner
DEBUG: get_current_merchant returning success
DEBUG: get_current_merchant starting for user 20f83eef-9bb6-448d-a69e-7a7b9bf4f957, merchant 28d95cad-a38c-4b1d-9654-f6df5fe49e69
DEBUG: calling db.get(Merchant)
DEBUG: get_current_merchant starting for user 20f83eef-9bb6-448d-a69e-7a7b9bf4f957, merchant 28d95cad-a38c-4b1d-9654-f6df5fe49e69
DEBUG: calling db.get(Merchant)
DEBUG: db.get(Merchant) finished: krishna store
DEBUG: executing select(MerchantMember) query
DEBUG: db.get(Merchant) finished: krishna store
DEBUG: executing select(MerchantMember) query
DEBUG: get_current_merchant starting for user f9b92e1a-446e-46ae-a713-5294a20c62d2, merchant f47962d2-7805-418d-91ff-d062dbfa4978
DEBUG: calling db.get(Merchant)
DEBUG: db.get(Merchant) finished: Wallet Read
DEBUG: executing select(MerchantMember) query
DEBUG: select(MerchantMember) query executed
DEBUG: MerchantMember role: owner
DEBUG: get_current_merchant returning success
DEBUG: select(MerchantMember) query executed
DEBUG: MerchantMember role: owner
DEBUG: get_current_merchant returning success
DEBUG: select(MerchantMember) query executed
DEBUG: MerchantMember role: owner
DEBUG: get_current_merchant returning success
DEBUG: get_current_merchant starting for user 13db029c-8259-4fe0-896c-9861c1f68521, merchant e9d1bf8b-d489-473b-919e-397cde9c011b
DEBUG: calling db.get(Merchant)
DEBUG: db.get(Merchant) finished: Txn List
DEBUG: executing select(MerchantMember) query
DEBUG: select(MerchantMember) query executed
DEBUG: MerchantMember role: owner
DEBUG: get_current_merchant returning success
DEBUG: get_current_merchant starting for user 9dfb2705-c660-4607-a392-7c0fb0c0b772, merchant 6aeba69c-7ca1-4861-8ed0-4bafd590ea8e
DEBUG: calling db.get(Merchant)
DEBUG: db.get(Merchant) finished: Threshold Test
DEBUG: executing select(MerchantMember) query
DEBUG: select(MerchantMember) query executed
DEBUG: MerchantMember role: owner
DEBUG: get_current_merchant returning success
DEBUG: get_current_merchant starting for user 7ee4e3e8-001a-43fd-828e-5756397ca45b, merchant 23a3da88-68a9-4081-a9ba-63fff9cfad3a
DEBUG: calling db.get(Merchant)
DEBUG: db.get(Merchant) finished: Intent Test
DEBUG: executing select(MerchantMember) query
DEBUG: select(MerchantMember) query executed
DEBUG: MerchantMember role: owner
DEBUG: get_current_merchant returning success
DEBUG: get_current_merchant starting for user b618ab85-d9c6-4f0b-94be-dd0a3f81bae1, merchant 958e59df-b468-4b17-8e08-9e9fd7ab4822
DEBUG: calling db.get(Merchant)
DEBUG: db.get(Merchant) finished: Confirm Test
DEBUG: executing select(MerchantMember) query
DEBUG: select(MerchantMember) query executed
DEBUG: MerchantMember role: owner
DEBUG: get_current_merchant returning success
DEBUG: get_current_merchant starting for user a772c271-b9bc-4b51-b721-4c5553f97e3a, merchant f4285dd9-a869-4cb9-b668-37a89ffb46d7
DEBUG: calling db.get(Merchant)
DEBUG: db.get(Merchant) finished: Idem Test
DEBUG: executing select(MerchantMember) query
DEBUG: select(MerchantMember) query executed
DEBUG: MerchantMember role: owner
DEBUG: get_current_merchant returning success
DEBUG: get_current_merchant starting for user bb4cea15-ac82-43dd-862f-4f8968462502, merchant 587238a0-d034-4b8f-bed3-ec45ba4e244c
DEBUG: calling db.get(Merchant)
DEBUG: db.get(Merchant) finished: Bad Sig
DEBUG: executing select(MerchantMember) query
DEBUG: select(MerchantMember) query executed
DEBUG: MerchantMember role: owner
DEBUG: get_current_merchant returning success
DEBUG: get_current_merchant starting for user bf7a6f36-2bd6-4cdf-b9c9-7581f3c5a46c, merchant c3ebe77f-f4ea-48f4-b3cf-adac8799ec5e
DEBUG: calling db.get(Merchant)
DEBUG: db.get(Merchant) finished: Publish Gate
DEBUG: executing select(MerchantMember) query
DEBUG: select(MerchantMember) query executed
DEBUG: MerchantMember role: owner
DEBUG: get_current_merchant returning success
DEBUG: get_current_merchant starting for user bf7a6f36-2bd6-4cdf-b9c9-7581f3c5a46c, merchant c3ebe77f-f4ea-48f4-b3cf-adac8799ec5e
DEBUG: calling db.get(Merchant)
DEBUG: db.get(Merchant) finished: Publish Gate
DEBUG: executing select(MerchantMember) query
DEBUG: select(MerchantMember) query executed
DEBUG: MerchantMember role: owner
DEBUG: get_current_merchant returning success
DEBUG: get_current_merchant starting for user bf7a6f36-2bd6-4cdf-b9c9-7581f3c5a46c, merchant c3ebe77f-f4ea-48f4-b3cf-adac8799ec5e
DEBUG: calling db.get(Merchant)
DEBUG: db.get(Merchant) finished: Publish Gate
DEBUG: executing select(MerchantMember) query
DEBUG: select(MerchantMember) query executed
DEBUG: MerchantMember role: owner
DEBUG: get_current_merchant returning success
DEBUG: get_current_merchant starting for user 67fb4c85-5946-4fd0-96b7-5d0cd1fe1389, merchant e5b16d19-06de-426a-957f-a387dac6e2f4
DEBUG: calling db.get(Merchant)
DEBUG: db.get(Merchant) finished: History Test
DEBUG: executing select(MerchantMember) query
DEBUG: select(MerchantMember) query executed
DEBUG: MerchantMember role: owner
DEBUG: get_current_merchant returning success
DEBUG: get_current_merchant starting for user 67fb4c85-5946-4fd0-96b7-5d0cd1fe1389, merchant e5b16d19-06de-426a-957f-a387dac6e2f4
DEBUG: calling db.get(Merchant)
DEBUG: db.get(Merchant) finished: History Test
DEBUG: executing select(MerchantMember) query
DEBUG: select(MerchantMember) query executed
DEBUG: MerchantMember role: owner
DEBUG: get_current_merchant returning success
DEBUG: get_current_merchant starting for user 2a5730fe-f13d-420a-84fa-ff358cbf51ae, merchant 77873c80-efa2-41e9-91a4-4732b42bf834
DEBUG: calling db.get(Merchant)
DEBUG: db.get(Merchant) finished: Merchant B
DEBUG: executing select(MerchantMember) query
DEBUG: select(MerchantMember) query executed
DEBUG: MerchantMember role: owner
DEBUG: get_current_merchant returning success
DEBUG: get_current_merchant starting for user 2a5730fe-f13d-420a-84fa-ff358cbf51ae, merchant 5b155f72-bd96-4966-a9c0-6a549102b12c
DEBUG: calling db.get(Merchant)
DEBUG: db.get(Merchant) finished: Merchant A
DEBUG: executing select(MerchantMember) query
DEBUG: select(MerchantMember) query executed
DEBUG: MerchantMember role: owner
DEBUG: get_current_merchant returning success
DEBUG: get_current_merchant starting for user 2a5730fe-f13d-420a-84fa-ff358cbf51ae, merchant 5b155f72-bd96-4966-a9c0-6a549102b12c
DEBUG: calling db.get(Merchant)
DEBUG: db.get(Merchant) finished: Merchant A
DEBUG: executing select(MerchantMember) query
DEBUG: select(MerchantMember) query executed
DEBUG: MerchantMember role: owner
DEBUG: get_current_merchant returning success
DEBUG: get_current_merchant starting for user 2a5730fe-f13d-420a-84fa-ff358cbf51ae, merchant 77873c80-efa2-41e9-91a4-4732b42bf834
DEBUG: calling db.get(Merchant)
DEBUG: db.get(Merchant) finished: Merchant B
DEBUG: executing select(MerchantMember) query
DEBUG: select(MerchantMember) query executed
DEBUG: MerchantMember role: owner
DEBUG: get_current_merchant returning success
DEBUG: get_current_merchant starting for user c11b7aae-16a3-4a6c-a97a-a87be20fa186, merchant ab02706b-72da-488d-9a9a-aa7ffa8ec487
DEBUG: calling db.get(Merchant)
DEBUG: db.get(Merchant) finished: Wallet Read
DEBUG: executing select(MerchantMember) query
DEBUG: select(MerchantMember) query executed
DEBUG: MerchantMember role: owner
DEBUG: get_current_merchant returning success
DEBUG: get_current_merchant starting for user b53b6c1a-2572-466c-b485-16f865fd342a, merchant c3304a56-1bfc-4d2b-884b-5278cbe33df2
DEBUG: calling db.get(Merchant)
DEBUG: db.get(Merchant) finished: Txn List
DEBUG: executing select(MerchantMember) query
DEBUG: select(MerchantMember) query executed
DEBUG: MerchantMember role: owner
DEBUG: get_current_merchant returning success
DEBUG: get_current_merchant starting for user bb3b8771-e7af-4732-9572-c9320ec4599c, merchant 0c042447-a50a-440c-9651-87fdd1402f5a
DEBUG: calling db.get(Merchant)
DEBUG: db.get(Merchant) finished: Threshold Test
DEBUG: executing select(MerchantMember) query
DEBUG: select(MerchantMember) query executed
DEBUG: MerchantMember role: owner
DEBUG: get_current_merchant returning success
DEBUG: get_current_merchant starting for user 86dd5329-413a-49e0-bb14-39f507226d29, merchant c16724f7-435e-4554-b94a-75a0336e85bd
DEBUG: calling db.get(Merchant)
DEBUG: db.get(Merchant) finished: Intent Test
DEBUG: executing select(MerchantMember) query
DEBUG: select(MerchantMember) query executed
DEBUG: MerchantMember role: owner
DEBUG: get_current_merchant returning success
DEBUG: get_current_merchant starting for user 8fb4fbc3-52c0-4bf5-b99f-2f9a2f0b6a5c, merchant 02e2dfcd-e75b-443c-a941-759d847a71f2
DEBUG: calling db.get(Merchant)
DEBUG: db.get(Merchant) finished: Confirm Test
DEBUG: executing select(MerchantMember) query
DEBUG: select(MerchantMember) query executed
DEBUG: MerchantMember role: owner
DEBUG: get_current_merchant returning success
DEBUG: get_current_merchant starting for user f76e06a1-4577-4f88-8ef8-e252d768d88c, merchant caa8a33b-58e6-4ba9-808f-506528ba64ee
DEBUG: calling db.get(Merchant)
DEBUG: db.get(Merchant) finished: Idem Test
DEBUG: executing select(MerchantMember) query
DEBUG: select(MerchantMember) query executed
DEBUG: MerchantMember role: owner
DEBUG: get_current_merchant returning success
DEBUG: get_current_merchant starting for user 75568091-ad16-4fec-8ab3-c0cf9e208ad1, merchant 974df635-f55b-49f7-97d6-23ff3531204e
DEBUG: calling db.get(Merchant)
DEBUG: db.get(Merchant) finished: Bad Sig
DEBUG: executing select(MerchantMember) query
DEBUG: select(MerchantMember) query executed
DEBUG: MerchantMember role: owner
DEBUG: get_current_merchant returning success
DEBUG: get_current_merchant starting for user 595fcf7c-c039-48c5-a64c-a0b7f3e70012, merchant 6ed4f6d6-8967-481e-99e6-e997a31745cb
DEBUG: calling db.get(Merchant)
DEBUG: db.get(Merchant) finished: Publish Gate
DEBUG: executing select(MerchantMember) query
DEBUG: select(MerchantMember) query executed
DEBUG: MerchantMember role: owner
DEBUG: get_current_merchant returning success
DEBUG: get_current_merchant starting for user 595fcf7c-c039-48c5-a64c-a0b7f3e70012, merchant 6ed4f6d6-8967-481e-99e6-e997a31745cb
DEBUG: calling db.get(Merchant)
DEBUG: db.get(Merchant) finished: Publish Gate
DEBUG: executing select(MerchantMember) query
DEBUG: select(MerchantMember) query executed
DEBUG: MerchantMember role: owner
DEBUG: get_current_merchant returning success
DEBUG: get_current_merchant starting for user 595fcf7c-c039-48c5-a64c-a0b7f3e70012, merchant 6ed4f6d6-8967-481e-99e6-e997a31745cb
DEBUG: calling db.get(Merchant)
DEBUG: db.get(Merchant) finished: Publish Gate
DEBUG: executing select(MerchantMember) query
DEBUG: select(MerchantMember) query executed
DEBUG: MerchantMember role: owner
DEBUG: get_current_merchant returning success
DEBUG: get_current_merchant starting for user 9f3b17e6-1e44-44c0-a85e-9d2b5c4d3e71, merchant f1965f07-0a17-49d0-a9a4-a0fbfa420bef
DEBUG: calling db.get(Merchant)
DEBUG: db.get(Merchant) finished: History Test
DEBUG: executing select(MerchantMember) query
DEBUG: select(MerchantMember) query executed
DEBUG: MerchantMember role: owner
DEBUG: get_current_merchant returning success
DEBUG: get_current_merchant starting for user 9f3b17e6-1e44-44c0-a85e-9d2b5c4d3e71, merchant f1965f07-0a17-49d0-a9a4-a0fbfa420bef
DEBUG: calling db.get(Merchant)
DEBUG: db.get(Merchant) finished: History Test
DEBUG: executing select(MerchantMember) query
DEBUG: select(MerchantMember) query executed
DEBUG: MerchantMember role: owner
DEBUG: get_current_merchant returning success
DEBUG: get_current_merchant starting for user 3ead1a65-fed7-4e3b-bbd9-151168d1e46f, merchant 503ad9f7-6ba6-4056-a340-40006d6272b6
DEBUG: calling db.get(Merchant)
DEBUG: db.get(Merchant) finished: Merchant B
DEBUG: executing select(MerchantMember) query
DEBUG: select(MerchantMember) query executed
DEBUG: MerchantMember role: owner
DEBUG: get_current_merchant returning success
DEBUG: get_current_merchant starting for user 3ead1a65-fed7-4e3b-bbd9-151168d1e46f, merchant ade08a28-74d0-484e-bcd8-286576cb886c
DEBUG: calling db.get(Merchant)
DEBUG: db.get(Merchant) finished: Merchant A
DEBUG: executing select(MerchantMember) query
DEBUG: select(MerchantMember) query executed
DEBUG: MerchantMember role: owner
DEBUG: get_current_merchant returning success
DEBUG: get_current_merchant starting for user 3ead1a65-fed7-4e3b-bbd9-151168d1e46f, merchant ade08a28-74d0-484e-bcd8-286576cb886c
DEBUG: calling db.get(Merchant)
DEBUG: db.get(Merchant) finished: Merchant A
DEBUG: executing select(MerchantMember) query
DEBUG: select(MerchantMember) query executed
DEBUG: MerchantMember role: owner
DEBUG: get_current_merchant returning success
DEBUG: get_current_merchant starting for user 3ead1a65-fed7-4e3b-bbd9-151168d1e46f, merchant 503ad9f7-6ba6-4056-a340-40006d6272b6
DEBUG: calling db.get(Merchant)
DEBUG: db.get(Merchant) finished: Merchant B
DEBUG: executing select(MerchantMember) query
DEBUG: select(MerchantMember) query executed
DEBUG: MerchantMember role: owner
DEBUG: get_current_merchant returning success
DEBUG: get_current_merchant starting for user 20f83eef-9bb6-448d-a69e-7a7b9bf4f957, merchant 28d95cad-a38c-4b1d-9654-f6df5fe49e69
DEBUG: calling db.get(Merchant)
DEBUG: db.get(Merchant) finished: krishna store
DEBUG: executing select(MerchantMember) query
DEBUG: select(MerchantMember) query executed
DEBUG: MerchantMember role: owner
DEBUG: get_current_merchant returning success
DEBUG: get_current_merchant starting for user 20f83eef-9bb6-448d-a69e-7a7b9bf4f957, merchant 28d95cad-a38c-4b1d-9654-f6df5fe49e69
DEBUG: calling db.get(Merchant)
DEBUG: get_current_merchant starting for user 20f83eef-9bb6-448d-a69e-7a7b9bf4f957, merchant 28d95cad-a38c-4b1d-9654-f6df5fe49e69
DEBUG: calling db.get(Merchant)
DEBUG: get_current_merchant starting for user 20f83eef-9bb6-448d-a69e-7a7b9bf4f957, merchant 28d95cad-a38c-4b1d-9654-f6df5fe49e69
DEBUG: calling db.get(Merchant)
DEBUG: get_current_merchant starting for user 20f83eef-9bb6-448d-a69e-7a7b9bf4f957, merchant 28d95cad-a38c-4b1d-9654-f6df5fe49e69
DEBUG: get_current_merchant starting for user 20f83eef-9bb6-448d-a69e-7a7b9bf4f957, merchant 28d95cad-a38c-4b1d-9654-f6df5fe49e69
DEBUG: calling db.get(Merchant)
DEBUG: calling db.get(Merchant)
DEBUG: get_current_merchant starting for user 20f83eef-9bb6-448d-a69e-7a7b9bf4f957, merchant 28d95cad-a38c-4b1d-9654-f6df5fe49e69
DEBUG: calling db.get(Merchant)
DEBUG: get_current_merchant starting for user 20f83eef-9bb6-448d-a69e-7a7b9bf4f957, merchant 28d95cad-a38c-4b1d-9654-f6df5fe49e69
DEBUG: calling db.get(Merchant)
DEBUG: get_current_merchant starting for user 20f83eef-9bb6-448d-a69e-7a7b9bf4f957, merchant 28d95cad-a38c-4b1d-9654-f6df5fe49e69
DEBUG: calling db.get(Merchant)
DEBUG: get_current_merchant starting for user 20f83eef-9bb6-448d-a69e-7a7b9bf4f957, merchant 28d95cad-a38c-4b1d-9654-f6df5fe49e69
DEBUG: calling db.get(Merchant)
DEBUG: db.get(Merchant) finished: krishna store
DEBUG: db.get(Merchant) finished: krishna store
DEBUG: executing select(MerchantMember) query
DEBUG: executing select(MerchantMember) query
DEBUG: db.get(Merchant) finished: krishna store
DEBUG: executing select(MerchantMember) query
DEBUG: db.get(Merchant) finished: krishna store
DEBUG: executing select(MerchantMember) query
DEBUG: db.get(Merchant) finished: krishna store
DEBUG: executing select(MerchantMember) query
DEBUG: db.get(Merchant) finished: krishna store
DEBUG: executing select(MerchantMember) query
DEBUG: db.get(Merchant) finished: krishna store
DEBUG: executing select(MerchantMember) query
DEBUG: db.get(Merchant) finished: krishna store
DEBUG: executing select(MerchantMember) query
DEBUG: db.get(Merchant) finished: krishna store
DEBUG: executing select(MerchantMember) query
DEBUG: db.get(Merchant) finished: krishna store
DEBUG: executing select(MerchantMember) query
DEBUG: select(MerchantMember) query executed
DEBUG: MerchantMember role: owner
DEBUG: get_current_merchant returning success
DEBUG: select(MerchantMember) query executed
DEBUG: select(MerchantMember) query executed
DEBUG: MerchantMember role: owner
DEBUG: MerchantMember role: owner
DEBUG: get_current_merchant returning success
DEBUG: get_current_merchant returning success
DEBUG: select(MerchantMember) query executed
DEBUG: MerchantMember role: owner
DEBUG: get_current_merchant returning success
DEBUG: select(MerchantMember) query executed
DEBUG: MerchantMember role: owner
DEBUG: get_current_merchant returning success
DEBUG: select(MerchantMember) query executed
DEBUG: MerchantMember role: owner
DEBUG: get_current_merchant returning success
DEBUG: select(MerchantMember) query executed
DEBUG: MerchantMember role: owner
DEBUG: get_current_merchant returning success
DEBUG: select(MerchantMember) query executed
DEBUG: MerchantMember role: owner
DEBUG: get_current_merchant returning success
DEBUG: select(MerchantMember) query executed
DEBUG: MerchantMember role: owner
DEBUG: get_current_merchant returning success
DEBUG: select(MerchantMember) query executed
DEBUG: MerchantMember role: owner
DEBUG: get_current_merchant returning success
DEBUG: get_current_merchant starting for user 20f83eef-9bb6-448d-a69e-7a7b9bf4f957, merchant 28d95cad-a38c-4b1d-9654-f6df5fe49e69
DEBUG: calling db.get(Merchant)
DEBUG: db.get(Merchant) finished: krishna store
DEBUG: executing select(MerchantMember) query
DEBUG: select(MerchantMember) query executed
DEBUG: MerchantMember role: owner
DEBUG: get_current_merchant returning success
DEBUG: get_current_merchant starting for user 20f83eef-9bb6-448d-a69e-7a7b9bf4f957, merchant 28d95cad-a38c-4b1d-9654-f6df5fe49e69
DEBUG: calling db.get(Merchant)
DEBUG: get_current_merchant starting for user 20f83eef-9bb6-448d-a69e-7a7b9bf4f957, merchant 28d95cad-a38c-4b1d-9654-f6df5fe49e69
DEBUG: calling db.get(Merchant)
DEBUG: get_current_merchant starting for user 20f83eef-9bb6-448d-a69e-7a7b9bf4f957, merchant 28d95cad-a38c-4b1d-9654-f6df5fe49e69
DEBUG: calling db.get(Merchant)
DEBUG: db.get(Merchant) finished: krishna store
DEBUG: executing select(MerchantMember) query
DEBUG: db.get(Merchant) finished: krishna store
DEBUG: executing select(MerchantMember) query
DEBUG: db.get(Merchant) finished: krishna store
DEBUG: executing select(MerchantMember) query
DEBUG: select(MerchantMember) query executed
DEBUG: MerchantMember role: owner
DEBUG: get_current_merchant returning success
DEBUG: select(MerchantMember) query executed
DEBUG: MerchantMember role: owner
DEBUG: get_current_merchant returning success
DEBUG: select(MerchantMember) query executed
DEBUG: MerchantMember role: owner
DEBUG: get_current_merchant returning success
DEBUG: get_current_merchant starting for user 20f83eef-9bb6-448d-a69e-7a7b9bf4f957, merchant 28d95cad-a38c-4b1d-9654-f6df5fe49e69
DEBUG: calling db.get(Merchant)
DEBUG: get_current_merchant starting for user 20f83eef-9bb6-448d-a69e-7a7b9bf4f957, merchant 28d95cad-a38c-4b1d-9654-f6df5fe49e69
DEBUG: calling db.get(Merchant)
DEBUG: get_current_merchant starting for user 20f83eef-9bb6-448d-a69e-7a7b9bf4f957, merchant 28d95cad-a38c-4b1d-9654-f6df5fe49e69
DEBUG: calling db.get(Merchant)
DEBUG: get_current_merchant starting for user 20f83eef-9bb6-448d-a69e-7a7b9bf4f957, merchant 28d95cad-a38c-4b1d-9654-f6df5fe49e69
DEBUG: calling db.get(Merchant)
DEBUG: get_current_merchant starting for user 20f83eef-9bb6-448d-a69e-7a7b9bf4f957, merchant 28d95cad-a38c-4b1d-9654-f6df5fe49e69
DEBUG: calling db.get(Merchant)
DEBUG: db.get(Merchant) finished: krishna store
DEBUG: executing select(MerchantMember) query
DEBUG: get_current_merchant starting for user 20f83eef-9bb6-448d-a69e-7a7b9bf4f957, merchant 28d95cad-a38c-4b1d-9654-f6df5fe49e69
DEBUG: calling db.get(Merchant)
DEBUG: db.get(Merchant) finished: krishna store
DEBUG: executing select(MerchantMember) query
DEBUG: db.get(Merchant) finished: krishna store
DEBUG: executing select(MerchantMember) query
DEBUG: db.get(Merchant) finished: krishna store
DEBUG: executing select(MerchantMember) query
DEBUG: db.get(Merchant) finished: krishna store
DEBUG: executing select(MerchantMember) query
DEBUG: get_current_merchant starting for user 20f83eef-9bb6-448d-a69e-7a7b9bf4f957, merchant 28d95cad-a38c-4b1d-9654-f6df5fe49e69
DEBUG: calling db.get(Merchant)
DEBUG: get_current_merchant starting for user 20f83eef-9bb6-448d-a69e-7a7b9bf4f957, merchant 28d95cad-a38c-4b1d-9654-f6df5fe49e69
DEBUG: calling db.get(Merchant)
DEBUG: select(MerchantMember) query executed
DEBUG: MerchantMember role: owner
DEBUG: get_current_merchant returning success
DEBUG: db.get(Merchant) finished: krishna store
DEBUG: executing select(MerchantMember) query
DEBUG: select(MerchantMember) query executed
DEBUG: MerchantMember role: owner
DEBUG: get_current_merchant returning success
DEBUG: select(MerchantMember) query executed
DEBUG: MerchantMember role: owner
DEBUG: get_current_merchant returning success
DEBUG: select(MerchantMember) query executed
DEBUG: MerchantMember role: owner
DEBUG: get_current_merchant returning success
DEBUG: select(MerchantMember) query executed
DEBUG: MerchantMember role: owner
DEBUG: get_current_merchant returning success
DEBUG: db.get(Merchant) finished: krishna store
DEBUG: executing select(MerchantMember) query
DEBUG: db.get(Merchant) finished: krishna store
DEBUG: executing select(MerchantMember) query
DEBUG: select(MerchantMember) query executed
DEBUG: MerchantMember role: owner
DEBUG: get_current_merchant returning success
DEBUG: select(MerchantMember) query executed
DEBUG: MerchantMember role: owner
DEBUG: get_current_merchant returning success
DEBUG: select(MerchantMember) query executed
DEBUG: MerchantMember role: owner
DEBUG: get_current_merchant returning success
DEBUG: get_current_merchant starting for user 20f83eef-9bb6-448d-a69e-7a7b9bf4f957, merchant 28d95cad-a38c-4b1d-9654-f6df5fe49e69
DEBUG: calling db.get(Merchant)
DEBUG: db.get(Merchant) finished: krishna store
DEBUG: executing select(MerchantMember) query
DEBUG: select(MerchantMember) query executed
DEBUG: MerchantMember role: owner
DEBUG: get_current_merchant returning success
DEBUG: get_current_merchant starting for user 20f83eef-9bb6-448d-a69e-7a7b9bf4f957, merchant 28d95cad-a38c-4b1d-9654-f6df5fe49e69
DEBUG: calling db.get(Merchant)
DEBUG: db.get(Merchant) finished: krishna store
DEBUG: executing select(MerchantMember) query
DEBUG: select(MerchantMember) query executed
DEBUG: MerchantMember role: owner
DEBUG: get_current_merchant returning success
DEBUG: get_current_merchant starting for user 20f83eef-9bb6-448d-a69e-7a7b9bf4f957, merchant 28d95cad-a38c-4b1d-9654-f6df5fe49e69
DEBUG: calling db.get(Merchant)
DEBUG: get_current_merchant starting for user 20f83eef-9bb6-448d-a69e-7a7b9bf4f957, merchant 28d95cad-a38c-4b1d-9654-f6df5fe49e69
DEBUG: calling db.get(Merchant)
DEBUG: get_current_merchant starting for user 20f83eef-9bb6-448d-a69e-7a7b9bf4f957, merchant 28d95cad-a38c-4b1d-9654-f6df5fe49e69
DEBUG: calling db.get(Merchant)
DEBUG: db.get(Merchant) finished: krishna store
DEBUG: executing select(MerchantMember) query
DEBUG: db.get(Merchant) finished: krishna store
DEBUG: executing select(MerchantMember) query
DEBUG: db.get(Merchant) finished: krishna store
DEBUG: executing select(MerchantMember) query
DEBUG: get_current_merchant starting for user 20f83eef-9bb6-448d-a69e-7a7b9bf4f957, merchant 28d95cad-a38c-4b1d-9654-f6df5fe49e69
DEBUG: calling db.get(Merchant)
DEBUG: get_current_merchant starting for user 20f83eef-9bb6-448d-a69e-7a7b9bf4f957, merchant 28d95cad-a38c-4b1d-9654-f6df5fe49e69
DEBUG: calling db.get(Merchant)
DEBUG: select(MerchantMember) query executed
DEBUG: MerchantMember role: owner
DEBUG: get_current_merchant returning success
DEBUG: select(MerchantMember) query executed
DEBUG: MerchantMember role: owner
DEBUG: get_current_merchant returning success
DEBUG: get_current_merchant starting for user 20f83eef-9bb6-448d-a69e-7a7b9bf4f957, merchant 28d95cad-a38c-4b1d-9654-f6df5fe49e69
DEBUG: calling db.get(Merchant)
DEBUG: select(MerchantMember) query executed
DEBUG: MerchantMember role: owner
DEBUG: get_current_merchant returning success
DEBUG: db.get(Merchant) finished: krishna store
DEBUG: executing select(MerchantMember) query
DEBUG: get_current_merchant starting for user 20f83eef-9bb6-448d-a69e-7a7b9bf4f957, merchant 28d95cad-a38c-4b1d-9654-f6df5fe49e69
DEBUG: calling db.get(Merchant)
DEBUG: db.get(Merchant) finished: krishna store
DEBUG: executing select(MerchantMember) query
DEBUG: db.get(Merchant) finished: krishna store
DEBUG: executing select(MerchantMember) query
DEBUG: get_current_merchant starting for user 20f83eef-9bb6-448d-a69e-7a7b9bf4f957, merchant 28d95cad-a38c-4b1d-9654-f6df5fe49e69
DEBUG: calling db.get(Merchant)
DEBUG: get_current_merchant starting for user 20f83eef-9bb6-448d-a69e-7a7b9bf4f957, merchant 28d95cad-a38c-4b1d-9654-f6df5fe49e69
DEBUG: calling db.get(Merchant)
DEBUG: select(MerchantMember) query executed
DEBUG: MerchantMember role: owner
DEBUG: get_current_merchant returning success
DEBUG: db.get(Merchant) finished: krishna store
DEBUG: executing select(MerchantMember) query
DEBUG: select(MerchantMember) query executed
DEBUG: MerchantMember role: owner
DEBUG: get_current_merchant returning success
DEBUG: select(MerchantMember) query executed
DEBUG: MerchantMember role: owner
DEBUG: get_current_merchant returning success
DEBUG: db.get(Merchant) finished: krishna store
DEBUG: executing select(MerchantMember) query
DEBUG: db.get(Merchant) finished: krishna store
DEBUG: executing select(MerchantMember) query
DEBUG: get_current_merchant starting for user 20f83eef-9bb6-448d-a69e-7a7b9bf4f957, merchant 28d95cad-a38c-4b1d-9654-f6df5fe49e69
DEBUG: calling db.get(Merchant)
DEBUG: get_current_merchant starting for user 20f83eef-9bb6-448d-a69e-7a7b9bf4f957, merchant 28d95cad-a38c-4b1d-9654-f6df5fe49e69
DEBUG: calling db.get(Merchant)
DEBUG: select(MerchantMember) query executed
DEBUG: MerchantMember role: owner
DEBUG: get_current_merchant returning success
DEBUG: select(MerchantMember) query executed
DEBUG: MerchantMember role: owner
DEBUG: get_current_merchant returning success
DEBUG: select(MerchantMember) query executed
DEBUG: MerchantMember role: owner
DEBUG: get_current_merchant returning success
DEBUG: db.get(Merchant) finished: krishna store
DEBUG: executing select(MerchantMember) query
DEBUG: db.get(Merchant) finished: krishna store
DEBUG: executing select(MerchantMember) query
DEBUG: select(MerchantMember) query executed
DEBUG: MerchantMember role: owner
DEBUG: get_current_merchant returning success
DEBUG: select(MerchantMember) query executed
DEBUG: MerchantMember role: owner
DEBUG: get_current_merchant returning success
DEBUG: get_current_merchant starting for user 20f83eef-9bb6-448d-a69e-7a7b9bf4f957, merchant 28d95cad-a38c-4b1d-9654-f6df5fe49e69
DEBUG: calling db.get(Merchant)
DEBUG: db.get(Merchant) finished: krishna store
DEBUG: executing select(MerchantMember) query
DEBUG: select(MerchantMember) query executed
DEBUG: MerchantMember role: owner
DEBUG: get_current_merchant returning success
DEBUG: get_current_merchant starting for user 20f83eef-9bb6-448d-a69e-7a7b9bf4f957, merchant 28d95cad-a38c-4b1d-9654-f6df5fe49e69
DEBUG: calling db.get(Merchant)
DEBUG: get_current_merchant starting for user 20f83eef-9bb6-448d-a69e-7a7b9bf4f957, merchant 28d95cad-a38c-4b1d-9654-f6df5fe49e69
DEBUG: calling db.get(Merchant)
DEBUG: get_current_merchant starting for user 20f83eef-9bb6-448d-a69e-7a7b9bf4f957, merchant 28d95cad-a38c-4b1d-9654-f6df5fe49e69
DEBUG: calling db.get(Merchant)
DEBUG: db.get(Merchant) finished: krishna store
DEBUG: executing select(MerchantMember) query
DEBUG: get_current_merchant starting for user 20f83eef-9bb6-448d-a69e-7a7b9bf4f957, merchant 28d95cad-a38c-4b1d-9654-f6df5fe49e69
DEBUG: calling db.get(Merchant)
DEBUG: db.get(Merchant) finished: krishna store
DEBUG: executing select(MerchantMember) query
DEBUG: db.get(Merchant) finished: krishna store
DEBUG: executing select(MerchantMember) query
DEBUG: select(MerchantMember) query executed
DEBUG: MerchantMember role: owner
DEBUG: get_current_merchant returning success
DEBUG: db.get(Merchant) finished: krishna store
DEBUG: executing select(MerchantMember) query
DEBUG: select(MerchantMember) query executed
DEBUG: MerchantMember role: owner
DEBUG: get_current_merchant returning success
DEBUG: select(MerchantMember) query executed
DEBUG: MerchantMember role: owner
DEBUG: get_current_merchant returning success
DEBUG: select(MerchantMember) query executed
DEBUG: MerchantMember role: owner
DEBUG: get_current_merchant returning success
DEBUG: get_current_merchant starting for user 20f83eef-9bb6-448d-a69e-7a7b9bf4f957, merchant 28d95cad-a38c-4b1d-9654-f6df5fe49e69
DEBUG: calling db.get(Merchant)
DEBUG: get_current_merchant starting for user 20f83eef-9bb6-448d-a69e-7a7b9bf4f957, merchant 28d95cad-a38c-4b1d-9654-f6df5fe49e69
DEBUG: calling db.get(Merchant)
DEBUG: get_current_merchant starting for user 20f83eef-9bb6-448d-a69e-7a7b9bf4f957, merchant 28d95cad-a38c-4b1d-9654-f6df5fe49e69
DEBUG: calling db.get(Merchant)
DEBUG: db.get(Merchant) finished: krishna store
DEBUG: get_current_merchant starting for user 20f83eef-9bb6-448d-a69e-7a7b9bf4f957, merchant 28d95cad-a38c-4b1d-9654-f6df5fe49e69
DEBUG: executing select(MerchantMember) query
DEBUG: calling db.get(Merchant)
DEBUG: db.get(Merchant) finished: krishna store
DEBUG: executing select(MerchantMember) query
DEBUG: db.get(Merchant) finished: krishna store
DEBUG: executing select(MerchantMember) query
DEBUG: db.get(Merchant) finished: krishna store
DEBUG: executing select(MerchantMember) query
DEBUG: select(MerchantMember) query executed
DEBUG: MerchantMember role: owner
DEBUG: get_current_merchant returning success
DEBUG: select(MerchantMember) query executed
DEBUG: MerchantMember role: owner
DEBUG: get_current_merchant returning success
DEBUG: select(MerchantMember) query executed
DEBUG: MerchantMember role: owner
DEBUG: get_current_merchant returning success
DEBUG: select(MerchantMember) query executed
DEBUG: MerchantMember role: owner
DEBUG: get_current_merchant returning success
DEBUG: get_current_merchant starting for user 20f83eef-9bb6-448d-a69e-7a7b9bf4f957, merchant 28d95cad-a38c-4b1d-9654-f6df5fe49e69
DEBUG: calling db.get(Merchant)
DEBUG: get_current_merchant starting for user 20f83eef-9bb6-448d-a69e-7a7b9bf4f957, merchant 28d95cad-a38c-4b1d-9654-f6df5fe49e69
DEBUG: calling db.get(Merchant)
DEBUG: db.get(Merchant) finished: krishna store
DEBUG: executing select(MerchantMember) query
DEBUG: db.get(Merchant) finished: krishna store
DEBUG: executing select(MerchantMember) query
DEBUG: select(MerchantMember) query executed
DEBUG: MerchantMember role: owner
DEBUG: get_current_merchant returning success
DEBUG: select(MerchantMember) query executed
DEBUG: MerchantMember role: owner
DEBUG: get_current_merchant returning success
DEBUG: get_current_merchant starting for user 20f83eef-9bb6-448d-a69e-7a7b9bf4f957, merchant 28d95cad-a38c-4b1d-9654-f6df5fe49e69
DEBUG: calling db.get(Merchant)
DEBUG: db.get(Merchant) finished: krishna store
DEBUG: executing select(MerchantMember) query
DEBUG: select(MerchantMember) query executed
DEBUG: MerchantMember role: owner
DEBUG: get_current_merchant returning success
DEBUG: get_current_merchant starting for user 20f83eef-9bb6-448d-a69e-7a7b9bf4f957, merchant 28d95cad-a38c-4b1d-9654-f6df5fe49e69
DEBUG: calling db.get(Merchant)
DEBUG: db.get(Merchant) finished: krishna store
DEBUG: executing select(MerchantMember) query
DEBUG: select(MerchantMember) query executed
DEBUG: MerchantMember role: owner
DEBUG: get_current_merchant returning success
DEBUG: get_current_merchant starting for user 20f83eef-9bb6-448d-a69e-7a7b9bf4f957, merchant 28d95cad-a38c-4b1d-9654-f6df5fe49e69
DEBUG: calling db.get(Merchant)
DEBUG: db.get(Merchant) finished: krishna store
DEBUG: executing select(MerchantMember) query
DEBUG: select(MerchantMember) query executed
DEBUG: MerchantMember role: owner
DEBUG: get_current_merchant returning success
DEBUG: get_current_merchant starting for user 20f83eef-9bb6-448d-a69e-7a7b9bf4f957, merchant 28d95cad-a38c-4b1d-9654-f6df5fe49e69
DEBUG: calling db.get(Merchant)
DEBUG: get_current_merchant starting for user 20f83eef-9bb6-448d-a69e-7a7b9bf4f957, merchant 28d95cad-a38c-4b1d-9654-f6df5fe49e69
DEBUG: calling db.get(Merchant)
DEBUG: get_current_merchant starting for user 20f83eef-9bb6-448d-a69e-7a7b9bf4f957, merchant 28d95cad-a38c-4b1d-9654-f6df5fe49e69
DEBUG: calling db.get(Merchant)
DEBUG: db.get(Merchant) finished: krishna store
DEBUG: executing select(MerchantMember) query
DEBUG: db.get(Merchant) finished: krishna store
DEBUG: executing select(MerchantMember) query
DEBUG: db.get(Merchant) finished: krishna store
DEBUG: executing select(MerchantMember) query
DEBUG: select(MerchantMember) query executed
DEBUG: MerchantMember role: owner
DEBUG: get_current_merchant returning success
DEBUG: select(MerchantMember) query executed
DEBUG: MerchantMember role: owner
DEBUG: get_current_merchant returning success
DEBUG: select(MerchantMember) query executed
DEBUG: MerchantMember role: owner
DEBUG: get_current_merchant returning success
DEBUG: get_current_merchant starting for user 20f83eef-9bb6-448d-a69e-7a7b9bf4f957, merchant 28d95cad-a38c-4b1d-9654-f6df5fe49e69
DEBUG: calling db.get(Merchant)
DEBUG: db.get(Merchant) finished: krishna store
DEBUG: executing select(MerchantMember) query
DEBUG: select(MerchantMember) query executed
DEBUG: MerchantMember role: owner
DEBUG: get_current_merchant returning success
DEBUG: get_current_merchant starting for user 20f83eef-9bb6-448d-a69e-7a7b9bf4f957, merchant 28d95cad-a38c-4b1d-9654-f6df5fe49e69
DEBUG: calling db.get(Merchant)
DEBUG: db.get(Merchant) finished: krishna store
DEBUG: executing select(MerchantMember) query
DEBUG: select(MerchantMember) query executed
DEBUG: MerchantMember role: owner
DEBUG: get_current_merchant returning success
DEBUG: get_current_merchant starting for user 20f83eef-9bb6-448d-a69e-7a7b9bf4f957, merchant 28d95cad-a38c-4b1d-9654-f6df5fe49e69
DEBUG: calling db.get(Merchant)
DEBUG: db.get(Merchant) finished: krishna store
DEBUG: executing select(MerchantMember) query
DEBUG: select(MerchantMember) query executed
DEBUG: MerchantMember role: owner
DEBUG: get_current_merchant returning success
DEBUG: get_current_merchant starting for user 20f83eef-9bb6-448d-a69e-7a7b9bf4f957, merchant 28d95cad-a38c-4b1d-9654-f6df5fe49e69
DEBUG: calling db.get(Merchant)
DEBUG: db.get(Merchant) finished: krishna store
DEBUG: executing select(MerchantMember) query
DEBUG: select(MerchantMember) query executed
DEBUG: MerchantMember role: owner
DEBUG: get_current_merchant returning success
DEBUG: get_current_merchant starting for user 20f83eef-9bb6-448d-a69e-7a7b9bf4f957, merchant 28d95cad-a38c-4b1d-9654-f6df5fe49e69
DEBUG: calling db.get(Merchant)
DEBUG: get_current_merchant starting for user 20f83eef-9bb6-448d-a69e-7a7b9bf4f957, merchant 28d95cad-a38c-4b1d-9654-f6df5fe49e69
DEBUG: calling db.get(Merchant)
DEBUG: get_current_merchant starting for user 20f83eef-9bb6-448d-a69e-7a7b9bf4f957, merchant 28d95cad-a38c-4b1d-9654-f6df5fe49e69
DEBUG: calling db.get(Merchant)
DEBUG: db.get(Merchant) finished: krishna store
DEBUG: executing select(MerchantMember) query
DEBUG: db.get(Merchant) finished: krishna store
DEBUG: executing select(MerchantMember) query
DEBUG: db.get(Merchant) finished: krishna store
DEBUG: executing select(MerchantMember) query
DEBUG: select(MerchantMember) query executed
DEBUG: MerchantMember role: owner
DEBUG: get_current_merchant returning success
DEBUG: select(MerchantMember) query executed
DEBUG: MerchantMember role: owner
DEBUG: get_current_merchant returning success
DEBUG: select(MerchantMember) query executed
DEBUG: MerchantMember role: owner
DEBUG: get_current_merchant returning success
DEBUG: get_current_merchant starting for user 20f83eef-9bb6-448d-a69e-7a7b9bf4f957, merchant 28d95cad-a38c-4b1d-9654-f6df5fe49e69
DEBUG: calling db.get(Merchant)
DEBUG: db.get(Merchant) finished: krishna store
DEBUG: executing select(MerchantMember) query
DEBUG: select(MerchantMember) query executed
DEBUG: MerchantMember role: owner
DEBUG: get_current_merchant returning success
DEBUG: get_current_merchant starting for user 20f83eef-9bb6-448d-a69e-7a7b9bf4f957, merchant 28d95cad-a38c-4b1d-9654-f6df5fe49e69
DEBUG: calling db.get(Merchant)
DEBUG: db.get(Merchant) finished: krishna store
DEBUG: executing select(MerchantMember) query
DEBUG: select(MerchantMember) query executed
DEBUG: MerchantMember role: owner
DEBUG: get_current_merchant returning success
DEBUG: get_current_merchant starting for user 20f83eef-9bb6-448d-a69e-7a7b9bf4f957, merchant 28d95cad-a38c-4b1d-9654-f6df5fe49e69
DEBUG: calling db.get(Merchant)
DEBUG: get_current_merchant starting for user 20f83eef-9bb6-448d-a69e-7a7b9bf4f957, merchant 28d95cad-a38c-4b1d-9654-f6df5fe49e69
DEBUG: calling db.get(Merchant)
DEBUG: get_current_merchant starting for user 20f83eef-9bb6-448d-a69e-7a7b9bf4f957, merchant 28d95cad-a38c-4b1d-9654-f6df5fe49e69
DEBUG: calling db.get(Merchant)
DEBUG: db.get(Merchant) finished: krishna store
DEBUG: executing select(MerchantMember) query
DEBUG: db.get(Merchant) finished: krishna store
DEBUG: executing select(MerchantMember) query
DEBUG: db.get(Merchant) finished: krishna store
DEBUG: executing select(MerchantMember) query
DEBUG: select(MerchantMember) query executed
DEBUG: MerchantMember role: owner
DEBUG: get_current_merchant returning success
DEBUG: select(MerchantMember) query executed
DEBUG: MerchantMember role: owner
DEBUG: get_current_merchant returning success
DEBUG: select(MerchantMember) query executed
DEBUG: MerchantMember role: owner
DEBUG: get_current_merchant returning success
DEBUG: get_current_merchant starting for user 20f83eef-9bb6-448d-a69e-7a7b9bf4f957, merchant 28d95cad-a38c-4b1d-9654-f6df5fe49e69
DEBUG: calling db.get(Merchant)
DEBUG: get_current_merchant starting for user 20f83eef-9bb6-448d-a69e-7a7b9bf4f957, merchant 28d95cad-a38c-4b1d-9654-f6df5fe49e69
DEBUG: calling db.get(Merchant)
DEBUG: get_current_merchant starting for user 20f83eef-9bb6-448d-a69e-7a7b9bf4f957, merchant 28d95cad-a38c-4b1d-9654-f6df5fe49e69
DEBUG: calling db.get(Merchant)
DEBUG: db.get(Merchant) finished: krishna store
DEBUG: executing select(MerchantMember) query
DEBUG: db.get(Merchant) finished: krishna store
DEBUG: executing select(MerchantMember) query
DEBUG: executing select(MerchantMember) query
DEBUG: select(MerchantMember) query executed
DEBUG: MerchantMember role: owner
DEBUG: get_current_merchant returning success
DEBUG: select(MerchantMember) query executed
DEBUG: MerchantMember role: owner
DEBUG: MerchantMember role: owner
DEBUG: get_current_merchant returning success
DEBUG: get_current_merchant starting for user 20f83eef-9bb6-448d-a69e-7a7b9bf4f957, merchant 28d95cad-a38c-4b1d-9654-f6df5fe49e69
DEBUG: calling db.get(Merchant)
DEBUG: get_current_merchant starting for user 20f83eef-9bb6-448d-a69e-7a7b9bf4f957, merchant 28d95cad-a38c-4b1d-9654-f6df5fe49e69
DEBUG: calling db.get(Merchant)
DEBUG: db.get(Merchant) finished: krishna store
DEBUG: executing select(MerchantMember) query
DEBUG: db.get(Merchant) finished: krishna store
DEBUG: executing select(MerchantMember) query
DEBUG: get_current_merchant starting for user 20f83eef-9bb6-448d-a69e-7a7b9bf4f957, merchant 28d95cad-a38c-4b1d-9654-f6df5fe49e69
DEBUG: calling db.get(Merchant)
DEBUG: select(MerchantMember) query executed
DEBUG: MerchantMember role: owner
DEBUG: get_current_merchant returning success
DEBUG: select(MerchantMember) query executed
DEBUG: MerchantMember role: owner
DEBUG: get_current_merchant returning success
DEBUG: db.get(Merchant) finished: krishna store
DEBUG: executing select(MerchantMember) query
DEBUG: select(MerchantMember) query executed
DEBUG: MerchantMember role: owner
DEBUG: get_current_merchant returning success
DEBUG: get_current_merchant starting for user 20f83eef-9bb6-448d-a69e-7a7b9bf4f957, merchant 28d95cad-a38c-4b1d-9654-f6df5fe49e69
DEBUG: calling db.get(Merchant)
DEBUG: get_current_merchant starting for user 20f83eef-9bb6-448d-a69e-7a7b9bf4f957, merchant 28d95cad-a38c-4b1d-9654-f6df5fe49e69
DEBUG: calling db.get(Merchant)
DEBUG: get_current_merchant starting for user 20f83eef-9bb6-448d-a69e-7a7b9bf4f957, merchant 28d95cad-a38c-4b1d-9654-f6df5fe49e69
DEBUG: calling db.get(Merchant)
DEBUG: db.get(Merchant) finished: krishna store
DEBUG: executing select(MerchantMember) query
DEBUG: db.get(Merchant) finished: krishna store
DEBUG: executing select(MerchantMember) query
DEBUG: db.get(Merchant) finished: krishna store
DEBUG: executing select(MerchantMember) query
DEBUG: select(MerchantMember) query executed
DEBUG: MerchantMember role: owner
DEBUG: get_current_merchant returning success
DEBUG: select(MerchantMember) query executed
DEBUG: MerchantMember role: owner
DEBUG: get_current_merchant returning success
DEBUG: select(MerchantMember) query executed
DEBUG: MerchantMember role: owner
DEBUG: get_current_merchant returning success
DEBUG: get_current_merchant starting for user 20f83eef-9bb6-448d-a69e-7a7b9bf4f957, merchant 28d95cad-a38c-4b1d-9654-f6df5fe49e69
DEBUG: calling db.get(Merchant)
DEBUG: get_current_merchant starting for user 20f83eef-9bb6-448d-a69e-7a7b9bf4f957, merchant 28d95cad-a38c-4b1d-9654-f6df5fe49e69
DEBUG: calling db.get(Merchant)
DEBUG: db.get(Merchant) finished: krishna store
DEBUG: executing select(MerchantMember) query
DEBUG: get_current_merchant starting for user 20f83eef-9bb6-448d-a69e-7a7b9bf4f957, merchant 28d95cad-a38c-4b1d-9654-f6df5fe49e69
DEBUG: calling db.get(Merchant)
DEBUG: db.get(Merchant) finished: krishna store
DEBUG: executing select(MerchantMember) query
DEBUG: get_current_merchant starting for user 20f83eef-9bb6-448d-a69e-7a7b9bf4f957, merchant 28d95cad-a38c-4b1d-9654-f6df5fe49e69
DEBUG: calling db.get(Merchant)
DEBUG: select(MerchantMember) query executed
DEBUG: MerchantMember role: owner
DEBUG: get_current_merchant returning success
DEBUG: db.get(Merchant) finished: krishna store
DEBUG: executing select(MerchantMember) query
DEBUG: select(MerchantMember) query executed
DEBUG: MerchantMember role: owner
DEBUG: get_current_merchant returning success
DEBUG: db.get(Merchant) finished: krishna store
DEBUG: executing select(MerchantMember) query
DEBUG: get_current_merchant starting for user 20f83eef-9bb6-448d-a69e-7a7b9bf4f957, merchant 28d95cad-a38c-4b1d-9654-f6df5fe49e69
DEBUG: calling db.get(Merchant)
DEBUG: select(MerchantMember) query executed
DEBUG: MerchantMember role: owner
DEBUG: get_current_merchant returning success
DEBUG: get_current_merchant starting for user 20f83eef-9bb6-448d-a69e-7a7b9bf4f957, merchant 28d95cad-a38c-4b1d-9654-f6df5fe49e69
DEBUG: calling db.get(Merchant)
DEBUG: select(MerchantMember) query executed
DEBUG: MerchantMember role: owner
DEBUG: get_current_merchant returning success
DEBUG: db.get(Merchant) finished: krishna store
DEBUG: executing select(MerchantMember) query
DEBUG: db.get(Merchant) finished: krishna store
DEBUG: executing select(MerchantMember) query
DEBUG: select(MerchantMember) query executed
DEBUG: MerchantMember role: owner
DEBUG: get_current_merchant returning success
DEBUG: select(MerchantMember) query executed
DEBUG: MerchantMember role: owner
DEBUG: get_current_merchant returning success
DEBUG: get_current_merchant starting for user 20f83eef-9bb6-448d-a69e-7a7b9bf4f957, merchant 28d95cad-a38c-4b1d-9654-f6df5fe49e69
DEBUG: calling db.get(Merchant)
DEBUG: db.get(Merchant) finished: krishna store
DEBUG: executing select(MerchantMember) query
DEBUG: get_current_merchant starting for user 20f83eef-9bb6-448d-a69e-7a7b9bf4f957, merchant 28d95cad-a38c-4b1d-9654-f6df5fe49e69
DEBUG: calling db.get(Merchant)
DEBUG: select(MerchantMember) query executed
DEBUG: MerchantMember role: owner
DEBUG: get_current_merchant returning success
DEBUG: db.get(Merchant) finished: krishna store
DEBUG: executing select(MerchantMember) query
DEBUG: select(MerchantMember) query executed
DEBUG: MerchantMember role: owner
DEBUG: get_current_merchant returning success
DEBUG: get_current_merchant starting for user 20f83eef-9bb6-448d-a69e-7a7b9bf4f957, merchant 28d95cad-a38c-4b1d-9654-f6df5fe49e69
DEBUG: calling db.get(Merchant)
DEBUG: get_current_merchant starting for user 20f83eef-9bb6-448d-a69e-7a7b9bf4f957, merchant 28d95cad-a38c-4b1d-9654-f6df5fe49e69
DEBUG: calling db.get(Merchant)
DEBUG: db.get(Merchant) finished: krishna store
DEBUG: executing select(MerchantMember) query
DEBUG: db.get(Merchant) finished: krishna store
DEBUG: executing select(MerchantMember) query
DEBUG: select(MerchantMember) query executed
DEBUG: MerchantMember role: owner
DEBUG: get_current_merchant returning success
DEBUG: select(MerchantMember) query executed
DEBUG: MerchantMember role: owner
DEBUG: get_current_merchant returning success
DEBUG: get_current_merchant starting for user 20f83eef-9bb6-448d-a69e-7a7b9bf4f957, merchant 28d95cad-a38c-4b1d-9654-f6df5fe49e69
DEBUG: calling db.get(Merchant)
DEBUG: db.get(Merchant) finished: krishna store
DEBUG: executing select(MerchantMember) query
DEBUG: select(MerchantMember) query executed
DEBUG: MerchantMember role: owner
DEBUG: get_current_merchant returning success
DEBUG: get_current_merchant starting for user 20f83eef-9bb6-448d-a69e-7a7b9bf4f957, merchant 28d95cad-a38c-4b1d-9654-f6df5fe49e69
DEBUG: calling db.get(Merchant)
DEBUG: db.get(Merchant) finished: krishna store
DEBUG: executing select(MerchantMember) query
DEBUG: select(MerchantMember) query executed
DEBUG: MerchantMember role: owner
DEBUG: get_current_merchant returning success
DEBUG: get_current_merchant starting for user 20f83eef-9bb6-448d-a69e-7a7b9bf4f957, merchant 28d95cad-a38c-4b1d-9654-f6df5fe49e69
DEBUG: calling db.get(Merchant)
DEBUG: db.get(Merchant) finished: krishna store
DEBUG: executing select(MerchantMember) query
DEBUG: get_current_merchant starting for user 20f83eef-9bb6-448d-a69e-7a7b9bf4f957, merchant 28d95cad-a38c-4b1d-9654-f6df5fe49e69
DEBUG: calling db.get(Merchant)
DEBUG: select(MerchantMember) query executed
DEBUG: MerchantMember role: owner
DEBUG: get_current_merchant returning success
DEBUG: db.get(Merchant) finished: krishna store
DEBUG: executing select(MerchantMember) query
DEBUG: select(MerchantMember) query executed
DEBUG: MerchantMember role: owner
DEBUG: get_current_merchant returning success
DEBUG: get_current_merchant starting for user 20f83eef-9bb6-448d-a69e-7a7b9bf4f957, merchant 28d95cad-a38c-4b1d-9654-f6df5fe49e69
DEBUG: calling db.get(Merchant)
DEBUG: db.get(Merchant) finished: krishna store
DEBUG: executing select(MerchantMember) query
DEBUG: get_current_merchant starting for user 20f83eef-9bb6-448d-a69e-7a7b9bf4f957, merchant 28d95cad-a38c-4b1d-9654-f6df5fe49e69
DEBUG: calling db.get(Merchant)
DEBUG: select(MerchantMember) query executed
DEBUG: MerchantMember role: owner
DEBUG: get_current_merchant returning success
DEBUG: db.get(Merchant) finished: krishna store
DEBUG: executing select(MerchantMember) query
DEBUG: select(MerchantMember) query executed
DEBUG: MerchantMember role: owner
DEBUG: get_current_merchant returning success
DEBUG: get_current_merchant starting for user 20f83eef-9bb6-448d-a69e-7a7b9bf4f957, merchant 28d95cad-a38c-4b1d-9654-f6df5fe49e69
DEBUG: calling db.get(Merchant)
DEBUG: get_current_merchant starting for user 20f83eef-9bb6-448d-a69e-7a7b9bf4f957, merchant 28d95cad-a38c-4b1d-9654-f6df5fe49e69
DEBUG: calling db.get(Merchant)
DEBUG: get_current_merchant starting for user 20f83eef-9bb6-448d-a69e-7a7b9bf4f957, merchant 28d95cad-a38c-4b1d-9654-f6df5fe49e69
DEBUG: calling db.get(Merchant)
DEBUG: db.get(Merchant) finished: krishna store
DEBUG: executing select(MerchantMember) query
DEBUG: db.get(Merchant) finished: krishna store
DEBUG: executing select(MerchantMember) query
DEBUG: db.get(Merchant) finished: krishna store
DEBUG: executing select(MerchantMember) query
DEBUG: get_current_merchant starting for user 20f83eef-9bb6-448d-a69e-7a7b9bf4f957, merchant 28d95cad-a38c-4b1d-9654-f6df5fe49e69
DEBUG: calling db.get(Merchant)
DEBUG: select(MerchantMember) query executed
DEBUG: MerchantMember role: owner
DEBUG: get_current_merchant returning success
DEBUG: select(MerchantMember) query executed
DEBUG: MerchantMember role: owner
DEBUG: get_current_merchant returning success
DEBUG: get_current_merchant starting for user 20f83eef-9bb6-448d-a69e-7a7b9bf4f957, merchant 28d95cad-a38c-4b1d-9654-f6df5fe49e69
DEBUG: calling db.get(Merchant)
DEBUG: select(MerchantMember) query executed
DEBUG: MerchantMember role: owner
DEBUG: get_current_merchant returning success
DEBUG: db.get(Merchant) finished: krishna store
DEBUG: executing select(MerchantMember) query
DEBUG: db.get(Merchant) finished: krishna store
DEBUG: executing select(MerchantMember) query
DEBUG: select(MerchantMember) query executed
DEBUG: MerchantMember role: owner
DEBUG: get_current_merchant returning success
DEBUG: select(MerchantMember) query executed
DEBUG: MerchantMember role: owner
DEBUG: get_current_merchant returning success
DEBUG: get_current_merchant starting for user 20f83eef-9bb6-448d-a69e-7a7b9bf4f957, merchant 28d95cad-a38c-4b1d-9654-f6df5fe49e69
DEBUG: calling db.get(Merchant)
DEBUG: get_current_merchant starting for user 20f83eef-9bb6-448d-a69e-7a7b9bf4f957, merchant 28d95cad-a38c-4b1d-9654-f6df5fe49e69
DEBUG: calling db.get(Merchant)
DEBUG: db.get(Merchant) finished: krishna store
DEBUG: executing select(MerchantMember) query
DEBUG: db.get(Merchant) finished: krishna store
DEBUG: executing select(MerchantMember) query
DEBUG: select(MerchantMember) query executed
DEBUG: MerchantMember role: owner
DEBUG: get_current_merchant returning success
DEBUG: select(MerchantMember) query executed
DEBUG: MerchantMember role: owner
DEBUG: get_current_merchant returning success
DEBUG: get_current_merchant starting for user 20f83eef-9bb6-448d-a69e-7a7b9bf4f957, merchant 28d95cad-a38c-4b1d-9654-f6df5fe49e69
DEBUG: calling db.get(Merchant)
DEBUG: db.get(Merchant) finished: krishna store
DEBUG: executing select(MerchantMember) query
DEBUG: select(MerchantMember) query executed
DEBUG: MerchantMember role: owner
DEBUG: get_current_merchant returning success
DEBUG: get_current_merchant starting for user 20f83eef-9bb6-448d-a69e-7a7b9bf4f957, merchant 28d95cad-a38c-4b1d-9654-f6df5fe49e69
DEBUG: calling db.get(Merchant)
DEBUG: db.get(Merchant) finished: krishna store
DEBUG: executing select(MerchantMember) query
DEBUG: select(MerchantMember) query executed
DEBUG: MerchantMember role: owner
DEBUG: get_current_merchant returning success
DEBUG: get_current_merchant starting for user 20f83eef-9bb6-448d-a69e-7a7b9bf4f957, merchant 28d95cad-a38c-4b1d-9654-f6df5fe49e69
DEBUG: calling db.get(Merchant)
DEBUG: db.get(Merchant) finished: krishna store
DEBUG: executing select(MerchantMember) query
DEBUG: select(MerchantMember) query executed
DEBUG: MerchantMember role: owner
DEBUG: get_current_merchant returning success
DEBUG: get_current_merchant starting for user 20f83eef-9bb6-448d-a69e-7a7b9bf4f957, merchant 28d95cad-a38c-4b1d-9654-f6df5fe49e69
DEBUG: calling db.get(Merchant)
DEBUG: db.get(Merchant) finished: krishna store
DEBUG: executing select(MerchantMember) query
DEBUG: select(MerchantMember) query executed
DEBUG: MerchantMember role: owner
DEBUG: get_current_merchant returning success
DEBUG: get_current_merchant starting for user 20f83eef-9bb6-448d-a69e-7a7b9bf4f957, merchant 28d95cad-a38c-4b1d-9654-f6df5fe49e69
DEBUG: calling db.get(Merchant)
DEBUG: db.get(Merchant) finished: krishna store
DEBUG: executing select(MerchantMember) query
DEBUG: get_current_merchant starting for user 20f83eef-9bb6-448d-a69e-7a7b9bf4f957, merchant 28d95cad-a38c-4b1d-9654-f6df5fe49e69
DEBUG: calling db.get(Merchant)
DEBUG: select(MerchantMember) query executed
DEBUG: MerchantMember role: owner
DEBUG: get_current_merchant returning success
DEBUG: get_current_merchant starting for user 20f83eef-9bb6-448d-a69e-7a7b9bf4f957, merchant 28d95cad-a38c-4b1d-9654-f6df5fe49e69
DEBUG: calling db.get(Merchant)
DEBUG: db.get(Merchant) finished: krishna store
DEBUG: executing select(MerchantMember) query
DEBUG: db.get(Merchant) finished: krishna store
DEBUG: executing select(MerchantMember) query
DEBUG: select(MerchantMember) query executed
DEBUG: MerchantMember role: owner
DEBUG: get_current_merchant returning success
DEBUG: get_current_merchant starting for user 20f83eef-9bb6-448d-a69e-7a7b9bf4f957, merchant 28d95cad-a38c-4b1d-9654-f6df5fe49e69
DEBUG: calling db.get(Merchant)
DEBUG: select(MerchantMember) query executed
DEBUG: MerchantMember role: owner
DEBUG: get_current_merchant returning success
DEBUG: db.get(Merchant) finished: krishna store
DEBUG: executing select(MerchantMember) query
DEBUG: select(MerchantMember) query executed
DEBUG: MerchantMember role: owner
DEBUG: get_current_merchant returning success
DEBUG: get_current_merchant starting for user 20f83eef-9bb6-448d-a69e-7a7b9bf4f957, merchant 28d95cad-a38c-4b1d-9654-f6df5fe49e69
DEBUG: calling db.get(Merchant)
DEBUG: db.get(Merchant) finished: krishna store
DEBUG: executing select(MerchantMember) query
DEBUG: select(MerchantMember) query executed
DEBUG: MerchantMember role: owner
DEBUG: get_current_merchant returning success
DEBUG: get_current_merchant starting for user 46521268-8b96-4557-ad76-4a7ec3d6c01a, merchant 68dbd465-7b82-4a6c-9c80-e9ecbbbd57ee
DEBUG: calling db.get(Merchant)
DEBUG: db.get(Merchant) finished: Wallet Read
DEBUG: executing select(MerchantMember) query
DEBUG: select(MerchantMember) query executed
DEBUG: MerchantMember role: owner
DEBUG: get_current_merchant returning success
DEBUG: get_current_merchant starting for user f78b88f1-068e-438d-afc8-8e537497cd45, merchant cc4c5c14-a408-42ee-bc2a-e8233514d10a
DEBUG: calling db.get(Merchant)
DEBUG: db.get(Merchant) finished: Txn List
DEBUG: executing select(MerchantMember) query
DEBUG: select(MerchantMember) query executed
DEBUG: MerchantMember role: owner
DEBUG: get_current_merchant returning success
DEBUG: get_current_merchant starting for user 0ae9ddaf-b2c1-477b-852c-47c42ca8643f, merchant a6e379d5-c7a8-4f0a-b532-617dfd15be2f
DEBUG: calling db.get(Merchant)
DEBUG: db.get(Merchant) finished: Threshold Test
DEBUG: executing select(MerchantMember) query
DEBUG: select(MerchantMember) query executed
DEBUG: MerchantMember role: owner
DEBUG: get_current_merchant returning success
DEBUG: get_current_merchant starting for user 5230038f-6b39-49d1-b945-2a54b5b86921, merchant a203e054-984a-4c90-a006-74e49e806eb1
DEBUG: calling db.get(Merchant)
DEBUG: db.get(Merchant) finished: Intent Test
DEBUG: executing select(MerchantMember) query
DEBUG: select(MerchantMember) query executed
DEBUG: MerchantMember role: owner
DEBUG: get_current_merchant returning success
DEBUG: get_current_merchant starting for user 6b2760be-2163-466c-aea5-57af55c256a9, merchant 40836f70-c701-40d8-b3b9-8941908d2b80
DEBUG: calling db.get(Merchant)
DEBUG: db.get(Merchant) finished: Confirm Test
DEBUG: executing select(MerchantMember) query
DEBUG: select(MerchantMember) query executed
DEBUG: MerchantMember role: owner
DEBUG: get_current_merchant returning success
DEBUG: get_current_merchant starting for user b18ddbf9-07b2-40c2-af7d-26e734fe54c1, merchant 92223082-5de5-4861-97f8-3239043783c1
DEBUG: calling db.get(Merchant)
DEBUG: db.get(Merchant) finished: Idem Test
DEBUG: executing select(MerchantMember) query
DEBUG: select(MerchantMember) query executed
DEBUG: MerchantMember role: owner
DEBUG: get_current_merchant returning success
DEBUG: get_current_merchant starting for user fd786eb4-a564-4415-94a2-2d704abc273b, merchant aa773216-f2ab-42a5-95bd-e5e26d0a0bdf
DEBUG: calling db.get(Merchant)
DEBUG: db.get(Merchant) finished: Bad Sig
DEBUG: executing select(MerchantMember) query
DEBUG: select(MerchantMember) query executed
DEBUG: MerchantMember role: owner
DEBUG: get_current_merchant returning success
DEBUG: get_current_merchant starting for user 3cdc05e9-1bac-4419-a040-7f6c781aa2a9, merchant 6057e4af-fbfe-4d49-87ad-724d27902fa6
DEBUG: calling db.get(Merchant)
DEBUG: db.get(Merchant) finished: Publish Gate
DEBUG: executing select(MerchantMember) query
DEBUG: select(MerchantMember) query executed
DEBUG: MerchantMember role: owner
DEBUG: get_current_merchant returning success
DEBUG: get_current_merchant starting for user 3cdc05e9-1bac-4419-a040-7f6c781aa2a9, merchant 6057e4af-fbfe-4d49-87ad-724d27902fa6
DEBUG: calling db.get(Merchant)
DEBUG: db.get(Merchant) finished: Publish Gate
DEBUG: executing select(MerchantMember) query
DEBUG: select(MerchantMember) query executed
DEBUG: MerchantMember role: owner
DEBUG: get_current_merchant returning success
DEBUG: get_current_merchant starting for user 3cdc05e9-1bac-4419-a040-7f6c781aa2a9, merchant 6057e4af-fbfe-4d49-87ad-724d27902fa6
DEBUG: calling db.get(Merchant)
DEBUG: db.get(Merchant) finished: Publish Gate
DEBUG: executing select(MerchantMember) query
DEBUG: select(MerchantMember) query executed
DEBUG: MerchantMember role: owner
DEBUG: get_current_merchant returning success
DEBUG: get_current_merchant starting for user 40fd23cc-3e39-4f42-8a47-5359f251252a, merchant d1869e51-4821-4690-b18a-3d47ccee9ae2
DEBUG: calling db.get(Merchant)
DEBUG: db.get(Merchant) finished: History Test
DEBUG: executing select(MerchantMember) query
DEBUG: select(MerchantMember) query executed
DEBUG: MerchantMember role: owner
DEBUG: get_current_merchant returning success
DEBUG: get_current_merchant starting for user 40fd23cc-3e39-4f42-8a47-5359f251252a, merchant d1869e51-4821-4690-b18a-3d47ccee9ae2
DEBUG: calling db.get(Merchant)
DEBUG: db.get(Merchant) finished: History Test
DEBUG: executing select(MerchantMember) query
DEBUG: select(MerchantMember) query executed
DEBUG: MerchantMember role: owner
DEBUG: get_current_merchant returning success
DEBUG: get_current_merchant starting for user bc84fb38-e800-4bd2-9953-d93f69ad29c1, merchant 002d40fb-93e9-4258-9457-11472efc8a90
DEBUG: calling db.get(Merchant)
DEBUG: db.get(Merchant) finished: Merchant B
DEBUG: executing select(MerchantMember) query
DEBUG: select(MerchantMember) query executed
DEBUG: MerchantMember role: owner
DEBUG: get_current_merchant returning success
DEBUG: get_current_merchant starting for user bc84fb38-e800-4bd2-9953-d93f69ad29c1, merchant 3bab987b-5098-4c21-9bab-b66b3862a233
DEBUG: calling db.get(Merchant)
DEBUG: db.get(Merchant) finished: Merchant A
DEBUG: executing select(MerchantMember) query
DEBUG: select(MerchantMember) query executed
DEBUG: MerchantMember role: owner
DEBUG: get_current_merchant returning success
DEBUG: get_current_merchant starting for user bc84fb38-e800-4bd2-9953-d93f69ad29c1, merchant 3bab987b-5098-4c21-9bab-b66b3862a233
DEBUG: calling db.get(Merchant)
DEBUG: db.get(Merchant) finished: Merchant A
DEBUG: executing select(MerchantMember) query
DEBUG: select(MerchantMember) query executed
DEBUG: MerchantMember role: owner
DEBUG: get_current_merchant returning success
DEBUG: get_current_merchant starting for user bc84fb38-e800-4bd2-9953-d93f69ad29c1, merchant 002d40fb-93e9-4258-9457-11472efc8a90
DEBUG: calling db.get(Merchant)
DEBUG: db.get(Merchant) finished: Merchant B
DEBUG: executing select(MerchantMember) query
DEBUG: select(MerchantMember) query executed
DEBUG: MerchantMember role: owner
DEBUG: get_current_merchant returning success
DEBUG: get_current_merchant starting for user 20f83eef-9bb6-448d-a69e-7a7b9bf4f957, merchant 28d95cad-a38c-4b1d-9654-f6df5fe49e69
DEBUG: calling db.get(Merchant)
DEBUG: get_current_merchant starting for user 20f83eef-9bb6-448d-a69e-7a7b9bf4f957, merchant 28d95cad-a38c-4b1d-9654-f6df5fe49e69
DEBUG: calling db.get(Merchant)
DEBUG: get_current_merchant starting for user 20f83eef-9bb6-448d-a69e-7a7b9bf4f957, merchant 28d95cad-a38c-4b1d-9654-f6df5fe49e69
DEBUG: calling db.get(Merchant)
DEBUG: db.get(Merchant) finished: krishna store
DEBUG: executing select(MerchantMember) query
DEBUG: db.get(Merchant) finished: krishna store
DEBUG: db.get(Merchant) finished: krishna store
DEBUG: executing select(MerchantMember) query
DEBUG: executing select(MerchantMember) query
DEBUG: select(MerchantMember) query executed
DEBUG: MerchantMember role: owner
DEBUG: get_current_merchant returning success
DEBUG: select(MerchantMember) query executed
DEBUG: MerchantMember role: owner
DEBUG: get_current_merchant returning success
DEBUG: select(MerchantMember) query executed
DEBUG: MerchantMember role: owner
DEBUG: get_current_merchant returning success
DEBUG: get_current_merchant starting for user 20f83eef-9bb6-448d-a69e-7a7b9bf4f957, merchant 28d95cad-a38c-4b1d-9654-f6df5fe49e69
DEBUG: calling db.get(Merchant)
DEBUG: db.get(Merchant) finished: krishna store
DEBUG: executing select(MerchantMember) query
DEBUG: get_current_merchant starting for user 20f83eef-9bb6-448d-a69e-7a7b9bf4f957, merchant 28d95cad-a38c-4b1d-9654-f6df5fe49e69
DEBUG: calling db.get(Merchant)
DEBUG: select(MerchantMember) query executed
DEBUG: MerchantMember role: owner
DEBUG: get_current_merchant returning success
DEBUG: db.get(Merchant) finished: krishna store
DEBUG: executing select(MerchantMember) query
DEBUG: select(MerchantMember) query executed
DEBUG: MerchantMember role: owner
DEBUG: get_current_merchant returning success
DEBUG: get_current_merchant starting for user 20f83eef-9bb6-448d-a69e-7a7b9bf4f957, merchant 28d95cad-a38c-4b1d-9654-f6df5fe49e69
DEBUG: calling db.get(Merchant)
DEBUG: db.get(Merchant) finished: krishna store
DEBUG: executing select(MerchantMember) query
DEBUG: select(MerchantMember) query executed
DEBUG: MerchantMember role: owner
DEBUG: get_current_merchant returning success
DEBUG: get_current_merchant starting for user 20f83eef-9bb6-448d-a69e-7a7b9bf4f957, merchant 28d95cad-a38c-4b1d-9654-f6df5fe49e69
DEBUG: calling db.get(Merchant)
DEBUG: db.get(Merchant) finished: krishna store
DEBUG: executing select(MerchantMember) query
DEBUG: get_current_merchant starting for user 20f83eef-9bb6-448d-a69e-7a7b9bf4f957, merchant 28d95cad-a38c-4b1d-9654-f6df5fe49e69
DEBUG: calling db.get(Merchant)
DEBUG: db.get(Merchant) finished: krishna store
DEBUG: executing select(MerchantMember) query
DEBUG: select(MerchantMember) query executed
DEBUG: MerchantMember role: owner
DEBUG: get_current_merchant returning success
DEBUG: select(MerchantMember) query executed
DEBUG: get_current_merchant starting for user 20f83eef-9bb6-448d-a69e-7a7b9bf4f957, merchant 28d95cad-a38c-4b1d-9654-f6df5fe49e69
DEBUG: MerchantMember role: owner
DEBUG: calling db.get(Merchant)
DEBUG: get_current_merchant returning success
DEBUG: db.get(Merchant) finished: krishna store
DEBUG: executing select(MerchantMember) query
DEBUG: select(MerchantMember) query executed
DEBUG: MerchantMember role: owner
DEBUG: get_current_merchant returning success
DEBUG: get_current_merchant starting for user 20f83eef-9bb6-448d-a69e-7a7b9bf4f957, merchant 28d95cad-a38c-4b1d-9654-f6df5fe49e69
DEBUG: calling db.get(Merchant)
DEBUG: get_current_merchant starting for user 20f83eef-9bb6-448d-a69e-7a7b9bf4f957, merchant 28d95cad-a38c-4b1d-9654-f6df5fe49e69
DEBUG: calling db.get(Merchant)
DEBUG: get_current_merchant starting for user 20f83eef-9bb6-448d-a69e-7a7b9bf4f957, merchant 28d95cad-a38c-4b1d-9654-f6df5fe49e69
DEBUG: calling db.get(Merchant)
DEBUG: db.get(Merchant) finished: krishna store
DEBUG: executing select(MerchantMember) query
DEBUG: get_current_merchant starting for user 20f83eef-9bb6-448d-a69e-7a7b9bf4f957, merchant 28d95cad-a38c-4b1d-9654-f6df5fe49e69
DEBUG: calling db.get(Merchant)
DEBUG: db.get(Merchant) finished: krishna store
DEBUG: executing select(MerchantMember) query
DEBUG: db.get(Merchant) finished: krishna store
DEBUG: executing select(MerchantMember) query
DEBUG: select(MerchantMember) query executed
DEBUG: MerchantMember role: owner
DEBUG: get_current_merchant returning success
DEBUG: db.get(Merchant) finished: krishna store
DEBUG: executing select(MerchantMember) query
DEBUG: select(MerchantMember) query executed
DEBUG: MerchantMember role: owner
DEBUG: get_current_merchant returning success
DEBUG: select(MerchantMember) query executed
DEBUG: MerchantMember role: owner
DEBUG: get_current_merchant starting for user 20f83eef-9bb6-448d-a69e-7a7b9bf4f957, merchant 28d95cad-a38c-4b1d-9654-f6df5fe49e69
DEBUG: get_current_merchant returning success
DEBUG: calling db.get(Merchant)
DEBUG: get_current_merchant starting for user 20f83eef-9bb6-448d-a69e-7a7b9bf4f957, merchant 28d95cad-a38c-4b1d-9654-f6df5fe49e69
DEBUG: calling db.get(Merchant)
DEBUG: get_current_merchant starting for user 20f83eef-9bb6-448d-a69e-7a7b9bf4f957, merchant 28d95cad-a38c-4b1d-9654-f6df5fe49e69
DEBUG: calling db.get(Merchant)
DEBUG: select(MerchantMember) query executed
DEBUG: MerchantMember role: owner
DEBUG: get_current_merchant returning success
DEBUG: db.get(Merchant) finished: krishna store
DEBUG: executing select(MerchantMember) query
DEBUG: db.get(Merchant) finished: krishna store
DEBUG: executing select(MerchantMember) query
DEBUG: db.get(Merchant) finished: krishna store
DEBUG: executing select(MerchantMember) query
DEBUG: select(MerchantMember) query executed
DEBUG: MerchantMember role: owner
DEBUG: get_current_merchant returning success
DEBUG: select(MerchantMember) query executed
DEBUG: MerchantMember role: owner
DEBUG: get_current_merchant returning success
DEBUG: select(MerchantMember) query executed
DEBUG: MerchantMember role: owner
DEBUG: get_current_merchant returning success
DEBUG: get_current_merchant starting for user 20f83eef-9bb6-448d-a69e-7a7b9bf4f957, merchant 28d95cad-a38c-4b1d-9654-f6df5fe49e69
DEBUG: get_current_merchant starting for user 20f83eef-9bb6-448d-a69e-7a7b9bf4f957, merchant 28d95cad-a38c-4b1d-9654-f6df5fe49e69
DEBUG: get_current_merchant starting for user 20f83eef-9bb6-448d-a69e-7a7b9bf4f957, merchant 28d95cad-a38c-4b1d-9654-f6df5fe49e69
DEBUG: calling db.get(Merchant)
DEBUG: calling db.get(Merchant)
DEBUG: calling db.get(Merchant)
DEBUG: get_current_merchant starting for user 20f83eef-9bb6-448d-a69e-7a7b9bf4f957, merchant 28d95cad-a38c-4b1d-9654-f6df5fe49e69
DEBUG: calling db.get(Merchant)
DEBUG: db.get(Merchant) finished: krishna store
DEBUG: executing select(MerchantMember) query
DEBUG: get_current_merchant starting for user 20f83eef-9bb6-448d-a69e-7a7b9bf4f957, merchant 28d95cad-a38c-4b1d-9654-f6df5fe49e69
DEBUG: calling db.get(Merchant)
DEBUG: db.get(Merchant) finished: krishna store
DEBUG: executing select(MerchantMember) query
DEBUG: get_current_merchant starting for user 20f83eef-9bb6-448d-a69e-7a7b9bf4f957, merchant 28d95cad-a38c-4b1d-9654-f6df5fe49e69
DEBUG: calling db.get(Merchant)
DEBUG: db.get(Merchant) finished: krishna store
DEBUG: executing select(MerchantMember) query
DEBUG: select(MerchantMember) query executed
DEBUG: MerchantMember role: owner
DEBUG: get_current_merchant returning success
DEBUG: db.get(Merchant) finished: krishna store
DEBUG: executing select(MerchantMember) query
DEBUG: db.get(Merchant) finished: krishna store
DEBUG: select(MerchantMember) query executed
DEBUG: get_current_merchant starting for user 20f83eef-9bb6-448d-a69e-7a7b9bf4f957, merchant 28d95cad-a38c-4b1d-9654-f6df5fe49e69
DEBUG: executing select(MerchantMember) query
DEBUG: MerchantMember role: owner
DEBUG: calling db.get(Merchant)
DEBUG: get_current_merchant returning success
DEBUG: select(MerchantMember) query executed
DEBUG: MerchantMember role: owner
DEBUG: db.get(Merchant) finished: krishna store
DEBUG: executing select(MerchantMember) query
DEBUG: get_current_merchant returning success
DEBUG: select(MerchantMember) query executed
DEBUG: MerchantMember role: owner
DEBUG: get_current_merchant returning success
DEBUG: db.get(Merchant) finished: krishna store
DEBUG: executing select(MerchantMember) query
DEBUG: select(MerchantMember) query executed
DEBUG: MerchantMember role: owner
DEBUG: get_current_merchant returning success
DEBUG: select(MerchantMember) query executed
DEBUG: select(MerchantMember) query executed
DEBUG: MerchantMember role: owner
DEBUG: get_current_merchant returning success
DEBUG: get_current_merchant returning success
DEBUG: get_current_merchant starting for user 20f83eef-9bb6-448d-a69e-7a7b9bf4f957, merchant 28d95cad-a38c-4b1d-9654-f6df5fe49e69
DEBUG: calling db.get(Merchant)
DEBUG: db.get(Merchant) finished: krishna store
DEBUG: executing select(MerchantMember) query
DEBUG: select(MerchantMember) query executed
DEBUG: MerchantMember role: owner
DEBUG: get_current_merchant returning success
DEBUG: get_current_merchant starting for user 20f83eef-9bb6-448d-a69e-7a7b9bf4f957, merchant 28d95cad-a38c-4b1d-9654-f6df5fe49e69
DEBUG: calling db.get(Merchant)
DEBUG: db.get(Merchant) finished: krishna store
DEBUG: executing select(MerchantMember) query
DEBUG: select(MerchantMember) query executed
DEBUG: MerchantMember role: owner
DEBUG: get_current_merchant returning success
DEBUG: get_current_merchant starting for user 20f83eef-9bb6-448d-a69e-7a7b9bf4f957, merchant 28d95cad-a38c-4b1d-9654-f6df5fe49e69
DEBUG: calling db.get(Merchant)
DEBUG: db.get(Merchant) finished: krishna store
DEBUG: executing select(MerchantMember) query
DEBUG: select(MerchantMember) query executed
DEBUG: MerchantMember role: owner
DEBUG: get_current_merchant returning success
DEBUG: get_current_merchant starting for user 7ec9ec91-294d-46cc-9466-9eb07a77aae4, merchant d83baedb-6de9-43d8-ad8e-f7ff3a450138
DEBUG: calling db.get(Merchant)
DEBUG: db.get(Merchant) finished: Wallet Read
DEBUG: executing select(MerchantMember) query
DEBUG: select(MerchantMember) query executed
DEBUG: MerchantMember role: owner
DEBUG: get_current_merchant returning success
DEBUG: get_current_merchant starting for user 2a421341-0bb0-4c27-adb7-2e1861ab5c9c, merchant 1ed5bf81-84ce-43fa-9468-ddc555fe4b2a
DEBUG: calling db.get(Merchant)
DEBUG: db.get(Merchant) finished: Txn List
DEBUG: executing select(MerchantMember) query
DEBUG: select(MerchantMember) query executed
DEBUG: MerchantMember role: owner
DEBUG: get_current_merchant returning success
DEBUG: get_current_merchant starting for user 180baa98-87da-4d9e-879d-af134caed25c, merchant 51579660-84ab-469b-a312-764723798ca9
DEBUG: calling db.get(Merchant)
DEBUG: db.get(Merchant) finished: Threshold Test
DEBUG: executing select(MerchantMember) query
DEBUG: select(MerchantMember) query executed
DEBUG: MerchantMember role: owner
DEBUG: get_current_merchant returning success
DEBUG: get_current_merchant starting for user 55a5846f-b85e-40c9-b42f-b46394035452, merchant be9d7469-7e66-4492-848f-e5dc81333059
DEBUG: calling db.get(Merchant)
DEBUG: db.get(Merchant) finished: Intent Test
DEBUG: executing select(MerchantMember) query
DEBUG: select(MerchantMember) query executed
DEBUG: MerchantMember role: owner
DEBUG: get_current_merchant returning success
DEBUG: get_current_merchant starting for user 1c488de9-ed8d-4a29-b880-0a1f98257f55, merchant 995ac7be-8683-46fb-a113-1495e725e8a9
DEBUG: calling db.get(Merchant)
DEBUG: db.get(Merchant) finished: Confirm Test
DEBUG: executing select(MerchantMember) query
DEBUG: select(MerchantMember) query executed
DEBUG: MerchantMember role: owner
DEBUG: get_current_merchant returning success
DEBUG: get_current_merchant starting for user 5c876e90-fde5-4128-9195-160b90b1695d, merchant 1f063731-e63e-40a5-a96a-0fb62adc020c
DEBUG: calling db.get(Merchant)
DEBUG: db.get(Merchant) finished: Idem Test
DEBUG: executing select(MerchantMember) query
DEBUG: select(MerchantMember) query executed
DEBUG: MerchantMember role: owner
DEBUG: get_current_merchant returning success
DEBUG: get_current_merchant starting for user ec05b7a3-5f0d-4912-a022-dfbcac65c86d, merchant c9d22904-138c-4100-b122-3cf636d1ef47
DEBUG: calling db.get(Merchant)
DEBUG: db.get(Merchant) finished: Bad Sig
DEBUG: executing select(MerchantMember) query
DEBUG: select(MerchantMember) query executed
DEBUG: MerchantMember role: owner
DEBUG: get_current_merchant returning success
DEBUG: get_current_merchant starting for user 8ca82614-9a97-40af-85ae-45c8900ea533, merchant b00149db-2672-461f-8a32-7761ac56fa68
DEBUG: calling db.get(Merchant)
DEBUG: db.get(Merchant) finished: Publish Gate
DEBUG: executing select(MerchantMember) query
DEBUG: select(MerchantMember) query executed
DEBUG: MerchantMember role: owner
DEBUG: get_current_merchant returning success
DEBUG: get_current_merchant starting for user 8ca82614-9a97-40af-85ae-45c8900ea533, merchant b00149db-2672-461f-8a32-7761ac56fa68
DEBUG: calling db.get(Merchant)
DEBUG: db.get(Merchant) finished: Publish Gate
DEBUG: executing select(MerchantMember) query
DEBUG: select(MerchantMember) query executed
DEBUG: MerchantMember role: owner
DEBUG: get_current_merchant returning success
DEBUG: get_current_merchant starting for user 8ca82614-9a97-40af-85ae-45c8900ea533, merchant b00149db-2672-461f-8a32-7761ac56fa68
DEBUG: calling db.get(Merchant)
DEBUG: db.get(Merchant) finished: Publish Gate
DEBUG: executing select(MerchantMember) query
DEBUG: select(MerchantMember) query executed
DEBUG: MerchantMember role: owner
DEBUG: get_current_merchant returning success
DEBUG: get_current_merchant starting for user 719f9f85-c6aa-45e3-80ed-99e63bcc5f56, merchant c4c9d1df-634d-4c0c-a9d7-2a82ac540c13
DEBUG: calling db.get(Merchant)
DEBUG: db.get(Merchant) finished: History Test
DEBUG: executing select(MerchantMember) query
DEBUG: select(MerchantMember) query executed
DEBUG: MerchantMember role: owner
DEBUG: get_current_merchant returning success
DEBUG: get_current_merchant starting for user 719f9f85-c6aa-45e3-80ed-99e63bcc5f56, merchant c4c9d1df-634d-4c0c-a9d7-2a82ac540c13
DEBUG: calling db.get(Merchant)
DEBUG: db.get(Merchant) finished: History Test
DEBUG: executing select(MerchantMember) query
DEBUG: select(MerchantMember) query executed
DEBUG: MerchantMember role: owner
DEBUG: get_current_merchant returning success
DEBUG: get_current_merchant starting for user 2764cb18-ca86-4ab9-8004-95ed5c957a42, merchant bbbb55f1-dae0-4626-80ed-9b9c7807a40a
DEBUG: calling db.get(Merchant)
DEBUG: db.get(Merchant) finished: Merchant B
DEBUG: executing select(MerchantMember) query
DEBUG: select(MerchantMember) query executed
DEBUG: MerchantMember role: owner
DEBUG: get_current_merchant returning success
DEBUG: get_current_merchant starting for user 2764cb18-ca86-4ab9-8004-95ed5c957a42, merchant 1b389af1-a1da-4336-a746-b33030982b61
DEBUG: calling db.get(Merchant)
DEBUG: db.get(Merchant) finished: Merchant A
DEBUG: executing select(MerchantMember) query
DEBUG: select(MerchantMember) query executed
DEBUG: MerchantMember role: owner
DEBUG: get_current_merchant returning success
DEBUG: get_current_merchant starting for user 2764cb18-ca86-4ab9-8004-95ed5c957a42, merchant 1b389af1-a1da-4336-a746-b33030982b61
DEBUG: calling db.get(Merchant)
DEBUG: db.get(Merchant) finished: Merchant A
DEBUG: executing select(MerchantMember) query
DEBUG: select(MerchantMember) query executed
DEBUG: MerchantMember role: owner
DEBUG: get_current_merchant returning success
DEBUG: get_current_merchant starting for user 2764cb18-ca86-4ab9-8004-95ed5c957a42, merchant bbbb55f1-dae0-4626-80ed-9b9c7807a40a
DEBUG: calling db.get(Merchant)
DEBUG: db.get(Merchant) finished: Merchant B
DEBUG: executing select(MerchantMember) query
DEBUG: select(MerchantMember) query executed
DEBUG: MerchantMember role: owner
DEBUG: get_current_merchant returning success
DEBUG: get_current_merchant starting for user 20f83eef-9bb6-448d-a69e-7a7b9bf4f957, merchant 28d95cad-a38c-4b1d-9654-f6df5fe49e69
DEBUG: calling db.get(Merchant)
DEBUG: get_current_merchant starting for user 20f83eef-9bb6-448d-a69e-7a7b9bf4f957, merchant 28d95cad-a38c-4b1d-9654-f6df5fe49e69
DEBUG: calling db.get(Merchant)
DEBUG: db.get(Merchant) finished: krishna store
DEBUG: executing select(MerchantMember) query
DEBUG: select(MerchantMember) query executed
DEBUG: MerchantMember role: owner
DEBUG: get_current_merchant returning success
DEBUG: db.get(Merchant) finished: krishna store
DEBUG: executing select(MerchantMember) query
DEBUG: select(MerchantMember) query executed
DEBUG: MerchantMember role: owner
DEBUG: get_current_merchant returning success
DEBUG: get_current_merchant starting for user 20f83eef-9bb6-448d-a69e-7a7b9bf4f957, merchant 28d95cad-a38c-4b1d-9654-f6df5fe49e69
DEBUG: calling db.get(Merchant)
DEBUG: db.get(Merchant) finished: krishna store
DEBUG: executing select(MerchantMember) query
DEBUG: select(MerchantMember) query executed
DEBUG: MerchantMember role: owner
DEBUG: get_current_merchant returning success
DEBUG: get_current_merchant starting for user 20f83eef-9bb6-448d-a69e-7a7b9bf4f957, merchant 28d95cad-a38c-4b1d-9654-f6df5fe49e69
DEBUG: calling db.get(Merchant)
DEBUG: db.get(Merchant) finished: krishna store
DEBUG: executing select(MerchantMember) query
DEBUG: select(MerchantMember) query executed
DEBUG: MerchantMember role: owner
DEBUG: get_current_merchant returning success
DEBUG: get_current_merchant starting for user 20f83eef-9bb6-448d-a69e-7a7b9bf4f957, merchant 28d95cad-a38c-4b1d-9654-f6df5fe49e69
DEBUG: calling db.get(Merchant)
DEBUG: db.get(Merchant) finished: krishna store
DEBUG: executing select(MerchantMember) query
DEBUG: select(MerchantMember) query executed
DEBUG: MerchantMember role: owner
DEBUG: get_current_merchant returning success
DEBUG: get_current_merchant starting for user 20f83eef-9bb6-448d-a69e-7a7b9bf4f957, merchant 28d95cad-a38c-4b1d-9654-f6df5fe49e69
DEBUG: calling db.get(Merchant)
DEBUG: db.get(Merchant) finished: krishna store
DEBUG: executing select(MerchantMember) query
DEBUG: select(MerchantMember) query executed
DEBUG: MerchantMember role: owner
DEBUG: get_current_merchant returning success
DEBUG: get_current_merchant starting for user 20f83eef-9bb6-448d-a69e-7a7b9bf4f957, merchant 28d95cad-a38c-4b1d-9654-f6df5fe49e69
DEBUG: calling db.get(Merchant)
DEBUG: db.get(Merchant) finished: krishna store
DEBUG: executing select(MerchantMember) query
DEBUG: select(MerchantMember) query executed
DEBUG: MerchantMember role: owner
DEBUG: get_current_merchant returning success
DEBUG: get_current_merchant starting for user 20f83eef-9bb6-448d-a69e-7a7b9bf4f957, merchant 28d95cad-a38c-4b1d-9654-f6df5fe49e69
DEBUG: calling db.get(Merchant)
DEBUG: db.get(Merchant) finished: krishna store
DEBUG: executing select(MerchantMember) query
DEBUG: select(MerchantMember) query executed
DEBUG: MerchantMember role: owner
DEBUG: get_current_merchant returning success
DEBUG: get_current_merchant starting for user 20f83eef-9bb6-448d-a69e-7a7b9bf4f957, merchant 28d95cad-a38c-4b1d-9654-f6df5fe49e69
DEBUG: calling db.get(Merchant)
DEBUG: db.get(Merchant) finished: krishna store
DEBUG: executing select(MerchantMember) query
DEBUG: get_current_merchant starting for user 20f83eef-9bb6-448d-a69e-7a7b9bf4f957, merchant 28d95cad-a38c-4b1d-9654-f6df5fe49e69
DEBUG: calling db.get(Merchant)
DEBUG: select(MerchantMember) query executed
DEBUG: MerchantMember role: owner
DEBUG: get_current_merchant returning success
DEBUG: db.get(Merchant) finished: krishna store
DEBUG: executing select(MerchantMember) query
DEBUG: select(MerchantMember) query executed
DEBUG: MerchantMember role: owner
DEBUG: get_current_merchant returning success
DEBUG: get_current_merchant starting for user 20f83eef-9bb6-448d-a69e-7a7b9bf4f957, merchant 28d95cad-a38c-4b1d-9654-f6df5fe49e69
DEBUG: calling db.get(Merchant)
DEBUG: db.get(Merchant) finished: krishna store
DEBUG: executing select(MerchantMember) query
DEBUG: get_current_merchant starting for user 20f83eef-9bb6-448d-a69e-7a7b9bf4f957, merchant 28d95cad-a38c-4b1d-9654-f6df5fe49e69
DEBUG: calling db.get(Merchant)
DEBUG: select(MerchantMember) query executed
DEBUG: MerchantMember role: owner
DEBUG: get_current_merchant returning success
DEBUG: db.get(Merchant) finished: krishna store
DEBUG: executing select(MerchantMember) query
DEBUG: select(MerchantMember) query executed
DEBUG: MerchantMember role: owner
DEBUG: get_current_merchant returning success
DEBUG: get_current_merchant starting for user 20f83eef-9bb6-448d-a69e-7a7b9bf4f957, merchant 28d95cad-a38c-4b1d-9654-f6df5fe49e69
DEBUG: calling db.get(Merchant)
DEBUG: get_current_merchant starting for user 20f83eef-9bb6-448d-a69e-7a7b9bf4f957, merchant 28d95cad-a38c-4b1d-9654-f6df5fe49e69
DEBUG: calling db.get(Merchant)
DEBUG: get_current_merchant starting for user 20f83eef-9bb6-448d-a69e-7a7b9bf4f957, merchant 28d95cad-a38c-4b1d-9654-f6df5fe49e69
DEBUG: calling db.get(Merchant)
DEBUG: db.get(Merchant) finished: krishna store
DEBUG: executing select(MerchantMember) query
DEBUG: db.get(Merchant) finished: krishna store
DEBUG: executing select(MerchantMember) query
DEBUG: db.get(Merchant) finished: krishna store
DEBUG: executing select(MerchantMember) query
DEBUG: select(MerchantMember) query executed
DEBUG: MerchantMember role: owner
DEBUG: get_current_merchant returning success
DEBUG: select(MerchantMember) query executed
DEBUG: MerchantMember role: owner
DEBUG: get_current_merchant returning success
DEBUG: get_current_merchant starting for user 20f83eef-9bb6-448d-a69e-7a7b9bf4f957, merchant 28d95cad-a38c-4b1d-9654-f6df5fe49e69
DEBUG: calling db.get(Merchant)
DEBUG: select(MerchantMember) query executed
DEBUG: MerchantMember role: owner
DEBUG: get_current_merchant returning success
DEBUG: db.get(Merchant) finished: krishna store
DEBUG: executing select(MerchantMember) query
DEBUG: select(MerchantMember) query executed
DEBUG: MerchantMember role: owner
DEBUG: get_current_merchant returning success
DEBUG: get_current_merchant starting for user 20f83eef-9bb6-448d-a69e-7a7b9bf4f957, merchant 28d95cad-a38c-4b1d-9654-f6df5fe49e69
DEBUG: calling db.get(Merchant)
DEBUG: db.get(Merchant) finished: krishna store
DEBUG: executing select(MerchantMember) query
DEBUG: select(MerchantMember) query executed
DEBUG: MerchantMember role: owner
DEBUG: get_current_merchant returning success
DEBUG: get_current_merchant starting for user 20f83eef-9bb6-448d-a69e-7a7b9bf4f957, merchant 28d95cad-a38c-4b1d-9654-f6df5fe49e69
DEBUG: calling db.get(Merchant)
DEBUG: db.get(Merchant) finished: krishna store
DEBUG: executing select(MerchantMember) query
DEBUG: select(MerchantMember) query executed
DEBUG: MerchantMember role: owner
DEBUG: get_current_merchant returning success
DEBUG: get_current_merchant starting for user 20f83eef-9bb6-448d-a69e-7a7b9bf4f957, merchant 28d95cad-a38c-4b1d-9654-f6df5fe49e69
DEBUG: calling db.get(Merchant)
DEBUG: db.get(Merchant) finished: krishna store
DEBUG: executing select(MerchantMember) query
DEBUG: select(MerchantMember) query executed
DEBUG: MerchantMember role: owner
DEBUG: get_current_merchant returning success
DEBUG: get_current_merchant starting for user 20f83eef-9bb6-448d-a69e-7a7b9bf4f957, merchant 28d95cad-a38c-4b1d-9654-f6df5fe49e69
DEBUG: calling db.get(Merchant)
DEBUG: db.get(Merchant) finished: krishna store
DEBUG: executing select(MerchantMember) query
DEBUG: select(MerchantMember) query executed
DEBUG: MerchantMember role: owner
DEBUG: get_current_merchant returning success
DEBUG: get_current_merchant starting for user 20f83eef-9bb6-448d-a69e-7a7b9bf4f957, merchant 28d95cad-a38c-4b1d-9654-f6df5fe49e69
DEBUG: calling db.get(Merchant)
DEBUG: db.get(Merchant) finished: krishna store
DEBUG: executing select(MerchantMember) query
DEBUG: select(MerchantMember) query executed
DEBUG: MerchantMember role: owner
DEBUG: get_current_merchant returning success
DEBUG: get_current_merchant starting for user 20f83eef-9bb6-448d-a69e-7a7b9bf4f957, merchant 28d95cad-a38c-4b1d-9654-f6df5fe49e69
DEBUG: calling db.get(Merchant)
DEBUG: get_current_merchant starting for user 20f83eef-9bb6-448d-a69e-7a7b9bf4f957, merchant 28d95cad-a38c-4b1d-9654-f6df5fe49e69
DEBUG: calling db.get(Merchant)
DEBUG: db.get(Merchant) finished: krishna store
DEBUG: executing select(MerchantMember) query
DEBUG: db.get(Merchant) finished: krishna store
DEBUG: executing select(MerchantMember) query
DEBUG: select(MerchantMember) query executed
DEBUG: MerchantMember role: owner
DEBUG: get_current_merchant returning success
DEBUG: select(MerchantMember) query executed
DEBUG: MerchantMember role: owner
DEBUG: get_current_merchant returning success
DEBUG: get_current_merchant starting for user 20f83eef-9bb6-448d-a69e-7a7b9bf4f957, merchant 28d95cad-a38c-4b1d-9654-f6df5fe49e69
DEBUG: calling db.get(Merchant)
DEBUG: get_current_merchant starting for user 20f83eef-9bb6-448d-a69e-7a7b9bf4f957, merchant 28d95cad-a38c-4b1d-9654-f6df5fe49e69
DEBUG: calling db.get(Merchant)
DEBUG: db.get(Merchant) finished: krishna store
DEBUG: executing select(MerchantMember) query
DEBUG: get_current_merchant starting for user 20f83eef-9bb6-448d-a69e-7a7b9bf4f957, merchant 28d95cad-a38c-4b1d-9654-f6df5fe49e69
DEBUG: calling db.get(Merchant)
DEBUG: db.get(Merchant) finished: krishna store
DEBUG: executing select(MerchantMember) query
DEBUG: select(MerchantMember) query executed
DEBUG: MerchantMember role: owner
DEBUG: get_current_merchant returning success
DEBUG: db.get(Merchant) finished: krishna store
DEBUG: executing select(MerchantMember) query
DEBUG: select(MerchantMember) query executed
DEBUG: MerchantMember role: owner
DEBUG: get_current_merchant returning success
DEBUG: select(MerchantMember) query executed
DEBUG: MerchantMember role: owner
DEBUG: get_current_merchant returning success
DEBUG: get_current_merchant starting for user 20f83eef-9bb6-448d-a69e-7a7b9bf4f957, merchant 28d95cad-a38c-4b1d-9654-f6df5fe49e69
DEBUG: calling db.get(Merchant)
DEBUG: db.get(Merchant) finished: krishna store
DEBUG: executing select(MerchantMember) query
DEBUG: select(MerchantMember) query executed
DEBUG: MerchantMember role: owner
DEBUG: get_current_merchant returning success
DEBUG: get_current_merchant starting for user 20f83eef-9bb6-448d-a69e-7a7b9bf4f957, merchant 28d95cad-a38c-4b1d-9654-f6df5fe49e69
DEBUG: calling db.get(Merchant)
DEBUG: db.get(Merchant) finished: krishna store
DEBUG: executing select(MerchantMember) query
DEBUG: select(MerchantMember) query executed
DEBUG: MerchantMember role: owner
DEBUG: get_current_merchant returning success
DEBUG: get_current_merchant starting for user 20f83eef-9bb6-448d-a69e-7a7b9bf4f957, merchant 28d95cad-a38c-4b1d-9654-f6df5fe49e69
DEBUG: calling db.get(Merchant)
DEBUG: get_current_merchant starting for user 20f83eef-9bb6-448d-a69e-7a7b9bf4f957, merchant 28d95cad-a38c-4b1d-9654-f6df5fe49e69
DEBUG: calling db.get(Merchant)
DEBUG: get_current_merchant starting for user 20f83eef-9bb6-448d-a69e-7a7b9bf4f957, merchant 28d95cad-a38c-4b1d-9654-f6df5fe49e69
DEBUG: calling db.get(Merchant)
DEBUG: get_current_merchant starting for user 20f83eef-9bb6-448d-a69e-7a7b9bf4f957, merchant 28d95cad-a38c-4b1d-9654-f6df5fe49e69
DEBUG: calling db.get(Merchant)
DEBUG: db.get(Merchant) finished: krishna store
DEBUG: executing select(MerchantMember) query
DEBUG: get_current_merchant starting for user 20f83eef-9bb6-448d-a69e-7a7b9bf4f957, merchant 28d95cad-a38c-4b1d-9654-f6df5fe49e69
DEBUG: calling db.get(Merchant)
DEBUG: db.get(Merchant) finished: krishna store
DEBUG: executing select(MerchantMember) query
DEBUG: db.get(Merchant) finished: krishna store
DEBUG: executing select(MerchantMember) query
DEBUG: db.get(Merchant) finished: krishna store
DEBUG: executing select(MerchantMember) query
DEBUG: select(MerchantMember) query executed
DEBUG: MerchantMember role: owner
DEBUG: get_current_merchant returning success
DEBUG: select(MerchantMember) query executed
DEBUG: MerchantMember role: owner
DEBUG: get_current_merchant returning success
DEBUG: select(MerchantMember) query executed
DEBUG: MerchantMember role: owner
DEBUG: get_current_merchant returning success
DEBUG: select(MerchantMember) query executed
DEBUG: MerchantMember role: owner
DEBUG: get_current_merchant returning success
DEBUG: db.get(Merchant) finished: krishna store
DEBUG: executing select(MerchantMember) query
DEBUG: select(MerchantMember) query executed
DEBUG: MerchantMember role: owner
DEBUG: get_current_merchant returning success
DEBUG: get_current_merchant starting for user b59b6399-41d3-480b-8682-118caff3e707, merchant 3563647e-968e-43e7-8bf0-8fa530060f5c
DEBUG: calling db.get(Merchant)
DEBUG: db.get(Merchant) finished: CRM Test Merchant
DEBUG: executing select(MerchantMember) query
DEBUG: select(MerchantMember) query executed
DEBUG: MerchantMember role: owner
DEBUG: get_current_merchant returning success
DEBUG: get_current_merchant starting for user b59b6399-41d3-480b-8682-118caff3e707, merchant 3563647e-968e-43e7-8bf0-8fa530060f5c
DEBUG: calling db.get(Merchant)
DEBUG: db.get(Merchant) finished: CRM Test Merchant
DEBUG: executing select(MerchantMember) query
DEBUG: select(MerchantMember) query executed
DEBUG: MerchantMember role: owner
DEBUG: get_current_merchant returning success
DEBUG: get_current_merchant starting for user b59b6399-41d3-480b-8682-118caff3e707, merchant 3563647e-968e-43e7-8bf0-8fa530060f5c
DEBUG: calling db.get(Merchant)
DEBUG: db.get(Merchant) finished: CRM Test Merchant
DEBUG: executing select(MerchantMember) query
DEBUG: select(MerchantMember) query executed
DEBUG: MerchantMember role: owner
DEBUG: get_current_merchant returning success
DEBUG: get_current_merchant starting for user cb60978c-4919-4503-8041-db8232a94833, merchant 26254c18-4ec8-4a75-bcdf-ff089423231c
DEBUG: calling db.get(Merchant)
DEBUG: db.get(Merchant) finished: Analytics Co
DEBUG: executing select(MerchantMember) query
DEBUG: select(MerchantMember) query executed
DEBUG: MerchantMember role: owner
DEBUG: get_current_merchant returning success
DEBUG: get_current_merchant starting for user a5c09d36-db85-48cd-b427-d9275ae039d2, merchant e0c0901e-af38-4b44-8e96-358fa6792b30
DEBUG: calling db.get(Merchant)
DEBUG: db.get(Merchant) finished: Analytics Co
DEBUG: executing select(MerchantMember) query
DEBUG: select(MerchantMember) query executed
DEBUG: MerchantMember role: owner
DEBUG: get_current_merchant returning success
DEBUG: get_current_merchant starting for user 94ca7ff9-5fef-438b-bd6f-9b1f7da9d19e, merchant 54783fea-8435-4961-b3d7-916a7c8db4c3
DEBUG: calling db.get(Merchant)
DEBUG: db.get(Merchant) finished: Analytics Co
DEBUG: executing select(MerchantMember) query
DEBUG: select(MerchantMember) query executed
DEBUG: MerchantMember role: owner
DEBUG: get_current_merchant returning success
DEBUG: get_current_merchant starting for user b82b3880-4680-498a-bf15-dd67dfea76ec, merchant ddcc97b0-212a-41f0-aa95-8de356f402ff
DEBUG: calling db.get(Merchant)
DEBUG: db.get(Merchant) finished: Diag
DEBUG: executing select(MerchantMember) query
DEBUG: select(MerchantMember) query executed
DEBUG: MerchantMember role: owner
DEBUG: get_current_merchant returning success
DEBUG: get_current_merchant starting for user 2de5c9a0-d729-40aa-b81d-438280bd7d7a, merchant da4159d3-abf6-466e-b228-f4ed9a81365d
DEBUG: calling db.get(Merchant)
DEBUG: db.get(Merchant) finished: CRM Test Merchant
DEBUG: executing select(MerchantMember) query
DEBUG: select(MerchantMember) query executed
DEBUG: MerchantMember role: owner
DEBUG: get_current_merchant returning success
DEBUG: get_current_merchant starting for user 2de5c9a0-d729-40aa-b81d-438280bd7d7a, merchant da4159d3-abf6-466e-b228-f4ed9a81365d
DEBUG: calling db.get(Merchant)
DEBUG: db.get(Merchant) finished: CRM Test Merchant
DEBUG: executing select(MerchantMember) query
DEBUG: select(MerchantMember) query executed
DEBUG: MerchantMember role: owner
DEBUG: get_current_merchant returning success
DEBUG: get_current_merchant starting for user 2de5c9a0-d729-40aa-b81d-438280bd7d7a, merchant da4159d3-abf6-466e-b228-f4ed9a81365d
DEBUG: calling db.get(Merchant)
DEBUG: db.get(Merchant) finished: CRM Test Merchant
DEBUG: executing select(MerchantMember) query
DEBUG: select(MerchantMember) query executed
DEBUG: MerchantMember role: owner
DEBUG: get_current_merchant returning success
DEBUG: get_current_merchant starting for user 1c87323d-f1b1-45ad-8732-8c8d423aea62, merchant 3de4e5eb-69a9-42fd-8b40-19028c12d367
DEBUG: calling db.get(Merchant)
DEBUG: db.get(Merchant) finished: Ctx
DEBUG: executing select(MerchantMember) query
DEBUG: select(MerchantMember) query executed
DEBUG: MerchantMember role: owner
DEBUG: get_current_merchant returning success
DEBUG: get_current_merchant starting for user 81079fae-bfbf-467e-9294-e296c5191555, merchant b6769ced-e7f8-4c3f-aacd-3a60ec350aae
DEBUG: calling db.get(Merchant)
DEBUG: db.get(Merchant) finished: Other
DEBUG: executing select(MerchantMember) query
DEBUG: select(MerchantMember) query executed
DEBUG: MerchantMember role: None
DEBUG: get_current_merchant got exception: 403: not a member of this merchant
DEBUG: get_current_merchant starting for user ac2d32d9-cfa6-4887-9282-29d0f7cb97ef, merchant 4d8e5611-c088-420a-8269-f5a452a852c0
DEBUG: calling db.get(Merchant)
DEBUG: db.get(Merchant) finished: None
DEBUG: get_current_merchant got exception: 404: merchant not found
DEBUG: get_current_merchant starting for user afa9bc3d-ec19-41de-b3e9-c3bbd38aa707, merchant 25855e57-c96b-45c1-83f8-0927db771c6d
DEBUG: calling db.get(Merchant)
DEBUG: db.get(Merchant) finished: Prod Test
DEBUG: executing select(MerchantMember) query
DEBUG: select(MerchantMember) query executed
DEBUG: MerchantMember role: owner
DEBUG: get_current_merchant returning success
DEBUG: get_current_merchant starting for user 5f63bd86-d927-4fd1-930b-b4b4bc07cbcd, merchant b2ee5727-470d-4384-aed2-72d44a5f8884
DEBUG: calling db.get(Merchant)
DEBUG: db.get(Merchant) finished: Dup
DEBUG: executing select(MerchantMember) query
DEBUG: select(MerchantMember) query executed
DEBUG: MerchantMember role: owner
DEBUG: get_current_merchant returning success
DEBUG: get_current_merchant starting for user 5f63bd86-d927-4fd1-930b-b4b4bc07cbcd, merchant b2ee5727-470d-4384-aed2-72d44a5f8884
DEBUG: calling db.get(Merchant)
DEBUG: db.get(Merchant) finished: Dup
DEBUG: executing select(MerchantMember) query
DEBUG: select(MerchantMember) query executed
DEBUG: MerchantMember role: owner
DEBUG: get_current_merchant returning success
DEBUG: get_current_merchant starting for user db798469-f195-4cb7-86f0-84d338947dff, merchant 2c43d49d-6a8e-4b2d-afc8-4a1e7692d6e5
DEBUG: calling db.get(Merchant)
DEBUG: db.get(Merchant) finished: M1
DEBUG: executing select(MerchantMember) query
DEBUG: select(MerchantMember) query executed
DEBUG: MerchantMember role: owner
DEBUG: get_current_merchant returning success
DEBUG: get_current_merchant starting for user db798469-f195-4cb7-86f0-84d338947dff, merchant 2c43d49d-6a8e-4b2d-afc8-4a1e7692d6e5
DEBUG: calling db.get(Merchant)
DEBUG: db.get(Merchant) finished: M1
DEBUG: executing select(MerchantMember) query
DEBUG: select(MerchantMember) query executed
DEBUG: MerchantMember role: owner
DEBUG: get_current_merchant returning success
DEBUG: get_current_merchant starting for user db798469-f195-4cb7-86f0-84d338947dff, merchant e15f3d66-a511-4e29-b59b-c7bbf6d0fd07
DEBUG: calling db.get(Merchant)
DEBUG: db.get(Merchant) finished: M2
DEBUG: executing select(MerchantMember) query
DEBUG: select(MerchantMember) query executed
DEBUG: MerchantMember role: owner
DEBUG: get_current_merchant returning success
DEBUG: get_current_merchant starting for user db798469-f195-4cb7-86f0-84d338947dff, merchant e15f3d66-a511-4e29-b59b-c7bbf6d0fd07
DEBUG: calling db.get(Merchant)
DEBUG: db.get(Merchant) finished: M2
DEBUG: executing select(MerchantMember) query
DEBUG: select(MerchantMember) query executed
DEBUG: MerchantMember role: owner
DEBUG: get_current_merchant returning success
DEBUG: get_current_merchant starting for user db798469-f195-4cb7-86f0-84d338947dff, merchant e15f3d66-a511-4e29-b59b-c7bbf6d0fd07
DEBUG: calling db.get(Merchant)
DEBUG: db.get(Merchant) finished: M2
DEBUG: executing select(MerchantMember) query
DEBUG: select(MerchantMember) query executed
DEBUG: MerchantMember role: owner
DEBUG: get_current_merchant returning success
DEBUG: get_current_merchant starting for user db798469-f195-4cb7-86f0-84d338947dff, merchant 2c43d49d-6a8e-4b2d-afc8-4a1e7692d6e5
DEBUG: calling db.get(Merchant)
DEBUG: db.get(Merchant) finished: M1
DEBUG: executing select(MerchantMember) query
DEBUG: select(MerchantMember) query executed
DEBUG: MerchantMember role: owner
DEBUG: get_current_merchant returning success
DEBUG: get_current_merchant starting for user b074cbf4-081a-4d68-b54e-0b2d212b42bd, merchant 73366197-9e75-441f-911c-ad9fa881d94c
DEBUG: calling db.get(Merchant)
DEBUG: db.get(Merchant) finished: Filt
DEBUG: executing select(MerchantMember) query
DEBUG: select(MerchantMember) query executed
DEBUG: MerchantMember role: owner
DEBUG: get_current_merchant returning success
DEBUG: get_current_merchant starting for user b074cbf4-081a-4d68-b54e-0b2d212b42bd, merchant 73366197-9e75-441f-911c-ad9fa881d94c
DEBUG: calling db.get(Merchant)
DEBUG: db.get(Merchant) finished: Filt
DEBUG: executing select(MerchantMember) query
DEBUG: select(MerchantMember) query executed
DEBUG: MerchantMember role: owner
DEBUG: get_current_merchant returning success
DEBUG: get_current_merchant starting for user b074cbf4-081a-4d68-b54e-0b2d212b42bd, merchant 73366197-9e75-441f-911c-ad9fa881d94c
DEBUG: calling db.get(Merchant)
DEBUG: db.get(Merchant) finished: Filt
DEBUG: executing select(MerchantMember) query
DEBUG: select(MerchantMember) query executed
DEBUG: MerchantMember role: owner
DEBUG: get_current_merchant returning success
DEBUG: get_current_merchant starting for user b074cbf4-081a-4d68-b54e-0b2d212b42bd, merchant 73366197-9e75-441f-911c-ad9fa881d94c
DEBUG: calling db.get(Merchant)
DEBUG: db.get(Merchant) finished: Filt
DEBUG: executing select(MerchantMember) query
DEBUG: select(MerchantMember) query executed
DEBUG: MerchantMember role: owner
DEBUG: get_current_merchant returning success
DEBUG: get_current_merchant starting for user b074cbf4-081a-4d68-b54e-0b2d212b42bd, merchant 73366197-9e75-441f-911c-ad9fa881d94c
DEBUG: calling db.get(Merchant)
DEBUG: db.get(Merchant) finished: Filt
DEBUG: executing select(MerchantMember) query
DEBUG: select(MerchantMember) query executed
DEBUG: MerchantMember role: owner
DEBUG: get_current_merchant returning success
DEBUG: get_current_merchant starting for user c9a7b7d5-b5e7-4018-9ed4-ad721087bca4, merchant caa12889-2681-4ab5-a490-d4dd168702a1
DEBUG: calling db.get(Merchant)
DEBUG: db.get(Merchant) finished: Merchant Alpha
DEBUG: executing select(MerchantMember) query
DEBUG: select(MerchantMember) query executed
DEBUG: MerchantMember role: owner
DEBUG: get_current_merchant returning success
DEBUG: get_current_merchant starting for user c9a7b7d5-b5e7-4018-9ed4-ad721087bca4, merchant e08d898d-b94e-427e-8756-827f27739c89
DEBUG: calling db.get(Merchant)
DEBUG: db.get(Merchant) finished: Merchant Beta
DEBUG: executing select(MerchantMember) query
DEBUG: select(MerchantMember) query executed
DEBUG: MerchantMember role: owner
DEBUG: get_current_merchant returning success
DEBUG: get_current_merchant starting for user 36cdeb22-cc00-40ae-9685-aef699054aef, merchant 8974b1ed-9187-4924-94d9-bf7a7402ff64
DEBUG: calling db.get(Merchant)
DEBUG: db.get(Merchant) finished: Update Test
DEBUG: executing select(MerchantMember) query
DEBUG: select(MerchantMember) query executed
DEBUG: MerchantMember role: owner
DEBUG: get_current_merchant returning success
DEBUG: get_current_merchant starting for user 36cdeb22-cc00-40ae-9685-aef699054aef, merchant 8974b1ed-9187-4924-94d9-bf7a7402ff64
DEBUG: calling db.get(Merchant)
DEBUG: db.get(Merchant) finished: Update Test
DEBUG: executing select(MerchantMember) query
DEBUG: select(MerchantMember) query executed
DEBUG: MerchantMember role: owner
DEBUG: get_current_merchant returning success
DEBUG: get_current_merchant starting for user 8e518cb9-9428-4995-bbf3-7af5fb11e4c4, merchant ae668d13-9162-46e0-8fe2-60aee51b2fbb
DEBUG: calling db.get(Merchant)
DEBUG: db.get(Merchant) finished: Archive Test
DEBUG: executing select(MerchantMember) query
DEBUG: select(MerchantMember) query executed
DEBUG: MerchantMember role: owner
DEBUG: get_current_merchant returning success
DEBUG: get_current_merchant starting for user 8e518cb9-9428-4995-bbf3-7af5fb11e4c4, merchant ae668d13-9162-46e0-8fe2-60aee51b2fbb
DEBUG: calling db.get(Merchant)
DEBUG: db.get(Merchant) finished: Archive Test
DEBUG: executing select(MerchantMember) query
DEBUG: select(MerchantMember) query executed
DEBUG: MerchantMember role: owner
DEBUG: get_current_merchant returning success
DEBUG: get_current_merchant starting for user 8e518cb9-9428-4995-bbf3-7af5fb11e4c4, merchant ae668d13-9162-46e0-8fe2-60aee51b2fbb
DEBUG: calling db.get(Merchant)
DEBUG: db.get(Merchant) finished: Archive Test
DEBUG: executing select(MerchantMember) query
DEBUG: select(MerchantMember) query executed
DEBUG: MerchantMember role: owner
DEBUG: get_current_merchant returning success
DEBUG: get_current_merchant starting for user 024932dc-d538-49da-a99c-c875bd99aa68, merchant d5162e4f-9299-439d-8eb1-ff95e3683825
DEBUG: calling db.get(Merchant)
DEBUG: db.get(Merchant) finished: Publish Test
DEBUG: executing select(MerchantMember) query
DEBUG: select(MerchantMember) query executed
DEBUG: MerchantMember role: owner
DEBUG: get_current_merchant returning success
DEBUG: get_current_merchant starting for user 024932dc-d538-49da-a99c-c875bd99aa68, merchant d5162e4f-9299-439d-8eb1-ff95e3683825
DEBUG: calling db.get(Merchant)
DEBUG: db.get(Merchant) finished: Publish Test
DEBUG: executing select(MerchantMember) query
DEBUG: select(MerchantMember) query executed
DEBUG: MerchantMember role: owner
DEBUG: get_current_merchant returning success
DEBUG: get_current_merchant starting for user 6f164ab9-d717-46b6-9e62-5607151235c0, merchant a5474ac5-cd93-4710-b079-d715d0150e71
DEBUG: calling db.get(Merchant)
DEBUG: db.get(Merchant) finished: Archived Test
DEBUG: executing select(MerchantMember) query
DEBUG: select(MerchantMember) query executed
DEBUG: MerchantMember role: owner
DEBUG: get_current_merchant returning success
DEBUG: get_current_merchant starting for user 6f164ab9-d717-46b6-9e62-5607151235c0, merchant a5474ac5-cd93-4710-b079-d715d0150e71
DEBUG: calling db.get(Merchant)
DEBUG: db.get(Merchant) finished: Archived Test
DEBUG: executing select(MerchantMember) query
DEBUG: select(MerchantMember) query executed
DEBUG: MerchantMember role: owner
DEBUG: get_current_merchant returning success
DEBUG: get_current_merchant starting for user 6f164ab9-d717-46b6-9e62-5607151235c0, merchant a5474ac5-cd93-4710-b079-d715d0150e71
DEBUG: calling db.get(Merchant)
DEBUG: db.get(Merchant) finished: Archived Test
DEBUG: executing select(MerchantMember) query
DEBUG: select(MerchantMember) query executed
DEBUG: MerchantMember role: owner
DEBUG: get_current_merchant returning success
DEBUG: get_current_merchant starting for user 6a551ce7-ce9b-483f-b325-f1db4e58f8ee, merchant 9e8a0818-101b-4014-b36d-07af34f15de6
DEBUG: calling db.get(Merchant)
DEBUG: db.get(Merchant) finished: External Links
DEBUG: executing select(MerchantMember) query
DEBUG: select(MerchantMember) query executed
DEBUG: MerchantMember role: owner
DEBUG: get_current_merchant returning success
DEBUG: get_current_merchant starting for user 6a551ce7-ce9b-483f-b325-f1db4e58f8ee, merchant 9e8a0818-101b-4014-b36d-07af34f15de6
DEBUG: calling db.get(Merchant)
DEBUG: db.get(Merchant) finished: External Links
DEBUG: executing select(MerchantMember) query
DEBUG: select(MerchantMember) query executed
DEBUG: MerchantMember role: owner
DEBUG: get_current_merchant returning success
DEBUG: get_current_merchant starting for user 6a551ce7-ce9b-483f-b325-f1db4e58f8ee, merchant 9e8a0818-101b-4014-b36d-07af34f15de6
DEBUG: calling db.get(Merchant)
DEBUG: db.get(Merchant) finished: External Links
DEBUG: executing select(MerchantMember) query
DEBUG: select(MerchantMember) query executed
DEBUG: MerchantMember role: owner
DEBUG: get_current_merchant returning success
DEBUG: get_current_merchant starting for user 8a90a177-285e-4fa7-8ecc-1f849a3773ae, merchant 645a38e9-ff26-477e-bffa-f157b9b8095b
DEBUG: calling db.get(Merchant)
DEBUG: db.get(Merchant) finished: Update Links
DEBUG: executing select(MerchantMember) query
DEBUG: select(MerchantMember) query executed
DEBUG: MerchantMember role: owner
DEBUG: get_current_merchant returning success
DEBUG: get_current_merchant starting for user 8a90a177-285e-4fa7-8ecc-1f849a3773ae, merchant 645a38e9-ff26-477e-bffa-f157b9b8095b
DEBUG: calling db.get(Merchant)
DEBUG: db.get(Merchant) finished: Update Links
DEBUG: executing select(MerchantMember) query
DEBUG: select(MerchantMember) query executed
DEBUG: MerchantMember role: owner
DEBUG: get_current_merchant returning success
DEBUG: get_current_merchant starting for user 8a90a177-285e-4fa7-8ecc-1f849a3773ae, merchant 645a38e9-ff26-477e-bffa-f157b9b8095b
DEBUG: calling db.get(Merchant)
DEBUG: db.get(Merchant) finished: Update Links
DEBUG: executing select(MerchantMember) query
DEBUG: select(MerchantMember) query executed
DEBUG: MerchantMember role: owner
DEBUG: get_current_merchant returning success
DEBUG: get_current_merchant starting for user 359f3534-98f4-4b79-849f-9cf09e3b1cc0, merchant 0b4027cb-47d1-4bf5-87fe-2ef43235dba3
DEBUG: calling db.get(Merchant)
DEBUG: db.get(Merchant) finished: Delete Links
DEBUG: executing select(MerchantMember) query
DEBUG: select(MerchantMember) query executed
DEBUG: MerchantMember role: owner
DEBUG: get_current_merchant returning success
DEBUG: get_current_merchant starting for user 359f3534-98f4-4b79-849f-9cf09e3b1cc0, merchant 0b4027cb-47d1-4bf5-87fe-2ef43235dba3
DEBUG: calling db.get(Merchant)
DEBUG: db.get(Merchant) finished: Delete Links
DEBUG: executing select(MerchantMember) query
DEBUG: select(MerchantMember) query executed
DEBUG: MerchantMember role: owner
DEBUG: get_current_merchant returning success
DEBUG: get_current_merchant starting for user 359f3534-98f4-4b79-849f-9cf09e3b1cc0, merchant 0b4027cb-47d1-4bf5-87fe-2ef43235dba3
DEBUG: calling db.get(Merchant)
DEBUG: db.get(Merchant) finished: Delete Links
DEBUG: executing select(MerchantMember) query
DEBUG: select(MerchantMember) query executed
DEBUG: MerchantMember role: owner
DEBUG: get_current_merchant returning success
DEBUG: get_current_merchant starting for user 359f3534-98f4-4b79-849f-9cf09e3b1cc0, merchant 0b4027cb-47d1-4bf5-87fe-2ef43235dba3
DEBUG: calling db.get(Merchant)
DEBUG: db.get(Merchant) finished: Delete Links
DEBUG: executing select(MerchantMember) query
DEBUG: select(MerchantMember) query executed
DEBUG: MerchantMember role: owner
DEBUG: get_current_merchant returning success
DEBUG: get_current_merchant starting for user db64e9e2-e5de-4024-bb2e-e4114c76bac5, merchant 92dd55db-6980-4215-8496-7fa1a771b3c3
DEBUG: calling db.get(Merchant)
DEBUG: db.get(Merchant) finished: Alpha Org
DEBUG: executing select(MerchantMember) query
DEBUG: select(MerchantMember) query executed
DEBUG: MerchantMember role: owner
DEBUG: get_current_merchant returning success
DEBUG: get_current_merchant starting for user db64e9e2-e5de-4024-bb2e-e4114c76bac5, merchant 29e6bbf0-79f0-46bd-8ec0-f415615cb6c9
DEBUG: calling db.get(Merchant)
DEBUG: db.get(Merchant) finished: Beta Org
DEBUG: executing select(MerchantMember) query
DEBUG: select(MerchantMember) query executed
DEBUG: MerchantMember role: owner
DEBUG: get_current_merchant returning success
DEBUG: get_current_merchant starting for user 1a1512a7-a754-436b-869f-d2f7539ff170, merchant 4d62171f-88f9-480c-b3db-8ea55a736024
DEBUG: calling db.get(Merchant)
DEBUG: db.get(Merchant) finished: No Onboard Co
DEBUG: executing select(MerchantMember) query
DEBUG: select(MerchantMember) query executed
DEBUG: MerchantMember role: owner
DEBUG: get_current_merchant returning success
DEBUG: get_current_merchant starting for user 1f0ad922-4248-41ef-b127-1b4e91a9aaa5, merchant a159f194-49e0-4d5d-a121-fbc9beadde7b
DEBUG: calling db.get(Merchant)
DEBUG: db.get(Merchant) finished: Foreign
DEBUG: executing select(MerchantMember) query
DEBUG: select(MerchantMember) query executed
DEBUG: MerchantMember role: None
DEBUG: get_current_merchant got exception: 403: not a member of this merchant
DEBUG: get_current_merchant starting for user 7922348c-85b7-479b-a486-caee96c31db4, merchant d87e96ff-0526-4589-be8a-e90d6f2a44c7
DEBUG: calling db.get(Merchant)
DEBUG: db.get(Merchant) finished: Patch
DEBUG: executing select(MerchantMember) query
DEBUG: select(MerchantMember) query executed
DEBUG: MerchantMember role: staff
DEBUG: get_current_merchant returning success
DEBUG: get_current_merchant starting for user 000296f9-d15f-4ec6-a63c-5b3a5f3eba0c, merchant 64bd7795-710c-4dee-ad32-75439041e157
DEBUG: calling db.get(Merchant)
DEBUG: db.get(Merchant) finished: Team Test
DEBUG: executing select(MerchantMember) query
DEBUG: select(MerchantMember) query executed
DEBUG: MerchantMember role: owner
DEBUG: get_current_merchant returning success
DEBUG: get_current_merchant starting for user 0365b665-58a7-42f2-aefe-804ef90921dd, merchant cc0ea7fa-ebf1-41c5-9af3-999907880696
DEBUG: calling db.get(Merchant)
DEBUG: db.get(Merchant) finished: Inv Test
DEBUG: executing select(MerchantMember) query
DEBUG: select(MerchantMember) query executed
DEBUG: MerchantMember role: owner
DEBUG: get_current_merchant returning success
DEBUG: get_current_merchant starting for user 55f17307-4c12-4b73-b0c4-d7c1c4689a6e, merchant 727b90a3-726d-4d49-aae6-eab6d62154d3
DEBUG: calling db.get(Merchant)
DEBUG: db.get(Merchant) finished: Unk
DEBUG: executing select(MerchantMember) query
DEBUG: select(MerchantMember) query executed
DEBUG: MerchantMember role: owner
DEBUG: get_current_merchant returning success
DEBUG: get_current_merchant starting for user 9d3e9af5-2aae-4561-a056-e04b5e49959c, merchant 68ecdf98-cde2-4e4b-a5fa-ce3a782b2060
DEBUG: calling db.get(Merchant)
DEBUG: db.get(Merchant) finished: Role Test
DEBUG: executing select(MerchantMember) query
DEBUG: select(MerchantMember) query executed
DEBUG: MerchantMember role: owner
DEBUG: get_current_merchant returning success
DEBUG: get_current_merchant starting for user 5d12e8be-125f-47cd-88df-f4e9dcc672fa, merchant 68ecdf98-cde2-4e4b-a5fa-ce3a782b2060
DEBUG: calling db.get(Merchant)
DEBUG: db.get(Merchant) finished: Role Test
DEBUG: executing select(MerchantMember) query
DEBUG: select(MerchantMember) query executed
DEBUG: MerchantMember role: admin
DEBUG: get_current_merchant returning success
DEBUG: get_current_merchant starting for user 5d12e8be-125f-47cd-88df-f4e9dcc672fa, merchant 68ecdf98-cde2-4e4b-a5fa-ce3a782b2060
DEBUG: calling db.get(Merchant)
DEBUG: db.get(Merchant) finished: Role Test
DEBUG: executing select(MerchantMember) query
DEBUG: select(MerchantMember) query executed
DEBUG: MerchantMember role: admin
DEBUG: get_current_merchant returning success
DEBUG: get_current_merchant starting for user 59872397-03d1-4874-8691-132edad7f1ef, merchant ac3809e5-4228-46f3-b5ba-01841f33793f
DEBUG: calling db.get(Merchant)
DEBUG: db.get(Merchant) finished: Self
DEBUG: executing select(MerchantMember) query
DEBUG: select(MerchantMember) query executed
DEBUG: MerchantMember role: owner
DEBUG: get_current_merchant returning success
DEBUG: get_current_merchant starting for user 1e0d3cc3-1e14-4dbd-a6f3-db351cd012d7, merchant 28d91a4a-6110-469f-96d5-14694c48b679
DEBUG: calling db.get(Merchant)
DEBUG: db.get(Merchant) finished: Wallet Read
DEBUG: executing select(MerchantMember) query
DEBUG: select(MerchantMember) query executed
DEBUG: MerchantMember role: owner
DEBUG: get_current_merchant returning success
DEBUG: get_current_merchant starting for user ad7ef371-3fc2-4baa-aa7b-84ecc8e2226d, merchant 7baabd3f-540b-4b1f-9028-07022aa12d2b
DEBUG: calling db.get(Merchant)
DEBUG: db.get(Merchant) finished: Txn List
DEBUG: executing select(MerchantMember) query
DEBUG: select(MerchantMember) query executed
DEBUG: MerchantMember role: owner
DEBUG: get_current_merchant returning success
DEBUG: get_current_merchant starting for user a32e0d8e-9aaf-4742-a257-06113593e290, merchant 7c99dee5-f895-4870-84bf-a48170651e28
DEBUG: calling db.get(Merchant)
DEBUG: db.get(Merchant) finished: Threshold Test
DEBUG: executing select(MerchantMember) query
DEBUG: select(MerchantMember) query executed
DEBUG: MerchantMember role: owner
DEBUG: get_current_merchant returning success
DEBUG: get_current_merchant starting for user 92932ed6-f6d3-4422-b671-104a2bfdb5c7, merchant 82cb539d-a5eb-4701-b4d2-aa4a358d12f0
DEBUG: calling db.get(Merchant)
DEBUG: db.get(Merchant) finished: Intent Test
DEBUG: executing select(MerchantMember) query
DEBUG: select(MerchantMember) query executed
DEBUG: MerchantMember role: owner
DEBUG: get_current_merchant returning success
DEBUG: get_current_merchant starting for user 89716c4b-ef27-4979-81b8-978fe62dc488, merchant a09e183e-8f1d-4f7d-bd8c-da579607219a
DEBUG: calling db.get(Merchant)
DEBUG: db.get(Merchant) finished: Confirm Test
DEBUG: executing select(MerchantMember) query
DEBUG: select(MerchantMember) query executed
DEBUG: MerchantMember role: owner
DEBUG: get_current_merchant returning success
DEBUG: get_current_merchant starting for user b53ed41f-6fa0-4ade-84d4-dc5834d1c3d2, merchant 103059ca-f4b7-4467-bfc3-bcb6d01ec3ac
DEBUG: calling db.get(Merchant)
DEBUG: db.get(Merchant) finished: Idem Test
DEBUG: executing select(MerchantMember) query
DEBUG: select(MerchantMember) query executed
DEBUG: MerchantMember role: owner
DEBUG: get_current_merchant returning success
DEBUG: get_current_merchant starting for user 6b7d9f8a-5dea-4739-9224-56aacd6d927f, merchant 8597bfd4-ab19-4e24-8fec-a8958ba3adbe
DEBUG: calling db.get(Merchant)
DEBUG: db.get(Merchant) finished: Bad Sig
DEBUG: executing select(MerchantMember) query
DEBUG: select(MerchantMember) query executed
DEBUG: MerchantMember role: owner
DEBUG: get_current_merchant returning success
DEBUG: get_current_merchant starting for user 1420ebbb-2211-4e75-9e71-098f52fc56f5, merchant 4f1ceb21-8f00-48f0-b48f-0e22a3826b56
DEBUG: calling db.get(Merchant)
DEBUG: db.get(Merchant) finished: Publish Gate
DEBUG: executing select(MerchantMember) query
DEBUG: select(MerchantMember) query executed
DEBUG: MerchantMember role: owner
DEBUG: get_current_merchant returning success
DEBUG: get_current_merchant starting for user 1420ebbb-2211-4e75-9e71-098f52fc56f5, merchant 4f1ceb21-8f00-48f0-b48f-0e22a3826b56
DEBUG: calling db.get(Merchant)
DEBUG: db.get(Merchant) finished: Publish Gate
DEBUG: executing select(MerchantMember) query
DEBUG: select(MerchantMember) query executed
DEBUG: MerchantMember role: owner
DEBUG: get_current_merchant returning success
DEBUG: get_current_merchant starting for user 1420ebbb-2211-4e75-9e71-098f52fc56f5, merchant 4f1ceb21-8f00-48f0-b48f-0e22a3826b56
DEBUG: calling db.get(Merchant)
DEBUG: db.get(Merchant) finished: Publish Gate
DEBUG: executing select(MerchantMember) query
DEBUG: select(MerchantMember) query executed
DEBUG: MerchantMember role: owner
DEBUG: get_current_merchant returning success
DEBUG: get_current_merchant starting for user 88ea31c2-cade-4be7-9af8-61cab45ae0b7, merchant 71d885fd-dd21-4586-b135-555543d1770c
DEBUG: calling db.get(Merchant)
DEBUG: db.get(Merchant) finished: History Test
DEBUG: executing select(MerchantMember) query
DEBUG: select(MerchantMember) query executed
DEBUG: MerchantMember role: owner
DEBUG: get_current_merchant returning success
DEBUG: get_current_merchant starting for user 88ea31c2-cade-4be7-9af8-61cab45ae0b7, merchant 71d885fd-dd21-4586-b135-555543d1770c
DEBUG: calling db.get(Merchant)
DEBUG: db.get(Merchant) finished: History Test
DEBUG: executing select(MerchantMember) query
DEBUG: select(MerchantMember) query executed
DEBUG: MerchantMember role: owner
DEBUG: get_current_merchant returning success
DEBUG: get_current_merchant starting for user 26a75d4a-4b31-4141-893f-a2985f479b16, merchant b8dd15e7-c44a-41ca-8a1f-c9b617850f8b
DEBUG: calling db.get(Merchant)
DEBUG: db.get(Merchant) finished: Merchant B
DEBUG: executing select(MerchantMember) query
DEBUG: select(MerchantMember) query executed
DEBUG: MerchantMember role: owner
DEBUG: get_current_merchant returning success
DEBUG: get_current_merchant starting for user 26a75d4a-4b31-4141-893f-a2985f479b16, merchant cb6b0dbc-1485-4838-bbf9-f284654e729d
DEBUG: calling db.get(Merchant)
DEBUG: db.get(Merchant) finished: Merchant A
DEBUG: executing select(MerchantMember) query
DEBUG: select(MerchantMember) query executed
DEBUG: MerchantMember role: owner
DEBUG: get_current_merchant returning success
DEBUG: get_current_merchant starting for user 26a75d4a-4b31-4141-893f-a2985f479b16, merchant cb6b0dbc-1485-4838-bbf9-f284654e729d
DEBUG: calling db.get(Merchant)
DEBUG: db.get(Merchant) finished: Merchant A
DEBUG: executing select(MerchantMember) query
DEBUG: select(MerchantMember) query executed
DEBUG: MerchantMember role: owner
DEBUG: get_current_merchant returning success
DEBUG: get_current_merchant starting for user 26a75d4a-4b31-4141-893f-a2985f479b16, merchant b8dd15e7-c44a-41ca-8a1f-c9b617850f8b
DEBUG: calling db.get(Merchant)
DEBUG: db.get(Merchant) finished: Merchant B
DEBUG: executing select(MerchantMember) query
DEBUG: select(MerchantMember) query executed
DEBUG: MerchantMember role: owner
DEBUG: get_current_merchant returning success
DEBUG: get_current_merchant starting for user 20f83eef-9bb6-448d-a69e-7a7b9bf4f957, merchant 28d95cad-a38c-4b1d-9654-f6df5fe49e69
DEBUG: calling db.get(Merchant)
DEBUG: db.get(Merchant) finished: krishna store
DEBUG: executing select(MerchantMember) query
DEBUG: get_current_merchant starting for user 20f83eef-9bb6-448d-a69e-7a7b9bf4f957, merchant 28d95cad-a38c-4b1d-9654-f6df5fe49e69
DEBUG: calling db.get(Merchant)
DEBUG: get_current_merchant starting for user 20f83eef-9bb6-448d-a69e-7a7b9bf4f957, merchant 28d95cad-a38c-4b1d-9654-f6df5fe49e69
DEBUG: calling db.get(Merchant)
DEBUG: get_current_merchant starting for user 20f83eef-9bb6-448d-a69e-7a7b9bf4f957, merchant 28d95cad-a38c-4b1d-9654-f6df5fe49e69
DEBUG: calling db.get(Merchant)
DEBUG: select(MerchantMember) query executed
DEBUG: MerchantMember role: owner
DEBUG: get_current_merchant returning success
DEBUG: db.get(Merchant) finished: krishna store
DEBUG: executing select(MerchantMember) query
DEBUG: db.get(Merchant) finished: krishna store
DEBUG: executing select(MerchantMember) query
DEBUG: db.get(Merchant) finished: krishna store
DEBUG: executing select(MerchantMember) query
DEBUG: select(MerchantMember) query executed
DEBUG: MerchantMember role: owner
DEBUG: get_current_merchant returning success
DEBUG: select(MerchantMember) query executed
DEBUG: MerchantMember role: owner
DEBUG: get_current_merchant returning success
DEBUG: select(MerchantMember) query executed
DEBUG: MerchantMember role: owner
DEBUG: get_current_merchant returning success
DEBUG: get_current_merchant starting for user 20f83eef-9bb6-448d-a69e-7a7b9bf4f957, merchant 28d95cad-a38c-4b1d-9654-f6df5fe49e69
DEBUG: calling db.get(Merchant)
DEBUG: get_current_merchant starting for user 20f83eef-9bb6-448d-a69e-7a7b9bf4f957, merchant 28d95cad-a38c-4b1d-9654-f6df5fe49e69
DEBUG: calling db.get(Merchant)
DEBUG: get_current_merchant starting for user 20f83eef-9bb6-448d-a69e-7a7b9bf4f957, merchant 28d95cad-a38c-4b1d-9654-f6df5fe49e69
DEBUG: calling db.get(Merchant)
DEBUG: get_current_merchant starting for user 20f83eef-9bb6-448d-a69e-7a7b9bf4f957, merchant 28d95cad-a38c-4b1d-9654-f6df5fe49e69
DEBUG: calling db.get(Merchant)
DEBUG: get_current_merchant starting for user 20f83eef-9bb6-448d-a69e-7a7b9bf4f957, merchant 28d95cad-a38c-4b1d-9654-f6df5fe49e69
DEBUG: calling db.get(Merchant)
DEBUG: get_current_merchant starting for user 20f83eef-9bb6-448d-a69e-7a7b9bf4f957, merchant 28d95cad-a38c-4b1d-9654-f6df5fe49e69
DEBUG: calling db.get(Merchant)
DEBUG: get_current_merchant starting for user 20f83eef-9bb6-448d-a69e-7a7b9bf4f957, merchant 28d95cad-a38c-4b1d-9654-f6df5fe49e69
DEBUG: calling db.get(Merchant)
DEBUG: db.get(Merchant) finished: krishna store
DEBUG: executing select(MerchantMember) query
DEBUG: db.get(Merchant) finished: krishna store
DEBUG: executing select(MerchantMember) query
DEBUG: db.get(Merchant) finished: krishna store
DEBUG: executing select(MerchantMember) query
DEBUG: db.get(Merchant) finished: krishna store
DEBUG: executing select(MerchantMember) query
DEBUG: db.get(Merchant) finished: krishna store
DEBUG: executing select(MerchantMember) query
DEBUG: db.get(Merchant) finished: krishna store
DEBUG: executing select(MerchantMember) query
DEBUG: db.get(Merchant) finished: krishna store
DEBUG: executing select(MerchantMember) query
DEBUG: select(MerchantMember) query executed
DEBUG: MerchantMember role: owner
DEBUG: get_current_merchant returning success
DEBUG: select(MerchantMember) query executed
DEBUG: MerchantMember role: owner
DEBUG: get_current_merchant returning success
DEBUG: select(MerchantMember) query executed
DEBUG: MerchantMember role: owner
DEBUG: get_current_merchant returning success
DEBUG: select(MerchantMember) query executed
DEBUG: MerchantMember role: owner
DEBUG: get_current_merchant returning success
DEBUG: select(MerchantMember) query executed
DEBUG: MerchantMember role: owner
DEBUG: get_current_merchant returning success
DEBUG: select(MerchantMember) query executed
DEBUG: MerchantMember role: owner
DEBUG: get_current_merchant returning success
DEBUG: select(MerchantMember) query executed
DEBUG: MerchantMember role: owner
DEBUG: get_current_merchant returning success
DEBUG: get_current_merchant starting for user 20f83eef-9bb6-448d-a69e-7a7b9bf4f957, merchant 28d95cad-a38c-4b1d-9654-f6df5fe49e69
DEBUG: calling db.get(Merchant)
DEBUG: db.get(Merchant) finished: krishna store
DEBUG: executing select(MerchantMember) query
DEBUG: select(MerchantMember) query executed
DEBUG: MerchantMember role: owner
DEBUG: get_current_merchant returning success
DEBUG: get_current_merchant starting for user 20f83eef-9bb6-448d-a69e-7a7b9bf4f957, merchant 28d95cad-a38c-4b1d-9654-f6df5fe49e69
DEBUG: calling db.get(Merchant)
DEBUG: get_current_merchant starting for user 20f83eef-9bb6-448d-a69e-7a7b9bf4f957, merchant 28d95cad-a38c-4b1d-9654-f6df5fe49e69
DEBUG: calling db.get(Merchant)
DEBUG: db.get(Merchant) finished: krishna store
DEBUG: executing select(MerchantMember) query
DEBUG: db.get(Merchant) finished: krishna store
DEBUG: executing select(MerchantMember) query
DEBUG: select(MerchantMember) query executed
DEBUG: MerchantMember role: owner
DEBUG: get_current_merchant returning success
DEBUG: select(MerchantMember) query executed
DEBUG: MerchantMember role: owner
DEBUG: get_current_merchant returning success
DEBUG: get_current_merchant starting for user 20f83eef-9bb6-448d-a69e-7a7b9bf4f957, merchant 28d95cad-a38c-4b1d-9654-f6df5fe49e69
DEBUG: calling db.get(Merchant)
DEBUG: get_current_merchant starting for user 20f83eef-9bb6-448d-a69e-7a7b9bf4f957, merchant 28d95cad-a38c-4b1d-9654-f6df5fe49e69
DEBUG: calling db.get(Merchant)
DEBUG: get_current_merchant starting for user 20f83eef-9bb6-448d-a69e-7a7b9bf4f957, merchant 28d95cad-a38c-4b1d-9654-f6df5fe49e69
DEBUG: calling db.get(Merchant)
DEBUG: get_current_merchant starting for user 20f83eef-9bb6-448d-a69e-7a7b9bf4f957, merchant 28d95cad-a38c-4b1d-9654-f6df5fe49e69
DEBUG: calling db.get(Merchant)
DEBUG: db.get(Merchant) finished: krishna store
DEBUG: executing select(MerchantMember) query
DEBUG: db.get(Merchant) finished: krishna store
DEBUG: executing select(MerchantMember) query
DEBUG: get_current_merchant starting for user 20f83eef-9bb6-448d-a69e-7a7b9bf4f957, merchant 28d95cad-a38c-4b1d-9654-f6df5fe49e69
DEBUG: calling db.get(Merchant)
DEBUG: db.get(Merchant) finished: krishna store
DEBUG: executing select(MerchantMember) query
DEBUG: db.get(Merchant) finished: krishna store
DEBUG: executing select(MerchantMember) query
DEBUG: select(MerchantMember) query executed
DEBUG: MerchantMember role: owner
DEBUG: get_current_merchant returning success
DEBUG: db.get(Merchant) finished: krishna store
DEBUG: executing select(MerchantMember) query
DEBUG: select(MerchantMember) query executed
DEBUG: MerchantMember role: owner
DEBUG: get_current_merchant returning success
DEBUG: select(MerchantMember) query executed
DEBUG: MerchantMember role: owner
DEBUG: get_current_merchant returning success
DEBUG: select(MerchantMember) query executed
DEBUG: MerchantMember role: owner
DEBUG: get_current_merchant returning success
DEBUG: select(MerchantMember) query executed
DEBUG: MerchantMember role: owner
DEBUG: get_current_merchant returning success
DEBUG: get_current_merchant starting for user 20f83eef-9bb6-448d-a69e-7a7b9bf4f957, merchant 28d95cad-a38c-4b1d-9654-f6df5fe49e69
DEBUG: calling db.get(Merchant)
DEBUG: get_current_merchant starting for user 20f83eef-9bb6-448d-a69e-7a7b9bf4f957, merchant 28d95cad-a38c-4b1d-9654-f6df5fe49e69
DEBUG: calling db.get(Merchant)
DEBUG: get_current_merchant starting for user 20f83eef-9bb6-448d-a69e-7a7b9bf4f957, merchant 28d95cad-a38c-4b1d-9654-f6df5fe49e69
DEBUG: calling db.get(Merchant)
DEBUG: get_current_merchant starting for user 20f83eef-9bb6-448d-a69e-7a7b9bf4f957, merchant 28d95cad-a38c-4b1d-9654-f6df5fe49e69
DEBUG: calling db.get(Merchant)
DEBUG: db.get(Merchant) finished: krishna store
DEBUG: executing select(MerchantMember) query
DEBUG: db.get(Merchant) finished: krishna store
DEBUG: executing select(MerchantMember) query
DEBUG: db.get(Merchant) finished: krishna store
DEBUG: executing select(MerchantMember) query
DEBUG: get_current_merchant starting for user 20f83eef-9bb6-448d-a69e-7a7b9bf4f957, merchant 28d95cad-a38c-4b1d-9654-f6df5fe49e69
DEBUG: calling db.get(Merchant)
DEBUG: db.get(Merchant) finished: krishna store
DEBUG: executing select(MerchantMember) query
DEBUG: get_current_merchant starting for user 20f83eef-9bb6-448d-a69e-7a7b9bf4f957, merchant 28d95cad-a38c-4b1d-9654-f6df5fe49e69
DEBUG: calling db.get(Merchant)
DEBUG: select(MerchantMember) query executed
DEBUG: MerchantMember role: owner
DEBUG: get_current_merchant returning success
DEBUG: select(MerchantMember) query executed
DEBUG: MerchantMember role: owner
DEBUG: get_current_merchant returning success
DEBUG: select(MerchantMember) query executed
DEBUG: MerchantMember role: owner
DEBUG: get_current_merchant returning success
DEBUG: db.get(Merchant) finished: krishna store
DEBUG: executing select(MerchantMember) query
DEBUG: select(MerchantMember) query executed
DEBUG: MerchantMember role: owner
DEBUG: get_current_merchant returning success
DEBUG: get_current_merchant starting for user 20f83eef-9bb6-448d-a69e-7a7b9bf4f957, merchant 28d95cad-a38c-4b1d-9654-f6df5fe49e69
DEBUG: calling db.get(Merchant)
DEBUG: db.get(Merchant) finished: krishna store
DEBUG: executing select(MerchantMember) query
DEBUG: select(MerchantMember) query executed
DEBUG: MerchantMember role: owner
DEBUG: get_current_merchant returning success
DEBUG: get_current_merchant starting for user 20f83eef-9bb6-448d-a69e-7a7b9bf4f957, merchant 28d95cad-a38c-4b1d-9654-f6df5fe49e69
DEBUG: calling db.get(Merchant)
DEBUG: select(MerchantMember) query executed
DEBUG: MerchantMember role: owner
DEBUG: get_current_merchant returning success
DEBUG: db.get(Merchant) finished: krishna store
DEBUG: executing select(MerchantMember) query
DEBUG: db.get(Merchant) finished: krishna store
DEBUG: executing select(MerchantMember) query
DEBUG: select(MerchantMember) query executed
DEBUG: MerchantMember role: owner
DEBUG: get_current_merchant returning success
DEBUG: select(MerchantMember) query executed
DEBUG: MerchantMember role: owner
DEBUG: get_current_merchant returning success
DEBUG: get_current_merchant starting for user 20f83eef-9bb6-448d-a69e-7a7b9bf4f957, merchant 28d95cad-a38c-4b1d-9654-f6df5fe49e69
DEBUG: calling db.get(Merchant)
DEBUG: get_current_merchant starting for user 20f83eef-9bb6-448d-a69e-7a7b9bf4f957, merchant 28d95cad-a38c-4b1d-9654-f6df5fe49e69
DEBUG: calling db.get(Merchant)
DEBUG: db.get(Merchant) finished: krishna store
DEBUG: executing select(MerchantMember) query
DEBUG: db.get(Merchant) finished: krishna store
DEBUG: executing select(MerchantMember) query
DEBUG: get_current_merchant starting for user 20f83eef-9bb6-448d-a69e-7a7b9bf4f957, merchant 28d95cad-a38c-4b1d-9654-f6df5fe49e69
DEBUG: calling db.get(Merchant)
DEBUG: get_current_merchant starting for user 20f83eef-9bb6-448d-a69e-7a7b9bf4f957, merchant 28d95cad-a38c-4b1d-9654-f6df5fe49e69
DEBUG: calling db.get(Merchant)
DEBUG: select(MerchantMember) query executed
DEBUG: MerchantMember role: owner
DEBUG: get_current_merchant returning success
DEBUG: select(MerchantMember) query executed
DEBUG: MerchantMember role: owner
DEBUG: get_current_merchant returning success
DEBUG: db.get(Merchant) finished: krishna store
DEBUG: executing select(MerchantMember) query
DEBUG: db.get(Merchant) finished: krishna store
DEBUG: executing select(MerchantMember) query
DEBUG: select(MerchantMember) query executed
DEBUG: MerchantMember role: owner
DEBUG: get_current_merchant returning success
DEBUG: select(MerchantMember) query executed
DEBUG: MerchantMember role: owner
DEBUG: get_current_merchant returning success
DEBUG: get_current_merchant starting for user 20f83eef-9bb6-448d-a69e-7a7b9bf4f957, merchant 28d95cad-a38c-4b1d-9654-f6df5fe49e69
DEBUG: calling db.get(Merchant)
DEBUG: db.get(Merchant) finished: krishna store
DEBUG: executing select(MerchantMember) query
DEBUG: select(MerchantMember) query executed
DEBUG: MerchantMember role: owner
DEBUG: get_current_merchant returning success
DEBUG: get_current_merchant starting for user 20f83eef-9bb6-448d-a69e-7a7b9bf4f957, merchant 28d95cad-a38c-4b1d-9654-f6df5fe49e69
DEBUG: calling db.get(Merchant)
DEBUG: calling db.get(Merchant)
DEBUG: db.get(Merchant) finished: krishna store
DEBUG: executing select(MerchantMember) query
DEBUG: db.get(Merchant) finished: krishna store
DEBUG: executing select(MerchantMember) query
DEBUG: select(MerchantMember) query executed
DEBUG: select(MerchantMember) query executed
DEBUG: MerchantMember role: owner
DEBUG: MerchantMember role: owner
DEBUG: get_current_merchant returning success
DEBUG: get_current_merchant returning success
DEBUG: get_current_merchant starting for user 20f83eef-9bb6-448d-a69e-7a7b9bf4f957, merchant 28d95cad-a38c-4b1d-9654-f6df5fe49e69
DEBUG: calling db.get(Merchant)
DEBUG: db.get(Merchant) finished: krishna store
DEBUG: executing select(MerchantMember) query
DEBUG: select(MerchantMember) query executed
DEBUG: MerchantMember role: owner
DEBUG: get_current_merchant returning success
DEBUG: get_current_merchant starting for user 20f83eef-9bb6-448d-a69e-7a7b9bf4f957, merchant 28d95cad-a38c-4b1d-9654-f6df5fe49e69
DEBUG: calling db.get(Merchant)
DEBUG: get_current_merchant starting for user 20f83eef-9bb6-448d-a69e-7a7b9bf4f957, merchant 28d95cad-a38c-4b1d-9654-f6df5fe49e69
DEBUG: calling db.get(Merchant)
DEBUG: db.get(Merchant) finished: krishna store
DEBUG: executing select(MerchantMember) query
DEBUG: db.get(Merchant) finished: krishna store
DEBUG: executing select(MerchantMember) query
DEBUG: select(MerchantMember) query executed
DEBUG: MerchantMember role: owner
DEBUG: get_current_merchant returning success
DEBUG: select(MerchantMember) query executed
DEBUG: MerchantMember role: owner
DEBUG: get_current_merchant returning success
DEBUG: get_current_merchant starting for user 20f83eef-9bb6-448d-a69e-7a7b9bf4f957, merchant 28d95cad-a38c-4b1d-9654-f6df5fe49e69
DEBUG: calling db.get(Merchant)
DEBUG: db.get(Merchant) finished: krishna store
DEBUG: executing select(MerchantMember) query
DEBUG: select(MerchantMember) query executed
DEBUG: MerchantMember role: owner
DEBUG: get_current_merchant returning success
DEBUG: get_current_merchant starting for user 20f83eef-9bb6-448d-a69e-7a7b9bf4f957, merchant 28d95cad-a38c-4b1d-9654-f6df5fe49e69
DEBUG: calling db.get(Merchant)
DEBUG: db.get(Merchant) finished: krishna store
DEBUG: executing select(MerchantMember) query
DEBUG: select(MerchantMember) query executed
DEBUG: MerchantMember role: owner
DEBUG: get_current_merchant returning success
DEBUG: get_current_merchant starting for user 20f83eef-9bb6-448d-a69e-7a7b9bf4f957, merchant 28d95cad-a38c-4b1d-9654-f6df5fe49e69
DEBUG: calling db.get(Merchant)
DEBUG: get_current_merchant starting for user 20f83eef-9bb6-448d-a69e-7a7b9bf4f957, merchant 28d95cad-a38c-4b1d-9654-f6df5fe49e69
DEBUG: calling db.get(Merchant)
DEBUG: db.get(Merchant) finished: krishna store
DEBUG: executing select(MerchantMember) query
DEBUG: db.get(Merchant) finished: krishna store
DEBUG: executing select(MerchantMember) query
DEBUG: select(MerchantMember) query executed
DEBUG: MerchantMember role: owner
DEBUG: get_current_merchant returning success
DEBUG: select(MerchantMember) query executed
DEBUG: MerchantMember role: owner
DEBUG: get_current_merchant returning success
DEBUG: get_current_merchant starting for user 20f83eef-9bb6-448d-a69e-7a7b9bf4f957, merchant 28d95cad-a38c-4b1d-9654-f6df5fe49e69
DEBUG: calling db.get(Merchant)
DEBUG: db.get(Merchant) finished: krishna store
DEBUG: executing select(MerchantMember) query
DEBUG: select(MerchantMember) query executed
DEBUG: MerchantMember role: owner
DEBUG: get_current_merchant returning success
DEBUG: get_current_merchant starting for user 20f83eef-9bb6-448d-a69e-7a7b9bf4f957, merchant 28d95cad-a38c-4b1d-9654-f6df5fe49e69
DEBUG: calling db.get(Merchant)
DEBUG: get_current_merchant starting for user 20f83eef-9bb6-448d-a69e-7a7b9bf4f957, merchant 28d95cad-a38c-4b1d-9654-f6df5fe49e69
DEBUG: calling db.get(Merchant)
DEBUG: db.get(Merchant) finished: krishna store
DEBUG: executing select(MerchantMember) query
DEBUG: db.get(Merchant) finished: krishna store
DEBUG: executing select(MerchantMember) query
DEBUG: select(MerchantMember) query executed
DEBUG: MerchantMember role: owner
DEBUG: get_current_merchant returning success
DEBUG: select(MerchantMember) query executed
DEBUG: MerchantMember role: owner
DEBUG: get_current_merchant returning success
DEBUG: get_current_merchant starting for user 20f83eef-9bb6-448d-a69e-7a7b9bf4f957, merchant 28d95cad-a38c-4b1d-9654-f6df5fe49e69
DEBUG: calling db.get(Merchant)
DEBUG: get_current_merchant starting for user 20f83eef-9bb6-448d-a69e-7a7b9bf4f957, merchant 28d95cad-a38c-4b1d-9654-f6df5fe49e69
DEBUG: calling db.get(Merchant)
DEBUG: db.get(Merchant) finished: krishna store
DEBUG: executing select(MerchantMember) query
DEBUG: get_current_merchant starting for user 20f83eef-9bb6-448d-a69e-7a7b9bf4f957, merchant 28d95cad-a38c-4b1d-9654-f6df5fe49e69
DEBUG: calling db.get(Merchant)
DEBUG: db.get(Merchant) finished: krishna store
DEBUG: executing select(MerchantMember) query
DEBUG: get_current_merchant starting for user 20f83eef-9bb6-448d-a69e-7a7b9bf4f957, merchant 28d95cad-a38c-4b1d-9654-f6df5fe49e69
DEBUG: calling db.get(Merchant)
DEBUG: select(MerchantMember) query executed
DEBUG: MerchantMember role: owner
DEBUG: get_current_merchant returning success
DEBUG: db.get(Merchant) finished: krishna store
DEBUG: executing select(MerchantMember) query
DEBUG: select(MerchantMember) query executed
DEBUG: MerchantMember role: owner
DEBUG: get_current_merchant returning success
DEBUG: db.get(Merchant) finished: krishna store
DEBUG: executing select(MerchantMember) query
DEBUG: select(MerchantMember) query executed
DEBUG: MerchantMember role: owner
DEBUG: get_current_merchant returning success
DEBUG: select(MerchantMember) query executed
DEBUG: MerchantMember role: owner
DEBUG: get_current_merchant returning success
DEBUG: get_current_merchant starting for user 20f83eef-9bb6-448d-a69e-7a7b9bf4f957, merchant 28d95cad-a38c-4b1d-9654-f6df5fe49e69
DEBUG: calling db.get(Merchant)
DEBUG: db.get(Merchant) finished: krishna store
DEBUG: executing select(MerchantMember) query
DEBUG: select(MerchantMember) query executed
DEBUG: MerchantMember role: owner
DEBUG: get_current_merchant returning success
DEBUG: get_current_merchant starting for user 20f83eef-9bb6-448d-a69e-7a7b9bf4f957, merchant 28d95cad-a38c-4b1d-9654-f6df5fe49e69
DEBUG: calling db.get(Merchant)
DEBUG: get_current_merchant starting for user 20f83eef-9bb6-448d-a69e-7a7b9bf4f957, merchant 28d95cad-a38c-4b1d-9654-f6df5fe49e69
DEBUG: calling db.get(Merchant)
DEBUG: db.get(Merchant) finished: krishna store
DEBUG: executing select(MerchantMember) query
DEBUG: db.get(Merchant) finished: krishna store
DEBUG: executing select(MerchantMember) query
DEBUG: select(MerchantMember) query executed
DEBUG: MerchantMember role: owner
DEBUG: get_current_merchant returning success
DEBUG: select(MerchantMember) query executed
DEBUG: MerchantMember role: owner
DEBUG: get_current_merchant returning success
DEBUG: get_current_merchant starting for user 20f83eef-9bb6-448d-a69e-7a7b9bf4f957, merchant 28d95cad-a38c-4b1d-9654-f6df5fe49e69
DEBUG: calling db.get(Merchant)
DEBUG: db.get(Merchant) finished: krishna store
DEBUG: executing select(MerchantMember) query
DEBUG: get_current_merchant starting for user 20f83eef-9bb6-448d-a69e-7a7b9bf4f957, merchant 28d95cad-a38c-4b1d-9654-f6df5fe49e69
DEBUG: calling db.get(Merchant)
DEBUG: select(MerchantMember) query executed
DEBUG: MerchantMember role: owner
DEBUG: get_current_merchant returning success
DEBUG: get_current_merchant starting for user 20f83eef-9bb6-448d-a69e-7a7b9bf4f957, merchant 28d95cad-a38c-4b1d-9654-f6df5fe49e69
DEBUG: calling db.get(Merchant)
DEBUG: get_current_merchant starting for user 20f83eef-9bb6-448d-a69e-7a7b9bf4f957, merchant 28d95cad-a38c-4b1d-9654-f6df5fe49e69
DEBUG: calling db.get(Merchant)
DEBUG: get_current_merchant starting for user 20f83eef-9bb6-448d-a69e-7a7b9bf4f957, merchant 28d95cad-a38c-4b1d-9654-f6df5fe49e69
DEBUG: calling db.get(Merchant)
DEBUG: db.get(Merchant) finished: krishna store
DEBUG: executing select(MerchantMember) query
DEBUG: db.get(Merchant) finished: krishna store
DEBUG: executing select(MerchantMember) query
DEBUG: db.get(Merchant) finished: krishna store
DEBUG: executing select(MerchantMember) query
DEBUG: db.get(Merchant) finished: krishna store
DEBUG: executing select(MerchantMember) query
DEBUG: select(MerchantMember) query executed
DEBUG: MerchantMember role: owner
DEBUG: get_current_merchant returning success
DEBUG: select(MerchantMember) query executed
DEBUG: MerchantMember role: owner
DEBUG: get_current_merchant returning success
DEBUG: select(MerchantMember) query executed
DEBUG: MerchantMember role: owner
DEBUG: get_current_merchant returning success
DEBUG: select(MerchantMember) query executed
DEBUG: MerchantMember role: owner
DEBUG: get_current_merchant returning success
DEBUG: get_current_merchant starting for user 20f83eef-9bb6-448d-a69e-7a7b9bf4f957, merchant 28d95cad-a38c-4b1d-9654-f6df5fe49e69
DEBUG: calling db.get(Merchant)
DEBUG: db.get(Merchant) finished: krishna store
DEBUG: executing select(MerchantMember) query
DEBUG: get_current_merchant starting for user 20f83eef-9bb6-448d-a69e-7a7b9bf4f957, merchant 28d95cad-a38c-4b1d-9654-f6df5fe49e69
DEBUG: calling db.get(Merchant)
DEBUG: select(MerchantMember) query executed
DEBUG: MerchantMember role: owner
DEBUG: get_current_merchant returning success
DEBUG: db.get(Merchant) finished: krishna store
DEBUG: executing select(MerchantMember) query
DEBUG: select(MerchantMember) query executed
DEBUG: MerchantMember role: owner
DEBUG: get_current_merchant returning success
DEBUG: get_current_merchant starting for user 20f83eef-9bb6-448d-a69e-7a7b9bf4f957, merchant 28d95cad-a38c-4b1d-9654-f6df5fe49e69
DEBUG: calling db.get(Merchant)
DEBUG: db.get(Merchant) finished: krishna store
DEBUG: executing select(MerchantMember) query
DEBUG: select(MerchantMember) query executed
DEBUG: MerchantMember role: owner
DEBUG: get_current_merchant returning success
DEBUG: get_current_merchant starting for user 20f83eef-9bb6-448d-a69e-7a7b9bf4f957, merchant 28d95cad-a38c-4b1d-9654-f6df5fe49e69
DEBUG: calling db.get(Merchant)
DEBUG: db.get(Merchant) finished: krishna store
DEBUG: executing select(MerchantMember) query
DEBUG: select(MerchantMember) query executed
DEBUG: MerchantMember role: owner
DEBUG: get_current_merchant returning success
DEBUG: get_current_merchant starting for user 20f83eef-9bb6-448d-a69e-7a7b9bf4f957, merchant 28d95cad-a38c-4b1d-9654-f6df5fe49e69
DEBUG: calling db.get(Merchant)
DEBUG: get_current_merchant starting for user 20f83eef-9bb6-448d-a69e-7a7b9bf4f957, merchant 28d95cad-a38c-4b1d-9654-f6df5fe49e69
DEBUG: calling db.get(Merchant)
DEBUG: db.get(Merchant) finished: krishna store
DEBUG: executing select(MerchantMember) query
DEBUG: db.get(Merchant) finished: krishna store
DEBUG: executing select(MerchantMember) query
DEBUG: get_current_merchant starting for user 20f83eef-9bb6-448d-a69e-7a7b9bf4f957, merchant 28d95cad-a38c-4b1d-9654-f6df5fe49e69
DEBUG: calling db.get(Merchant)
DEBUG: select(MerchantMember) query executed
DEBUG: MerchantMember role: owner
DEBUG: get_current_merchant returning success
DEBUG: select(MerchantMember) query executed
DEBUG: MerchantMember role: owner
DEBUG: get_current_merchant returning success
DEBUG: db.get(Merchant) finished: krishna store
DEBUG: executing select(MerchantMember) query
DEBUG: select(MerchantMember) query executed
DEBUG: MerchantMember role: owner
DEBUG: get_current_merchant returning success
DEBUG: get_current_merchant starting for user 20f83eef-9bb6-448d-a69e-7a7b9bf4f957, merchant 28d95cad-a38c-4b1d-9654-f6df5fe49e69
DEBUG: calling db.get(Merchant)
DEBUG: get_current_merchant starting for user 20f83eef-9bb6-448d-a69e-7a7b9bf4f957, merchant 28d95cad-a38c-4b1d-9654-f6df5fe49e69
DEBUG: calling db.get(Merchant)
DEBUG: db.get(Merchant) finished: krishna store
DEBUG: executing select(MerchantMember) query
DEBUG: db.get(Merchant) finished: krishna store
DEBUG: executing select(MerchantMember) query
DEBUG: select(MerchantMember) query executed
DEBUG: MerchantMember role: owner
DEBUG: get_current_merchant returning success
DEBUG: select(MerchantMember) query executed
DEBUG: MerchantMember role: owner
DEBUG: get_current_merchant returning success
DEBUG: get_current_merchant starting for user 6fb647f9-2401-4a3f-b0b4-198ac82e8790, merchant 227ddfdb-c72b-445a-adae-b6c1f199a870
DEBUG: calling db.get(Merchant)
DEBUG: db.get(Merchant) finished: Analytics Co
DEBUG: executing select(MerchantMember) query
DEBUG: select(MerchantMember) query executed
DEBUG: MerchantMember role: owner
DEBUG: get_current_merchant returning success
DEBUG: get_current_merchant starting for user 51957fcd-8c89-4c48-9f29-9d146b2e7799, merchant 398e9cc4-1ae9-4d42-a5ee-d333fbe63ee0
DEBUG: calling db.get(Merchant)
DEBUG: db.get(Merchant) finished: Analytics Co
DEBUG: executing select(MerchantMember) query
DEBUG: select(MerchantMember) query executed
DEBUG: MerchantMember role: owner
DEBUG: get_current_merchant returning success
DEBUG: get_current_merchant starting for user acc0b609-a853-4641-9933-52ac9e114536, merchant a530fe88-c80d-4c37-8f28-070277a1234f
DEBUG: calling db.get(Merchant)
DEBUG: db.get(Merchant) finished: Analytics Co
DEBUG: executing select(MerchantMember) query
DEBUG: select(MerchantMember) query executed
DEBUG: MerchantMember role: owner
DEBUG: get_current_merchant returning success
DEBUG: get_current_merchant starting for user 00f049a5-7d57-433d-932d-d0cf5a848883, merchant e659e325-030f-4781-b9c6-037411837806
DEBUG: calling db.get(Merchant)
DEBUG: db.get(Merchant) finished: Diag
DEBUG: executing select(MerchantMember) query
DEBUG: select(MerchantMember) query executed
DEBUG: MerchantMember role: owner
DEBUG: get_current_merchant returning success
DEBUG: get_current_merchant starting for user ff3c5867-d7c5-403a-a3ea-a6cb241eacf4, merchant 6f83f392-4cf1-49b2-8c5d-e5b25fca57f4
DEBUG: calling db.get(Merchant)
DEBUG: db.get(Merchant) finished: CRM Test Merchant
DEBUG: executing select(MerchantMember) query
DEBUG: select(MerchantMember) query executed
DEBUG: MerchantMember role: owner
DEBUG: get_current_merchant returning success
DEBUG: get_current_merchant starting for user ff3c5867-d7c5-403a-a3ea-a6cb241eacf4, merchant 6f83f392-4cf1-49b2-8c5d-e5b25fca57f4
DEBUG: calling db.get(Merchant)
DEBUG: db.get(Merchant) finished: CRM Test Merchant
DEBUG: executing select(MerchantMember) query
DEBUG: select(MerchantMember) query executed
DEBUG: MerchantMember role: owner
DEBUG: get_current_merchant returning success
DEBUG: get_current_merchant starting for user ff3c5867-d7c5-403a-a3ea-a6cb241eacf4, merchant 6f83f392-4cf1-49b2-8c5d-e5b25fca57f4
DEBUG: calling db.get(Merchant)
DEBUG: db.get(Merchant) finished: CRM Test Merchant
DEBUG: executing select(MerchantMember) query
DEBUG: select(MerchantMember) query executed
DEBUG: MerchantMember role: owner
DEBUG: get_current_merchant returning success
DEBUG: get_current_merchant starting for user ffc86a76-5b66-4dd8-9879-2a839772b00e, merchant 407209b1-6dff-4162-8c82-46281fa6c9b6
DEBUG: calling db.get(Merchant)
DEBUG: db.get(Merchant) finished: Ctx
DEBUG: executing select(MerchantMember) query
DEBUG: select(MerchantMember) query executed
DEBUG: MerchantMember role: owner
DEBUG: get_current_merchant returning success
DEBUG: get_current_merchant starting for user 753eeec8-0803-451c-9314-20b3b4bbd840, merchant f88c8368-98b2-4d3c-b31c-5e15296b9573
DEBUG: calling db.get(Merchant)
DEBUG: db.get(Merchant) finished: Other
DEBUG: executing select(MerchantMember) query
DEBUG: select(MerchantMember) query executed
DEBUG: MerchantMember role: None
DEBUG: get_current_merchant got exception: 403: not a member of this merchant
DEBUG: get_current_merchant starting for user 41f5a352-0fab-47b4-b6e6-c00b8c01ca37, merchant 9b3df6f3-bd35-4f7f-ad22-4d68cf6fea9d
DEBUG: calling db.get(Merchant)
DEBUG: db.get(Merchant) finished: None
DEBUG: get_current_merchant got exception: 404: merchant not found
DEBUG: get_current_merchant starting for user 12a98689-b8b0-4d5f-bee4-b914253645d9, merchant 794ada09-16d1-4a23-ba71-d7f9d42e96d7
DEBUG: calling db.get(Merchant)
DEBUG: db.get(Merchant) finished: Prod Test
DEBUG: executing select(MerchantMember) query
DEBUG: select(MerchantMember) query executed
DEBUG: MerchantMember role: owner
DEBUG: get_current_merchant returning success
DEBUG: get_current_merchant starting for user 28879fd5-cec5-4599-85d6-bcf85a51c0f7, merchant 41e82fd3-f6c1-4d85-8646-5916abc92889
DEBUG: calling db.get(Merchant)
DEBUG: db.get(Merchant) finished: Dup
DEBUG: executing select(MerchantMember) query
DEBUG: select(MerchantMember) query executed
DEBUG: MerchantMember role: owner
DEBUG: get_current_merchant returning success
DEBUG: get_current_merchant starting for user 28879fd5-cec5-4599-85d6-bcf85a51c0f7, merchant 41e82fd3-f6c1-4d85-8646-5916abc92889
DEBUG: calling db.get(Merchant)
DEBUG: db.get(Merchant) finished: Dup
DEBUG: executing select(MerchantMember) query
DEBUG: select(MerchantMember) query executed
DEBUG: MerchantMember role: owner
DEBUG: get_current_merchant returning success
DEBUG: get_current_merchant starting for user 8b229ad9-89ae-44a9-8448-9fe8349e1242, merchant e3fb919f-b0c5-45da-a9d2-0d84bca9abb2
DEBUG: calling db.get(Merchant)
DEBUG: db.get(Merchant) finished: M1
DEBUG: executing select(MerchantMember) query
DEBUG: select(MerchantMember) query executed
DEBUG: MerchantMember role: owner
DEBUG: get_current_merchant returning success
DEBUG: get_current_merchant starting for user 8b229ad9-89ae-44a9-8448-9fe8349e1242, merchant e3fb919f-b0c5-45da-a9d2-0d84bca9abb2
DEBUG: calling db.get(Merchant)
DEBUG: db.get(Merchant) finished: M1
DEBUG: executing select(MerchantMember) query
DEBUG: select(MerchantMember) query executed
DEBUG: MerchantMember role: owner
DEBUG: get_current_merchant returning success
DEBUG: get_current_merchant starting for user 8b229ad9-89ae-44a9-8448-9fe8349e1242, merchant 3fd654e1-8a96-455d-af07-23b63aabff2d
DEBUG: calling db.get(Merchant)
DEBUG: db.get(Merchant) finished: M2
DEBUG: executing select(MerchantMember) query
DEBUG: select(MerchantMember) query executed
DEBUG: MerchantMember role: owner
DEBUG: get_current_merchant returning success
DEBUG: get_current_merchant starting for user 8b229ad9-89ae-44a9-8448-9fe8349e1242, merchant 3fd654e1-8a96-455d-af07-23b63aabff2d
DEBUG: calling db.get(Merchant)
DEBUG: db.get(Merchant) finished: M2
DEBUG: executing select(MerchantMember) query
DEBUG: select(MerchantMember) query executed
DEBUG: MerchantMember role: owner
DEBUG: get_current_merchant returning success
DEBUG: get_current_merchant starting for user 8b229ad9-89ae-44a9-8448-9fe8349e1242, merchant 3fd654e1-8a96-455d-af07-23b63aabff2d
DEBUG: calling db.get(Merchant)
DEBUG: db.get(Merchant) finished: M2
DEBUG: executing select(MerchantMember) query
DEBUG: select(MerchantMember) query executed
DEBUG: MerchantMember role: owner
DEBUG: get_current_merchant returning success
DEBUG: get_current_merchant starting for user 8b229ad9-89ae-44a9-8448-9fe8349e1242, merchant e3fb919f-b0c5-45da-a9d2-0d84bca9abb2
DEBUG: calling db.get(Merchant)
DEBUG: db.get(Merchant) finished: M1
DEBUG: executing select(MerchantMember) query
DEBUG: select(MerchantMember) query executed
DEBUG: MerchantMember role: owner
DEBUG: get_current_merchant returning success
DEBUG: get_current_merchant starting for user 54df0fe7-177f-4a69-ad70-2d70f99ad920, merchant 78340d8b-3781-4359-9365-68cda0a74bd4
DEBUG: calling db.get(Merchant)
DEBUG: db.get(Merchant) finished: Filt
DEBUG: executing select(MerchantMember) query
DEBUG: select(MerchantMember) query executed
DEBUG: MerchantMember role: owner
DEBUG: get_current_merchant returning success
DEBUG: get_current_merchant starting for user 54df0fe7-177f-4a69-ad70-2d70f99ad920, merchant 78340d8b-3781-4359-9365-68cda0a74bd4
DEBUG: calling db.get(Merchant)
DEBUG: db.get(Merchant) finished: Filt
DEBUG: executing select(MerchantMember) query
DEBUG: select(MerchantMember) query executed
DEBUG: MerchantMember role: owner
DEBUG: get_current_merchant returning success
DEBUG: get_current_merchant starting for user 54df0fe7-177f-4a69-ad70-2d70f99ad920, merchant 78340d8b-3781-4359-9365-68cda0a74bd4
DEBUG: calling db.get(Merchant)
DEBUG: db.get(Merchant) finished: Filt
DEBUG: executing select(MerchantMember) query
DEBUG: select(MerchantMember) query executed
DEBUG: MerchantMember role: owner
DEBUG: get_current_merchant returning success
DEBUG: get_current_merchant starting for user 54df0fe7-177f-4a69-ad70-2d70f99ad920, merchant 78340d8b-3781-4359-9365-68cda0a74bd4
DEBUG: calling db.get(Merchant)
DEBUG: db.get(Merchant) finished: Filt
DEBUG: executing select(MerchantMember) query
DEBUG: select(MerchantMember) query executed
DEBUG: MerchantMember role: owner
DEBUG: get_current_merchant returning success
DEBUG: get_current_merchant starting for user 54df0fe7-177f-4a69-ad70-2d70f99ad920, merchant 78340d8b-3781-4359-9365-68cda0a74bd4
DEBUG: calling db.get(Merchant)
DEBUG: db.get(Merchant) finished: Filt
DEBUG: executing select(MerchantMember) query
DEBUG: select(MerchantMember) query executed
DEBUG: MerchantMember role: owner
DEBUG: get_current_merchant returning success
DEBUG: get_current_merchant starting for user 5911bcc1-a10a-4add-b320-38002bdeeda5, merchant 69241090-fe13-43c9-8bd0-43dfc1b46d0e
DEBUG: calling db.get(Merchant)
DEBUG: db.get(Merchant) finished: Merchant Alpha
DEBUG: executing select(MerchantMember) query
DEBUG: select(MerchantMember) query executed
DEBUG: MerchantMember role: owner
DEBUG: get_current_merchant returning success
DEBUG: get_current_merchant starting for user 5911bcc1-a10a-4add-b320-38002bdeeda5, merchant 41753bbd-95d3-4af8-8bff-85c63de3697e
DEBUG: calling db.get(Merchant)
DEBUG: db.get(Merchant) finished: Merchant Beta
DEBUG: executing select(MerchantMember) query
DEBUG: select(MerchantMember) query executed
DEBUG: MerchantMember role: owner
DEBUG: get_current_merchant returning success
DEBUG: get_current_merchant starting for user 2c4d3549-dc61-4c65-bb21-734e8ebc79f9, merchant 7307736c-7399-4e0a-a1ba-25376688b530
DEBUG: calling db.get(Merchant)
DEBUG: db.get(Merchant) finished: Update Test
DEBUG: executing select(MerchantMember) query
DEBUG: select(MerchantMember) query executed
DEBUG: MerchantMember role: owner
DEBUG: get_current_merchant returning success
DEBUG: get_current_merchant starting for user 2c4d3549-dc61-4c65-bb21-734e8ebc79f9, merchant 7307736c-7399-4e0a-a1ba-25376688b530
DEBUG: calling db.get(Merchant)
DEBUG: db.get(Merchant) finished: Update Test
DEBUG: executing select(MerchantMember) query
DEBUG: select(MerchantMember) query executed
DEBUG: MerchantMember role: owner
DEBUG: get_current_merchant returning success
DEBUG: get_current_merchant starting for user 292d1fb6-d973-4a9f-8a73-225299f04a35, merchant e7455d72-1ab6-4675-a77a-2bacf0845f51
DEBUG: calling db.get(Merchant)
DEBUG: db.get(Merchant) finished: Archive Test
DEBUG: executing select(MerchantMember) query
DEBUG: select(MerchantMember) query executed
DEBUG: MerchantMember role: owner
DEBUG: get_current_merchant returning success
DEBUG: get_current_merchant starting for user 292d1fb6-d973-4a9f-8a73-225299f04a35, merchant e7455d72-1ab6-4675-a77a-2bacf0845f51
DEBUG: calling db.get(Merchant)
DEBUG: db.get(Merchant) finished: Archive Test
DEBUG: executing select(MerchantMember) query
DEBUG: select(MerchantMember) query executed
DEBUG: MerchantMember role: owner
DEBUG: get_current_merchant returning success
DEBUG: get_current_merchant starting for user 292d1fb6-d973-4a9f-8a73-225299f04a35, merchant e7455d72-1ab6-4675-a77a-2bacf0845f51
DEBUG: calling db.get(Merchant)
DEBUG: db.get(Merchant) finished: Archive Test
DEBUG: executing select(MerchantMember) query
DEBUG: select(MerchantMember) query executed
DEBUG: MerchantMember role: owner
DEBUG: get_current_merchant returning success
DEBUG: get_current_merchant starting for user a6183870-f9c7-4bd6-961e-85a9ed2315c9, merchant 22797432-933a-4ea0-bd2a-465a25652eca
DEBUG: calling db.get(Merchant)
DEBUG: db.get(Merchant) finished: Publish Test
DEBUG: executing select(MerchantMember) query
DEBUG: select(MerchantMember) query executed
DEBUG: MerchantMember role: owner
DEBUG: get_current_merchant returning success
DEBUG: get_current_merchant starting for user a6183870-f9c7-4bd6-961e-85a9ed2315c9, merchant 22797432-933a-4ea0-bd2a-465a25652eca
DEBUG: calling db.get(Merchant)
DEBUG: db.get(Merchant) finished: Publish Test
DEBUG: executing select(MerchantMember) query
DEBUG: select(MerchantMember) query executed
DEBUG: MerchantMember role: owner
DEBUG: get_current_merchant returning success
DEBUG: get_current_merchant starting for user a93b867a-dc71-49a1-bf17-9624ef5b091e, merchant e68dec8e-5e31-4d86-b249-dc15de0fab50
DEBUG: calling db.get(Merchant)
DEBUG: db.get(Merchant) finished: Archived Test
DEBUG: executing select(MerchantMember) query
DEBUG: select(MerchantMember) query executed
DEBUG: MerchantMember role: owner
DEBUG: get_current_merchant returning success
DEBUG: get_current_merchant starting for user a93b867a-dc71-49a1-bf17-9624ef5b091e, merchant e68dec8e-5e31-4d86-b249-dc15de0fab50
DEBUG: calling db.get(Merchant)
DEBUG: db.get(Merchant) finished: Archived Test
DEBUG: executing select(MerchantMember) query
DEBUG: select(MerchantMember) query executed
DEBUG: MerchantMember role: owner
DEBUG: get_current_merchant returning success
DEBUG: get_current_merchant starting for user a93b867a-dc71-49a1-bf17-9624ef5b091e, merchant e68dec8e-5e31-4d86-b249-dc15de0fab50
DEBUG: calling db.get(Merchant)
DEBUG: db.get(Merchant) finished: Archived Test
DEBUG: executing select(MerchantMember) query
DEBUG: select(MerchantMember) query executed
DEBUG: MerchantMember role: owner
DEBUG: get_current_merchant returning success
DEBUG: get_current_merchant starting for user e5683412-bcc4-49c8-9f9c-91fec49d4ab3, merchant 657ba8fb-b717-4ca2-89f2-7c91e7afbac9
DEBUG: calling db.get(Merchant)
DEBUG: db.get(Merchant) finished: External Links
DEBUG: executing select(MerchantMember) query
DEBUG: select(MerchantMember) query executed
DEBUG: MerchantMember role: owner
DEBUG: get_current_merchant returning success
DEBUG: get_current_merchant starting for user e5683412-bcc4-49c8-9f9c-91fec49d4ab3, merchant 657ba8fb-b717-4ca2-89f2-7c91e7afbac9
DEBUG: calling db.get(Merchant)
DEBUG: db.get(Merchant) finished: External Links
DEBUG: executing select(MerchantMember) query
DEBUG: select(MerchantMember) query executed
DEBUG: MerchantMember role: owner
DEBUG: get_current_merchant returning success
DEBUG: get_current_merchant starting for user e5683412-bcc4-49c8-9f9c-91fec49d4ab3, merchant 657ba8fb-b717-4ca2-89f2-7c91e7afbac9
DEBUG: calling db.get(Merchant)
DEBUG: db.get(Merchant) finished: External Links
DEBUG: executing select(MerchantMember) query
DEBUG: select(MerchantMember) query executed
DEBUG: MerchantMember role: owner
DEBUG: get_current_merchant returning success
DEBUG: get_current_merchant starting for user 4d3b2bce-53ab-49c0-932e-4fa5c285d31f, merchant 042122b0-d270-4860-8142-dfd5612e8e5c
DEBUG: calling db.get(Merchant)
DEBUG: db.get(Merchant) finished: Update Links
DEBUG: executing select(MerchantMember) query
DEBUG: select(MerchantMember) query executed
DEBUG: MerchantMember role: owner
DEBUG: get_current_merchant returning success
DEBUG: get_current_merchant starting for user 4d3b2bce-53ab-49c0-932e-4fa5c285d31f, merchant 042122b0-d270-4860-8142-dfd5612e8e5c
DEBUG: calling db.get(Merchant)
DEBUG: db.get(Merchant) finished: Update Links
DEBUG: executing select(MerchantMember) query
DEBUG: select(MerchantMember) query executed
DEBUG: MerchantMember role: owner
DEBUG: get_current_merchant returning success
DEBUG: get_current_merchant starting for user 4d3b2bce-53ab-49c0-932e-4fa5c285d31f, merchant 042122b0-d270-4860-8142-dfd5612e8e5c
DEBUG: calling db.get(Merchant)
DEBUG: db.get(Merchant) finished: Update Links
DEBUG: executing select(MerchantMember) query
DEBUG: select(MerchantMember) query executed
DEBUG: MerchantMember role: owner
DEBUG: get_current_merchant returning success
DEBUG: get_current_merchant starting for user 4a390c66-afdd-4e56-8e1f-10fe801c764d, merchant f5bb4a65-3993-4c87-99ff-a9d9a9c71db7
DEBUG: calling db.get(Merchant)
DEBUG: db.get(Merchant) finished: Delete Links
DEBUG: executing select(MerchantMember) query
DEBUG: select(MerchantMember) query executed
DEBUG: MerchantMember role: owner
DEBUG: get_current_merchant returning success
DEBUG: get_current_merchant starting for user 4a390c66-afdd-4e56-8e1f-10fe801c764d, merchant f5bb4a65-3993-4c87-99ff-a9d9a9c71db7
DEBUG: calling db.get(Merchant)
DEBUG: db.get(Merchant) finished: Delete Links
DEBUG: executing select(MerchantMember) query
DEBUG: select(MerchantMember) query executed
DEBUG: MerchantMember role: owner
DEBUG: get_current_merchant returning success
DEBUG: get_current_merchant starting for user 4a390c66-afdd-4e56-8e1f-10fe801c764d, merchant f5bb4a65-3993-4c87-99ff-a9d9a9c71db7
DEBUG: calling db.get(Merchant)
DEBUG: db.get(Merchant) finished: Delete Links
DEBUG: executing select(MerchantMember) query
DEBUG: select(MerchantMember) query executed
DEBUG: MerchantMember role: owner
DEBUG: get_current_merchant returning success
DEBUG: get_current_merchant starting for user 4a390c66-afdd-4e56-8e1f-10fe801c764d, merchant f5bb4a65-3993-4c87-99ff-a9d9a9c71db7
DEBUG: calling db.get(Merchant)
DEBUG: db.get(Merchant) finished: Delete Links
DEBUG: executing select(MerchantMember) query
DEBUG: select(MerchantMember) query executed
DEBUG: MerchantMember role: owner
DEBUG: get_current_merchant returning success
DEBUG: get_current_merchant starting for user 41e791eb-a120-4409-8c4a-943e23d227c1, merchant 5ddc9575-bad7-4f48-abcc-d15536c66831
DEBUG: calling db.get(Merchant)
DEBUG: db.get(Merchant) finished: Alpha Org
DEBUG: executing select(MerchantMember) query
DEBUG: select(MerchantMember) query executed
DEBUG: MerchantMember role: owner
DEBUG: get_current_merchant returning success
DEBUG: get_current_merchant starting for user 41e791eb-a120-4409-8c4a-943e23d227c1, merchant 38a6e73f-fa52-4b1c-87a2-50ed32520679
DEBUG: calling db.get(Merchant)
DEBUG: db.get(Merchant) finished: Beta Org
DEBUG: executing select(MerchantMember) query
DEBUG: select(MerchantMember) query executed
DEBUG: MerchantMember role: owner
DEBUG: get_current_merchant returning success
DEBUG: get_current_merchant starting for user 2b2ce5e1-e557-47b7-a98b-fa72072fe711, merchant 597f598e-47cf-4bc2-9e8f-db7b9f6bcdde
DEBUG: calling db.get(Merchant)
DEBUG: db.get(Merchant) finished: No Onboard Co
DEBUG: executing select(MerchantMember) query
DEBUG: select(MerchantMember) query executed
DEBUG: MerchantMember role: owner
DEBUG: get_current_merchant returning success
DEBUG: get_current_merchant starting for user 03e742c1-51d2-47f7-b0ef-33c8755050f7, merchant b639a060-0f49-49c5-b539-9c5ec6f2839f
DEBUG: calling db.get(Merchant)
DEBUG: db.get(Merchant) finished: Foreign
DEBUG: executing select(MerchantMember) query
DEBUG: select(MerchantMember) query executed
DEBUG: MerchantMember role: None
DEBUG: get_current_merchant got exception: 403: not a member of this merchant
DEBUG: get_current_merchant starting for user 2ef0abeb-6a9a-4202-95ca-bd9fa814d4a4, merchant 8632bf41-99cd-45e8-adf4-c44600b4978e
DEBUG: calling db.get(Merchant)
DEBUG: db.get(Merchant) finished: Patch
DEBUG: executing select(MerchantMember) query
DEBUG: select(MerchantMember) query executed
DEBUG: MerchantMember role: staff
DEBUG: get_current_merchant returning success
DEBUG: get_current_merchant starting for user 03a688d0-e477-4310-a663-54c1990f8e78, merchant 56327526-1fb0-4e70-931c-00d50cbe52e5
DEBUG: calling db.get(Merchant)
DEBUG: db.get(Merchant) finished: Team Test
DEBUG: executing select(MerchantMember) query
DEBUG: select(MerchantMember) query executed
DEBUG: MerchantMember role: owner
DEBUG: get_current_merchant returning success
DEBUG: get_current_merchant starting for user 46064c55-bc01-4a7e-a8f6-fb2a7165cf9a, merchant 3e44011b-1231-4a2f-bfd5-8445eb83de3e
DEBUG: calling db.get(Merchant)
DEBUG: db.get(Merchant) finished: Inv Test
DEBUG: executing select(MerchantMember) query
DEBUG: select(MerchantMember) query executed
DEBUG: MerchantMember role: owner
DEBUG: get_current_merchant returning success
DEBUG: get_current_merchant starting for user 62d95682-db9d-4409-8de8-061b8feed469, merchant 7befa13b-6987-415c-98b9-7c321c246870
DEBUG: calling db.get(Merchant)
DEBUG: db.get(Merchant) finished: Unk
DEBUG: executing select(MerchantMember) query
DEBUG: select(MerchantMember) query executed
DEBUG: MerchantMember role: owner
DEBUG: get_current_merchant returning success
DEBUG: get_current_merchant starting for user 1399dffe-d0ac-427c-b837-2f282433c0ac, merchant 1bb88a75-e72e-4095-b721-e9589c86f147
DEBUG: calling db.get(Merchant)
DEBUG: db.get(Merchant) finished: Role Test
DEBUG: executing select(MerchantMember) query
DEBUG: select(MerchantMember) query executed
DEBUG: MerchantMember role: owner
DEBUG: get_current_merchant returning success
DEBUG: get_current_merchant starting for user 7ee62241-f3cb-4cf9-8a7a-96f37e621e92, merchant 1bb88a75-e72e-4095-b721-e9589c86f147
DEBUG: calling db.get(Merchant)
DEBUG: db.get(Merchant) finished: Role Test
DEBUG: executing select(MerchantMember) query
DEBUG: select(MerchantMember) query executed
DEBUG: MerchantMember role: admin
DEBUG: get_current_merchant returning success
DEBUG: get_current_merchant starting for user 7ee62241-f3cb-4cf9-8a7a-96f37e621e92, merchant 1bb88a75-e72e-4095-b721-e9589c86f147
DEBUG: calling db.get(Merchant)
DEBUG: db.get(Merchant) finished: Role Test
DEBUG: executing select(MerchantMember) query
DEBUG: select(MerchantMember) query executed
DEBUG: MerchantMember role: admin
DEBUG: get_current_merchant returning success
DEBUG: get_current_merchant starting for user 7ceff330-f13f-4e72-970a-a3fa6f4c988b, merchant f27fad97-750b-4330-b502-6afc1bacb923
DEBUG: calling db.get(Merchant)
DEBUG: db.get(Merchant) finished: Self
DEBUG: executing select(MerchantMember) query
DEBUG: select(MerchantMember) query executed
DEBUG: MerchantMember role: owner
DEBUG: get_current_merchant returning success
DEBUG: get_current_merchant starting for user 0fa0ab16-dae0-41d3-910f-ec4366a56c22, merchant ecf8ad4f-261f-40f3-8f3a-cd941caf6369
DEBUG: calling db.get(Merchant)
DEBUG: db.get(Merchant) finished: Wallet Read
DEBUG: executing select(MerchantMember) query
DEBUG: select(MerchantMember) query executed
DEBUG: MerchantMember role: owner
DEBUG: get_current_merchant returning success
DEBUG: get_current_merchant starting for user a9e9d0bf-d0c1-4d20-b90f-d97baa24216c, merchant 7c78f75f-0c13-46d1-9044-ef12ea4a8a47
DEBUG: calling db.get(Merchant)
DEBUG: db.get(Merchant) finished: Txn List
DEBUG: executing select(MerchantMember) query
DEBUG: select(MerchantMember) query executed
DEBUG: MerchantMember role: owner
DEBUG: get_current_merchant returning success
DEBUG: get_current_merchant starting for user 6e674bcb-36d6-4e3d-b409-3e509d1f31c3, merchant d661dbdd-8191-445e-a52b-f9d0cad65afa
DEBUG: calling db.get(Merchant)
DEBUG: db.get(Merchant) finished: Threshold Test
DEBUG: executing select(MerchantMember) query
DEBUG: select(MerchantMember) query executed
DEBUG: MerchantMember role: owner
DEBUG: get_current_merchant returning success
DEBUG: get_current_merchant starting for user cb14aee3-c8ea-4db2-aa27-6373b82243e7, merchant 38f3a889-f77f-4e65-b3f6-985e548474af
DEBUG: calling db.get(Merchant)
DEBUG: db.get(Merchant) finished: Intent Test
DEBUG: executing select(MerchantMember) query
DEBUG: select(MerchantMember) query executed
DEBUG: MerchantMember role: owner
DEBUG: get_current_merchant returning success
DEBUG: get_current_merchant starting for user ad30e843-a92d-4a8b-935b-eee3d4747bb5, merchant 2e5814a9-d646-4b10-a31d-93b4b79d2c2f
DEBUG: calling db.get(Merchant)
DEBUG: db.get(Merchant) finished: Confirm Test
DEBUG: executing select(MerchantMember) query
DEBUG: select(MerchantMember) query executed
DEBUG: MerchantMember role: owner
DEBUG: get_current_merchant returning success
DEBUG: get_current_merchant starting for user 501e6d3f-71df-4691-9ddd-e18f4a175233, merchant 55189f22-19cc-4033-83a7-8086165bdd14
DEBUG: calling db.get(Merchant)
DEBUG: db.get(Merchant) finished: Idem Test
DEBUG: executing select(MerchantMember) query
DEBUG: select(MerchantMember) query executed
DEBUG: MerchantMember role: owner
DEBUG: get_current_merchant returning success
DEBUG: get_current_merchant starting for user 54e49a2e-b365-4c98-8d93-42ea321c6ddd, merchant 859bddfc-13e7-424b-bd44-61966779a1b4
DEBUG: calling db.get(Merchant)
DEBUG: db.get(Merchant) finished: Bad Sig
DEBUG: executing select(MerchantMember) query
DEBUG: select(MerchantMember) query executed
DEBUG: MerchantMember role: owner
DEBUG: get_current_merchant returning success
DEBUG: get_current_merchant starting for user a3d5f119-c1f1-44c8-8af6-b117999ecccd, merchant c44205ab-20e2-4fb2-83a6-ce8d5b32bc56
DEBUG: calling db.get(Merchant)
DEBUG: db.get(Merchant) finished: Publish Gate
DEBUG: executing select(MerchantMember) query
DEBUG: select(MerchantMember) query executed
DEBUG: MerchantMember role: owner
DEBUG: get_current_merchant returning success
DEBUG: get_current_merchant starting for user a3d5f119-c1f1-44c8-8af6-b117999ecccd, merchant c44205ab-20e2-4fb2-83a6-ce8d5b32bc56
DEBUG: calling db.get(Merchant)
DEBUG: db.get(Merchant) finished: Publish Gate
DEBUG: executing select(MerchantMember) query
DEBUG: select(MerchantMember) query executed
DEBUG: MerchantMember role: owner
DEBUG: get_current_merchant returning success
DEBUG: get_current_merchant starting for user a3d5f119-c1f1-44c8-8af6-b117999ecccd, merchant c44205ab-20e2-4fb2-83a6-ce8d5b32bc56
DEBUG: calling db.get(Merchant)
DEBUG: db.get(Merchant) finished: Publish Gate
DEBUG: executing select(MerchantMember) query
DEBUG: select(MerchantMember) query executed
DEBUG: MerchantMember role: owner
DEBUG: get_current_merchant returning success
DEBUG: get_current_merchant starting for user b51c9c24-f999-4c81-9d2e-f07eed424172, merchant 28d8c0bf-8078-445f-be8f-4ff032154679
DEBUG: calling db.get(Merchant)
DEBUG: db.get(Merchant) finished: History Test
DEBUG: executing select(MerchantMember) query
DEBUG: select(MerchantMember) query executed
DEBUG: MerchantMember role: owner
DEBUG: get_current_merchant returning success
DEBUG: get_current_merchant starting for user b51c9c24-f999-4c81-9d2e-f07eed424172, merchant 28d8c0bf-8078-445f-be8f-4ff032154679
DEBUG: calling db.get(Merchant)
DEBUG: db.get(Merchant) finished: History Test
DEBUG: executing select(MerchantMember) query
DEBUG: select(MerchantMember) query executed
DEBUG: MerchantMember role: owner
DEBUG: get_current_merchant returning success
DEBUG: get_current_merchant starting for user 422b5fc4-57b5-434b-a1cd-ccdbed77b229, merchant 5630dcd0-fae5-4a5f-937e-9d4bf74fafa6
DEBUG: calling db.get(Merchant)
DEBUG: db.get(Merchant) finished: Merchant B
DEBUG: executing select(MerchantMember) query
DEBUG: select(MerchantMember) query executed
DEBUG: MerchantMember role: owner
DEBUG: get_current_merchant returning success
DEBUG: get_current_merchant starting for user 422b5fc4-57b5-434b-a1cd-ccdbed77b229, merchant 1dce4946-6759-46b0-8190-2a50f8e121c9
DEBUG: calling db.get(Merchant)
DEBUG: db.get(Merchant) finished: Merchant A
DEBUG: executing select(MerchantMember) query
DEBUG: select(MerchantMember) query executed
DEBUG: MerchantMember role: owner
DEBUG: get_current_merchant returning success
DEBUG: get_current_merchant starting for user 422b5fc4-57b5-434b-a1cd-ccdbed77b229, merchant 1dce4946-6759-46b0-8190-2a50f8e121c9
DEBUG: calling db.get(Merchant)
DEBUG: db.get(Merchant) finished: Merchant A
DEBUG: executing select(MerchantMember) query
DEBUG: select(MerchantMember) query executed
DEBUG: MerchantMember role: owner
DEBUG: get_current_merchant returning success
DEBUG: get_current_merchant starting for user 422b5fc4-57b5-434b-a1cd-ccdbed77b229, merchant 5630dcd0-fae5-4a5f-937e-9d4bf74fafa6
DEBUG: calling db.get(Merchant)
DEBUG: db.get(Merchant) finished: Merchant B
DEBUG: executing select(MerchantMember) query
DEBUG: select(MerchantMember) query executed
DEBUG: MerchantMember role: owner
DEBUG: get_current_merchant returning success
DEBUG: get_current_merchant starting for user e6d28f24-3ff1-4ea0-a69c-01290efba7cd, merchant e8ad9179-7678-4168-9fb2-499cec6e7dfe
DEBUG: calling db.get(Merchant)
DEBUG: db.get(Merchant) finished: Analytics Co
DEBUG: executing select(MerchantMember) query
DEBUG: select(MerchantMember) query executed
DEBUG: MerchantMember role: owner
DEBUG: get_current_merchant returning success
DEBUG: get_current_merchant starting for user 1454623b-eb0d-4865-9cbf-25c9b4e0749c, merchant aaca3347-19a9-4196-a71b-7f1a15e53592
DEBUG: calling db.get(Merchant)
DEBUG: db.get(Merchant) finished: Analytics Co
DEBUG: executing select(MerchantMember) query
DEBUG: select(MerchantMember) query executed
DEBUG: MerchantMember role: owner
DEBUG: get_current_merchant returning success
DEBUG: get_current_merchant starting for user e067cd85-941b-4adf-b535-3bbb54b6463e, merchant bd015281-f49d-4420-bf28-3b5a6d15effb
DEBUG: calling db.get(Merchant)
DEBUG: db.get(Merchant) finished: Analytics Co
DEBUG: executing select(MerchantMember) query
DEBUG: select(MerchantMember) query executed
DEBUG: MerchantMember role: owner
DEBUG: get_current_merchant returning success
DEBUG: get_current_merchant starting for user 45333507-b85e-4a8d-bc09-887e649289ef, merchant 9a606c56-567e-4348-ab30-5d6747f311e9
DEBUG: calling db.get(Merchant)
DEBUG: db.get(Merchant) finished: Diag
DEBUG: executing select(MerchantMember) query
DEBUG: select(MerchantMember) query executed
DEBUG: MerchantMember role: owner
DEBUG: get_current_merchant returning success
DEBUG: get_current_merchant starting for user 2fd883b7-afc2-49cc-87bc-98bfdd8cc7e7, merchant f647acd9-d966-4ec4-8ada-bae4849cb676
DEBUG: calling db.get(Merchant)
DEBUG: db.get(Merchant) finished: CRM Test Merchant
DEBUG: executing select(MerchantMember) query
DEBUG: select(MerchantMember) query executed
DEBUG: MerchantMember role: owner
DEBUG: get_current_merchant returning success
DEBUG: get_current_merchant starting for user 2fd883b7-afc2-49cc-87bc-98bfdd8cc7e7, merchant f647acd9-d966-4ec4-8ada-bae4849cb676
DEBUG: calling db.get(Merchant)
DEBUG: db.get(Merchant) finished: CRM Test Merchant
DEBUG: executing select(MerchantMember) query
DEBUG: select(MerchantMember) query executed
DEBUG: MerchantMember role: owner
DEBUG: get_current_merchant returning success
DEBUG: get_current_merchant starting for user 2fd883b7-afc2-49cc-87bc-98bfdd8cc7e7, merchant f647acd9-d966-4ec4-8ada-bae4849cb676
DEBUG: calling db.get(Merchant)
DEBUG: db.get(Merchant) finished: CRM Test Merchant
DEBUG: executing select(MerchantMember) query
DEBUG: select(MerchantMember) query executed
DEBUG: MerchantMember role: owner
DEBUG: get_current_merchant returning success
DEBUG: get_current_merchant starting for user 01dd4360-2f57-441f-8cdc-ec3c04fd4a3b, merchant 97ec98ba-d844-4120-a5e7-4ab8f4221dcf
DEBUG: calling db.get(Merchant)
DEBUG: db.get(Merchant) finished: Ctx
DEBUG: executing select(MerchantMember) query
DEBUG: select(MerchantMember) query executed
DEBUG: MerchantMember role: owner
DEBUG: get_current_merchant returning success
DEBUG: get_current_merchant starting for user 0e9143d1-65c8-4a9c-b964-e9cad82d8d6b, merchant 4ec633a4-cd8c-4b7c-9421-3de4d22e6dc5
DEBUG: calling db.get(Merchant)
DEBUG: db.get(Merchant) finished: Other
DEBUG: executing select(MerchantMember) query
DEBUG: select(MerchantMember) query executed
DEBUG: MerchantMember role: None
DEBUG: get_current_merchant got exception: 403: not a member of this merchant
DEBUG: get_current_merchant starting for user 6cb1d323-4409-4635-8678-b205f33b758e, merchant 0089b92e-eb48-4bb3-9562-30ee847fbcbe
DEBUG: calling db.get(Merchant)
DEBUG: db.get(Merchant) finished: None
DEBUG: get_current_merchant got exception: 404: merchant not found
DEBUG: get_current_merchant starting for user 81bfd38e-9b65-47d7-8157-b34f27dd89c2, merchant 4cbb2797-544c-48d8-ac4b-e6a303eb43c8
DEBUG: calling db.get(Merchant)
DEBUG: db.get(Merchant) finished: Prod Test
DEBUG: executing select(MerchantMember) query
DEBUG: select(MerchantMember) query executed
DEBUG: MerchantMember role: owner
DEBUG: get_current_merchant returning success
DEBUG: get_current_merchant starting for user 1718dde4-d745-4de2-9aaf-ee272113299a, merchant 0f921631-035e-46f2-86a7-22aac8f51857
DEBUG: calling db.get(Merchant)
DEBUG: db.get(Merchant) finished: Dup
DEBUG: executing select(MerchantMember) query
DEBUG: select(MerchantMember) query executed
DEBUG: MerchantMember role: owner
DEBUG: get_current_merchant returning success
DEBUG: get_current_merchant starting for user 1718dde4-d745-4de2-9aaf-ee272113299a, merchant 0f921631-035e-46f2-86a7-22aac8f51857
DEBUG: calling db.get(Merchant)
DEBUG: db.get(Merchant) finished: Dup
DEBUG: executing select(MerchantMember) query
DEBUG: select(MerchantMember) query executed
DEBUG: MerchantMember role: owner
DEBUG: get_current_merchant returning success
DEBUG: get_current_merchant starting for user a8fc79bd-e4aa-4cea-ae1f-8e251b30ecf8, merchant a86dd4a5-f40e-4330-9d2f-da83913f580a
DEBUG: calling db.get(Merchant)
DEBUG: db.get(Merchant) finished: M1
DEBUG: executing select(MerchantMember) query
DEBUG: select(MerchantMember) query executed
DEBUG: MerchantMember role: owner
DEBUG: get_current_merchant returning success
DEBUG: get_current_merchant starting for user a8fc79bd-e4aa-4cea-ae1f-8e251b30ecf8, merchant a86dd4a5-f40e-4330-9d2f-da83913f580a
DEBUG: calling db.get(Merchant)
DEBUG: db.get(Merchant) finished: M1
DEBUG: executing select(MerchantMember) query
DEBUG: select(MerchantMember) query executed
DEBUG: MerchantMember role: owner
DEBUG: get_current_merchant returning success
DEBUG: get_current_merchant starting for user a8fc79bd-e4aa-4cea-ae1f-8e251b30ecf8, merchant ccac7ef1-cae9-469e-827c-cd2c9050dc46
DEBUG: calling db.get(Merchant)
DEBUG: db.get(Merchant) finished: M2
DEBUG: executing select(MerchantMember) query
DEBUG: select(MerchantMember) query executed
DEBUG: MerchantMember role: owner
DEBUG: get_current_merchant returning success
DEBUG: get_current_merchant starting for user a8fc79bd-e4aa-4cea-ae1f-8e251b30ecf8, merchant ccac7ef1-cae9-469e-827c-cd2c9050dc46
DEBUG: calling db.get(Merchant)
DEBUG: db.get(Merchant) finished: M2
DEBUG: executing select(MerchantMember) query
DEBUG: select(MerchantMember) query executed
DEBUG: MerchantMember role: owner
DEBUG: get_current_merchant returning success
DEBUG: get_current_merchant starting for user a8fc79bd-e4aa-4cea-ae1f-8e251b30ecf8, merchant ccac7ef1-cae9-469e-827c-cd2c9050dc46
DEBUG: calling db.get(Merchant)
DEBUG: db.get(Merchant) finished: M2
DEBUG: executing select(MerchantMember) query
DEBUG: select(MerchantMember) query executed
DEBUG: MerchantMember role: owner
DEBUG: get_current_merchant returning success
DEBUG: get_current_merchant starting for user a8fc79bd-e4aa-4cea-ae1f-8e251b30ecf8, merchant a86dd4a5-f40e-4330-9d2f-da83913f580a
DEBUG: calling db.get(Merchant)
DEBUG: db.get(Merchant) finished: M1
DEBUG: executing select(MerchantMember) query
DEBUG: select(MerchantMember) query executed
DEBUG: MerchantMember role: owner
DEBUG: get_current_merchant returning success
DEBUG: get_current_merchant starting for user a4d9c68e-90bc-4b86-86df-10b162c54b25, merchant 1945bb9f-1c86-426f-8840-1764b7388766
DEBUG: calling db.get(Merchant)
DEBUG: db.get(Merchant) finished: Filt
DEBUG: executing select(MerchantMember) query
DEBUG: select(MerchantMember) query executed
DEBUG: MerchantMember role: owner
DEBUG: get_current_merchant returning success
DEBUG: get_current_merchant starting for user a4d9c68e-90bc-4b86-86df-10b162c54b25, merchant 1945bb9f-1c86-426f-8840-1764b7388766
DEBUG: calling db.get(Merchant)
DEBUG: db.get(Merchant) finished: Filt
DEBUG: executing select(MerchantMember) query
DEBUG: select(MerchantMember) query executed
DEBUG: MerchantMember role: owner
DEBUG: get_current_merchant returning success
DEBUG: get_current_merchant starting for user a4d9c68e-90bc-4b86-86df-10b162c54b25, merchant 1945bb9f-1c86-426f-8840-1764b7388766
DEBUG: calling db.get(Merchant)
DEBUG: db.get(Merchant) finished: Filt
DEBUG: executing select(MerchantMember) query
DEBUG: select(MerchantMember) query executed
DEBUG: MerchantMember role: owner
DEBUG: get_current_merchant returning success
DEBUG: get_current_merchant starting for user a4d9c68e-90bc-4b86-86df-10b162c54b25, merchant 1945bb9f-1c86-426f-8840-1764b7388766
DEBUG: calling db.get(Merchant)
DEBUG: db.get(Merchant) finished: Filt
DEBUG: executing select(MerchantMember) query
DEBUG: select(MerchantMember) query executed
DEBUG: MerchantMember role: owner
DEBUG: get_current_merchant returning success
DEBUG: get_current_merchant starting for user a4d9c68e-90bc-4b86-86df-10b162c54b25, merchant 1945bb9f-1c86-426f-8840-1764b7388766
DEBUG: calling db.get(Merchant)
DEBUG: db.get(Merchant) finished: Filt
DEBUG: executing select(MerchantMember) query
DEBUG: select(MerchantMember) query executed
DEBUG: MerchantMember role: owner
DEBUG: get_current_merchant returning success
DEBUG: get_current_merchant starting for user 42259e68-b57c-430b-8790-2b8b353a2786, merchant dd58d85a-25d4-4eaa-ac1c-d4ec1a7721d7
DEBUG: calling db.get(Merchant)
DEBUG: db.get(Merchant) finished: Merchant Alpha
DEBUG: executing select(MerchantMember) query
DEBUG: select(MerchantMember) query executed
DEBUG: MerchantMember role: owner
DEBUG: get_current_merchant returning success
DEBUG: get_current_merchant starting for user 42259e68-b57c-430b-8790-2b8b353a2786, merchant 61c9152d-2713-4aab-acc4-448e8cfb7414
DEBUG: calling db.get(Merchant)
DEBUG: db.get(Merchant) finished: Merchant Beta
DEBUG: executing select(MerchantMember) query
DEBUG: select(MerchantMember) query executed
DEBUG: MerchantMember role: owner
DEBUG: get_current_merchant returning success
DEBUG: get_current_merchant starting for user 21f21e03-03fb-4d98-99a3-55eea1b0197d, merchant cde885bd-d481-4e23-be52-61a6d7b7acef
DEBUG: calling db.get(Merchant)
DEBUG: db.get(Merchant) finished: Update Test
DEBUG: executing select(MerchantMember) query
DEBUG: select(MerchantMember) query executed
DEBUG: MerchantMember role: owner
DEBUG: get_current_merchant returning success
DEBUG: get_current_merchant starting for user 21f21e03-03fb-4d98-99a3-55eea1b0197d, merchant cde885bd-d481-4e23-be52-61a6d7b7acef
DEBUG: calling db.get(Merchant)
DEBUG: db.get(Merchant) finished: Update Test
DEBUG: executing select(MerchantMember) query
DEBUG: select(MerchantMember) query executed
DEBUG: MerchantMember role: owner
DEBUG: get_current_merchant returning success
DEBUG: get_current_merchant starting for user d674bcca-5597-4856-93fe-8adbad666ee2, merchant 8f962198-d55f-4d49-a3b9-3cb5bc3bf33e
DEBUG: calling db.get(Merchant)
DEBUG: db.get(Merchant) finished: Archive Test
DEBUG: executing select(MerchantMember) query
DEBUG: select(MerchantMember) query executed
DEBUG: MerchantMember role: owner
DEBUG: get_current_merchant returning success
DEBUG: get_current_merchant starting for user d674bcca-5597-4856-93fe-8adbad666ee2, merchant 8f962198-d55f-4d49-a3b9-3cb5bc3bf33e
DEBUG: calling db.get(Merchant)
DEBUG: db.get(Merchant) finished: Archive Test
DEBUG: executing select(MerchantMember) query
DEBUG: select(MerchantMember) query executed
DEBUG: MerchantMember role: owner
DEBUG: get_current_merchant returning success
DEBUG: get_current_merchant starting for user d674bcca-5597-4856-93fe-8adbad666ee2, merchant 8f962198-d55f-4d49-a3b9-3cb5bc3bf33e
DEBUG: calling db.get(Merchant)
DEBUG: db.get(Merchant) finished: Archive Test
DEBUG: executing select(MerchantMember) query
DEBUG: select(MerchantMember) query executed
DEBUG: MerchantMember role: owner
DEBUG: get_current_merchant returning success
DEBUG: get_current_merchant starting for user 74d9247f-7a42-49f4-84b3-c1eea0d22a60, merchant 8a3dad7b-ae49-44db-8c2f-08e57a816e0f
DEBUG: calling db.get(Merchant)
DEBUG: db.get(Merchant) finished: Publish Test
DEBUG: executing select(MerchantMember) query
DEBUG: select(MerchantMember) query executed
DEBUG: MerchantMember role: owner
DEBUG: get_current_merchant returning success
DEBUG: get_current_merchant starting for user 74d9247f-7a42-49f4-84b3-c1eea0d22a60, merchant 8a3dad7b-ae49-44db-8c2f-08e57a816e0f
DEBUG: calling db.get(Merchant)
DEBUG: db.get(Merchant) finished: Publish Test
DEBUG: executing select(MerchantMember) query
DEBUG: select(MerchantMember) query executed
DEBUG: MerchantMember role: owner
DEBUG: get_current_merchant returning success
DEBUG: get_current_merchant starting for user 66aba82e-45ac-485f-8ae2-81081de58c20, merchant 383f788f-9663-4c5c-804f-7b82ed8db3a6
DEBUG: calling db.get(Merchant)
DEBUG: db.get(Merchant) finished: Archived Test
DEBUG: executing select(MerchantMember) query
DEBUG: select(MerchantMember) query executed
DEBUG: MerchantMember role: owner
DEBUG: get_current_merchant returning success
DEBUG: get_current_merchant starting for user 66aba82e-45ac-485f-8ae2-81081de58c20, merchant 383f788f-9663-4c5c-804f-7b82ed8db3a6
DEBUG: calling db.get(Merchant)
DEBUG: db.get(Merchant) finished: Archived Test
DEBUG: executing select(MerchantMember) query
DEBUG: select(MerchantMember) query executed
DEBUG: MerchantMember role: owner
DEBUG: get_current_merchant returning success
DEBUG: get_current_merchant starting for user 66aba82e-45ac-485f-8ae2-81081de58c20, merchant 383f788f-9663-4c5c-804f-7b82ed8db3a6
DEBUG: calling db.get(Merchant)
DEBUG: db.get(Merchant) finished: Archived Test
DEBUG: executing select(MerchantMember) query
DEBUG: select(MerchantMember) query executed
DEBUG: MerchantMember role: owner
DEBUG: get_current_merchant returning success
DEBUG: get_current_merchant starting for user 0c326199-945b-4a40-bf5d-a4c4750f4262, merchant 63543f8d-7ba3-4d66-a3e7-5e7d9bc7e4ad
DEBUG: calling db.get(Merchant)
DEBUG: db.get(Merchant) finished: External Links
DEBUG: executing select(MerchantMember) query
DEBUG: select(MerchantMember) query executed
DEBUG: MerchantMember role: owner
DEBUG: get_current_merchant returning success
DEBUG: get_current_merchant starting for user 0c326199-945b-4a40-bf5d-a4c4750f4262, merchant 63543f8d-7ba3-4d66-a3e7-5e7d9bc7e4ad
DEBUG: calling db.get(Merchant)
DEBUG: db.get(Merchant) finished: External Links
DEBUG: executing select(MerchantMember) query
DEBUG: select(MerchantMember) query executed
DEBUG: MerchantMember role: owner
DEBUG: get_current_merchant returning success
DEBUG: get_current_merchant starting for user 0c326199-945b-4a40-bf5d-a4c4750f4262, merchant 63543f8d-7ba3-4d66-a3e7-5e7d9bc7e4ad
DEBUG: calling db.get(Merchant)
DEBUG: db.get(Merchant) finished: External Links
DEBUG: executing select(MerchantMember) query
DEBUG: select(MerchantMember) query executed
DEBUG: MerchantMember role: owner
DEBUG: get_current_merchant returning success
DEBUG: get_current_merchant starting for user 8ebc5e61-8a2f-4300-84b7-9e31a125d4ca, merchant cb427f99-8a56-4b13-8cb8-564eea6404e9
DEBUG: calling db.get(Merchant)
DEBUG: db.get(Merchant) finished: Update Links
DEBUG: executing select(MerchantMember) query
DEBUG: select(MerchantMember) query executed
DEBUG: MerchantMember role: owner
DEBUG: get_current_merchant returning success
DEBUG: get_current_merchant starting for user 8ebc5e61-8a2f-4300-84b7-9e31a125d4ca, merchant cb427f99-8a56-4b13-8cb8-564eea6404e9
DEBUG: calling db.get(Merchant)
DEBUG: db.get(Merchant) finished: Update Links
DEBUG: executing select(MerchantMember) query
DEBUG: select(MerchantMember) query executed
DEBUG: MerchantMember role: owner
DEBUG: get_current_merchant returning success
DEBUG: get_current_merchant starting for user 8ebc5e61-8a2f-4300-84b7-9e31a125d4ca, merchant cb427f99-8a56-4b13-8cb8-564eea6404e9
DEBUG: calling db.get(Merchant)
DEBUG: db.get(Merchant) finished: Update Links
DEBUG: executing select(MerchantMember) query
DEBUG: select(MerchantMember) query executed
DEBUG: MerchantMember role: owner
DEBUG: get_current_merchant returning success
DEBUG: get_current_merchant starting for user fb3e2cec-7c91-4b3e-af5c-1a98b7681b2e, merchant 3bb659a7-3255-4acb-87f8-57e6c4f2dac1
DEBUG: calling db.get(Merchant)
DEBUG: db.get(Merchant) finished: Delete Links
DEBUG: executing select(MerchantMember) query
DEBUG: select(MerchantMember) query executed
DEBUG: MerchantMember role: owner
DEBUG: get_current_merchant returning success
DEBUG: get_current_merchant starting for user fb3e2cec-7c91-4b3e-af5c-1a98b7681b2e, merchant 3bb659a7-3255-4acb-87f8-57e6c4f2dac1
DEBUG: calling db.get(Merchant)
DEBUG: db.get(Merchant) finished: Delete Links
DEBUG: executing select(MerchantMember) query
DEBUG: select(MerchantMember) query executed
DEBUG: MerchantMember role: owner
DEBUG: get_current_merchant returning success
DEBUG: get_current_merchant starting for user fb3e2cec-7c91-4b3e-af5c-1a98b7681b2e, merchant 3bb659a7-3255-4acb-87f8-57e6c4f2dac1
DEBUG: calling db.get(Merchant)
DEBUG: db.get(Merchant) finished: Delete Links
DEBUG: executing select(MerchantMember) query
DEBUG: select(MerchantMember) query executed
DEBUG: MerchantMember role: owner
DEBUG: get_current_merchant returning success
DEBUG: get_current_merchant starting for user fb3e2cec-7c91-4b3e-af5c-1a98b7681b2e, merchant 3bb659a7-3255-4acb-87f8-57e6c4f2dac1
DEBUG: calling db.get(Merchant)
DEBUG: db.get(Merchant) finished: Delete Links
DEBUG: executing select(MerchantMember) query
DEBUG: select(MerchantMember) query executed
DEBUG: MerchantMember role: owner
DEBUG: get_current_merchant returning success
DEBUG: get_current_merchant starting for user 46fe879c-1cda-428e-9b92-8b9bb2006c90, merchant 5197a1b2-cf56-40a3-ab04-5faaed18d6b1
DEBUG: calling db.get(Merchant)
DEBUG: db.get(Merchant) finished: Alpha Org
DEBUG: executing select(MerchantMember) query
DEBUG: select(MerchantMember) query executed
DEBUG: MerchantMember role: owner
DEBUG: get_current_merchant returning success
DEBUG: get_current_merchant starting for user 46fe879c-1cda-428e-9b92-8b9bb2006c90, merchant 3f0199f7-66be-42e3-9a73-6af43d3fa4bf
DEBUG: calling db.get(Merchant)
DEBUG: db.get(Merchant) finished: Beta Org
DEBUG: executing select(MerchantMember) query
DEBUG: select(MerchantMember) query executed
DEBUG: MerchantMember role: owner
DEBUG: get_current_merchant returning success
DEBUG: get_current_merchant starting for user 0ff76cbb-4185-4515-8e0e-13245c82a25e, merchant 814a2f0a-5488-4c4b-a6af-93118bc312cd
DEBUG: calling db.get(Merchant)
DEBUG: db.get(Merchant) finished: No Onboard Co
DEBUG: executing select(MerchantMember) query
DEBUG: select(MerchantMember) query executed
DEBUG: MerchantMember role: owner
DEBUG: get_current_merchant returning success
DEBUG: get_current_merchant starting for user 70450b99-ad21-4016-a87d-10b1c1be8433, merchant 0a00394d-1d73-4860-a9ec-e1d827dc30e1
DEBUG: calling db.get(Merchant)
DEBUG: db.get(Merchant) finished: Foreign
DEBUG: executing select(MerchantMember) query
DEBUG: select(MerchantMember) query executed
DEBUG: MerchantMember role: None
DEBUG: get_current_merchant got exception: 403: not a member of this merchant
DEBUG: get_current_merchant starting for user da70e78c-54a3-42be-be65-c1a5be86a7fe, merchant c2dd11c3-0f94-40a5-93d6-de4b330046d5
DEBUG: calling db.get(Merchant)
DEBUG: db.get(Merchant) finished: Patch
DEBUG: executing select(MerchantMember) query
DEBUG: select(MerchantMember) query executed
DEBUG: MerchantMember role: staff
DEBUG: get_current_merchant returning success
DEBUG: get_current_merchant starting for user 9eecd6ff-73cd-4224-999b-3d7a26a43d05, merchant d17ebc09-5358-47cf-9e9d-371a6f45ac1e
DEBUG: calling db.get(Merchant)
DEBUG: db.get(Merchant) finished: Team Test
DEBUG: executing select(MerchantMember) query
DEBUG: select(MerchantMember) query executed
DEBUG: MerchantMember role: owner
DEBUG: get_current_merchant returning success
DEBUG: get_current_merchant starting for user c4cf2e36-c850-4183-b7b0-8fd1670eb78d, merchant 80ee109a-f7dd-49b5-8af6-a95b09613234
DEBUG: calling db.get(Merchant)
DEBUG: db.get(Merchant) finished: Inv Test
DEBUG: executing select(MerchantMember) query
DEBUG: select(MerchantMember) query executed
DEBUG: MerchantMember role: owner
DEBUG: get_current_merchant returning success
DEBUG: get_current_merchant starting for user d387c535-5405-4e2b-a408-5cdd5e548cca, merchant 571298f3-1775-43c9-8ce6-70fb2c9d6f17
DEBUG: calling db.get(Merchant)
DEBUG: db.get(Merchant) finished: Unk
DEBUG: executing select(MerchantMember) query
DEBUG: select(MerchantMember) query executed
DEBUG: MerchantMember role: owner
DEBUG: get_current_merchant returning success
DEBUG: get_current_merchant starting for user b7c167ba-24b7-4dfb-8a9d-233d509d8055, merchant b8250141-1e48-4037-898b-cf6cef9d4088
DEBUG: calling db.get(Merchant)
DEBUG: db.get(Merchant) finished: Role Test
DEBUG: executing select(MerchantMember) query
DEBUG: select(MerchantMember) query executed
DEBUG: MerchantMember role: owner
DEBUG: get_current_merchant returning success
DEBUG: get_current_merchant starting for user 2df8a934-db0b-4ef3-8f81-162ee56edf55, merchant b8250141-1e48-4037-898b-cf6cef9d4088
DEBUG: calling db.get(Merchant)
DEBUG: db.get(Merchant) finished: Role Test
DEBUG: executing select(MerchantMember) query
DEBUG: select(MerchantMember) query executed
DEBUG: MerchantMember role: admin
DEBUG: get_current_merchant returning success
DEBUG: get_current_merchant starting for user 2df8a934-db0b-4ef3-8f81-162ee56edf55, merchant b8250141-1e48-4037-898b-cf6cef9d4088
DEBUG: calling db.get(Merchant)
DEBUG: db.get(Merchant) finished: Role Test
DEBUG: executing select(MerchantMember) query
DEBUG: select(MerchantMember) query executed
DEBUG: MerchantMember role: admin
DEBUG: get_current_merchant returning success
DEBUG: get_current_merchant starting for user aa57408f-a656-4989-bc5c-2810f89d22f6, merchant afedd574-9036-41e8-ab02-b5b678199784
DEBUG: calling db.get(Merchant)
DEBUG: db.get(Merchant) finished: Self
DEBUG: executing select(MerchantMember) query
DEBUG: select(MerchantMember) query executed
DEBUG: MerchantMember role: owner
DEBUG: get_current_merchant returning success
DEBUG: get_current_merchant starting for user 892295b7-d36f-4ce6-86c5-64cbc899067f, merchant b7f549ad-d0a0-4600-a158-4df3871927c8
DEBUG: calling db.get(Merchant)
DEBUG: db.get(Merchant) finished: Wallet Read
DEBUG: executing select(MerchantMember) query
DEBUG: select(MerchantMember) query executed
DEBUG: MerchantMember role: owner
DEBUG: get_current_merchant returning success
DEBUG: get_current_merchant starting for user 66e351cf-8870-450b-b6f2-018bcb9c9da5, merchant e783b296-158c-4836-8a50-4bc98edd54d9
DEBUG: calling db.get(Merchant)
DEBUG: db.get(Merchant) finished: Txn List
DEBUG: executing select(MerchantMember) query
DEBUG: select(MerchantMember) query executed
DEBUG: MerchantMember role: owner
DEBUG: get_current_merchant returning success
DEBUG: get_current_merchant starting for user d40f4650-4fc2-48fe-bcd4-7f1fc01e735e, merchant fbbf54f4-7a4a-44fe-a546-f9477b959b87
DEBUG: calling db.get(Merchant)
DEBUG: db.get(Merchant) finished: Threshold Test
DEBUG: executing select(MerchantMember) query
DEBUG: select(MerchantMember) query executed
DEBUG: MerchantMember role: owner
DEBUG: get_current_merchant returning success
DEBUG: get_current_merchant starting for user 4ad33314-0507-416b-85a0-64512fd70a8e, merchant 377a6399-ac51-4481-b3e5-a2a7f5dbfd7e
DEBUG: calling db.get(Merchant)
DEBUG: db.get(Merchant) finished: Intent Test
DEBUG: executing select(MerchantMember) query
DEBUG: select(MerchantMember) query executed
DEBUG: MerchantMember role: owner
DEBUG: get_current_merchant returning success
DEBUG: get_current_merchant starting for user 8a865d36-a058-4189-93fe-094fd2aa3be5, merchant 211368f3-ce43-423e-bdbd-0c9676425f14
DEBUG: calling db.get(Merchant)
DEBUG: db.get(Merchant) finished: Confirm Test
DEBUG: executing select(MerchantMember) query
DEBUG: select(MerchantMember) query executed
DEBUG: MerchantMember role: owner
DEBUG: get_current_merchant returning success
DEBUG: get_current_merchant starting for user 525f7404-f935-4cba-a8c6-e31107e27f78, merchant 3ca1707d-49e6-4840-8a5e-f8ee772db79e
DEBUG: calling db.get(Merchant)
DEBUG: db.get(Merchant) finished: Idem Test
DEBUG: executing select(MerchantMember) query
DEBUG: select(MerchantMember) query executed
DEBUG: MerchantMember role: owner
DEBUG: get_current_merchant returning success
DEBUG: get_current_merchant starting for user 819cfd17-d35a-480a-9cc2-324019192529, merchant 5480248e-3503-40c8-a242-40b2c9f4a1ae
DEBUG: calling db.get(Merchant)
DEBUG: db.get(Merchant) finished: Bad Sig
DEBUG: executing select(MerchantMember) query
DEBUG: select(MerchantMember) query executed
DEBUG: MerchantMember role: owner
DEBUG: get_current_merchant returning success
DEBUG: get_current_merchant starting for user be05a376-5867-4162-9e9e-3f54394579c7, merchant aaddec13-20f4-4f47-852f-623cd667ff66
DEBUG: calling db.get(Merchant)
DEBUG: db.get(Merchant) finished: Publish Gate
DEBUG: executing select(MerchantMember) query
DEBUG: select(MerchantMember) query executed
DEBUG: MerchantMember role: owner
DEBUG: get_current_merchant returning success
DEBUG: get_current_merchant starting for user be05a376-5867-4162-9e9e-3f54394579c7, merchant aaddec13-20f4-4f47-852f-623cd667ff66
DEBUG: calling db.get(Merchant)
DEBUG: db.get(Merchant) finished: Publish Gate
DEBUG: executing select(MerchantMember) query
DEBUG: select(MerchantMember) query executed
DEBUG: MerchantMember role: owner
DEBUG: get_current_merchant returning success
DEBUG: get_current_merchant starting for user be05a376-5867-4162-9e9e-3f54394579c7, merchant aaddec13-20f4-4f47-852f-623cd667ff66
DEBUG: calling db.get(Merchant)
DEBUG: db.get(Merchant) finished: Publish Gate
DEBUG: executing select(MerchantMember) query
DEBUG: select(MerchantMember) query executed
DEBUG: MerchantMember role: owner
DEBUG: get_current_merchant returning success
DEBUG: get_current_merchant starting for user 845a420d-d330-44c3-bad4-a058c2a52c9c, merchant 2014e641-739a-45de-b6c5-5d73e2c2f193
DEBUG: calling db.get(Merchant)
DEBUG: db.get(Merchant) finished: History Test
DEBUG: executing select(MerchantMember) query
DEBUG: select(MerchantMember) query executed
DEBUG: MerchantMember role: owner
DEBUG: get_current_merchant returning success
DEBUG: get_current_merchant starting for user 845a420d-d330-44c3-bad4-a058c2a52c9c, merchant 2014e641-739a-45de-b6c5-5d73e2c2f193
DEBUG: calling db.get(Merchant)
DEBUG: db.get(Merchant) finished: History Test
DEBUG: executing select(MerchantMember) query
DEBUG: select(MerchantMember) query executed
DEBUG: MerchantMember role: owner
DEBUG: get_current_merchant returning success
DEBUG: get_current_merchant starting for user df51f900-63f2-4a92-9d0b-1f2703c05e0b, merchant 5371efc6-f4ab-45d8-99fc-3c57fecf2a00
DEBUG: calling db.get(Merchant)
DEBUG: db.get(Merchant) finished: Merchant B
DEBUG: executing select(MerchantMember) query
DEBUG: select(MerchantMember) query executed
DEBUG: MerchantMember role: owner
DEBUG: get_current_merchant returning success
DEBUG: get_current_merchant starting for user df51f900-63f2-4a92-9d0b-1f2703c05e0b, merchant 1f3859a5-6b3e-4831-bb3f-f2f4d588775c
DEBUG: calling db.get(Merchant)
DEBUG: db.get(Merchant) finished: Merchant A
DEBUG: executing select(MerchantMember) query
DEBUG: select(MerchantMember) query executed
DEBUG: MerchantMember role: owner
DEBUG: get_current_merchant returning success
DEBUG: get_current_merchant starting for user df51f900-63f2-4a92-9d0b-1f2703c05e0b, merchant 1f3859a5-6b3e-4831-bb3f-f2f4d588775c
DEBUG: calling db.get(Merchant)
DEBUG: db.get(Merchant) finished: Merchant A
DEBUG: executing select(MerchantMember) query
DEBUG: select(MerchantMember) query executed
DEBUG: MerchantMember role: owner
DEBUG: get_current_merchant returning success
DEBUG: get_current_merchant starting for user df51f900-63f2-4a92-9d0b-1f2703c05e0b, merchant 5371efc6-f4ab-45d8-99fc-3c57fecf2a00
DEBUG: calling db.get(Merchant)
DEBUG: db.get(Merchant) finished: Merchant B
DEBUG: executing select(MerchantMember) query
DEBUG: select(MerchantMember) query executed
DEBUG: MerchantMember role: owner
DEBUG: get_current_merchant returning success
DEBUG: get_current_merchant starting for user e4b99e7a-7e57-4940-91e0-1db6bd247a50, merchant 457f89cf-69c3-4875-8110-ea980946ee24
DEBUG: calling db.get(Merchant)
DEBUG: db.get(Merchant) finished: Analytics Co
DEBUG: executing select(MerchantMember) query
DEBUG: select(MerchantMember) query executed
DEBUG: MerchantMember role: owner
DEBUG: get_current_merchant returning success
DEBUG: get_current_merchant starting for user c4ebe327-eae0-47ef-912e-94f885902a6d, merchant 6c128d31-fa8c-49c2-91c0-5119e5f31f52
DEBUG: calling db.get(Merchant)
DEBUG: db.get(Merchant) finished: Analytics Co
DEBUG: executing select(MerchantMember) query
DEBUG: select(MerchantMember) query executed
DEBUG: MerchantMember role: owner
DEBUG: get_current_merchant returning success
DEBUG: get_current_merchant starting for user 6d054a81-8b98-4eab-bd6c-f27aabf5b5ea, merchant f0b61325-fee9-4091-a5ed-d8ec98983c93
DEBUG: calling db.get(Merchant)
DEBUG: db.get(Merchant) finished: Analytics Co
DEBUG: executing select(MerchantMember) query
DEBUG: select(MerchantMember) query executed
DEBUG: MerchantMember role: owner
DEBUG: get_current_merchant returning success
DEBUG: get_current_merchant starting for user a8d09838-70a0-4133-9cb3-b65f9f7b8e9c, merchant 8768f5b4-40c3-4968-9224-4dd9c60c3505
DEBUG: calling db.get(Merchant)
DEBUG: db.get(Merchant) finished: Diag
DEBUG: executing select(MerchantMember) query
DEBUG: select(MerchantMember) query executed
DEBUG: MerchantMember role: owner
DEBUG: get_current_merchant returning success
DEBUG: get_current_merchant starting for user 3258852b-3c5d-4dba-a61f-498fd3b735df, merchant 5eddfc3c-9047-41c6-b5f9-0768dc407521
DEBUG: calling db.get(Merchant)
DEBUG: db.get(Merchant) finished: CRM Test Merchant
DEBUG: executing select(MerchantMember) query
DEBUG: select(MerchantMember) query executed
DEBUG: MerchantMember role: owner
DEBUG: get_current_merchant returning success
DEBUG: get_current_merchant starting for user 3258852b-3c5d-4dba-a61f-498fd3b735df, merchant 5eddfc3c-9047-41c6-b5f9-0768dc407521
DEBUG: calling db.get(Merchant)
DEBUG: db.get(Merchant) finished: CRM Test Merchant
DEBUG: executing select(MerchantMember) query
DEBUG: select(MerchantMember) query executed
DEBUG: MerchantMember role: owner
DEBUG: get_current_merchant returning success
DEBUG: get_current_merchant starting for user 3258852b-3c5d-4dba-a61f-498fd3b735df, merchant 5eddfc3c-9047-41c6-b5f9-0768dc407521
DEBUG: calling db.get(Merchant)
DEBUG: db.get(Merchant) finished: CRM Test Merchant
DEBUG: executing select(MerchantMember) query
DEBUG: select(MerchantMember) query executed
DEBUG: MerchantMember role: owner
DEBUG: get_current_merchant returning success
DEBUG: get_current_merchant starting for user 6dd399d2-fe04-41e5-9bdf-452f5069e892, merchant 325fbc20-2f6f-4e45-918e-4daebc27e62b
DEBUG: calling db.get(Merchant)
DEBUG: db.get(Merchant) finished: Ctx
DEBUG: executing select(MerchantMember) query
DEBUG: select(MerchantMember) query executed
DEBUG: MerchantMember role: owner
DEBUG: get_current_merchant returning success
DEBUG: get_current_merchant starting for user e53b2ac6-b1a5-4e3c-a636-75a32e3732cd, merchant c42854bc-4846-4644-a238-a11e7caabbe4
DEBUG: calling db.get(Merchant)
DEBUG: db.get(Merchant) finished: Other
DEBUG: executing select(MerchantMember) query
DEBUG: select(MerchantMember) query executed
DEBUG: MerchantMember role: None
DEBUG: get_current_merchant got exception: 403: not a member of this merchant
DEBUG: get_current_merchant starting for user a968de66-17cf-4e98-be52-9cea69a4c8f0, merchant f4a1610e-6e05-4b3d-b5df-f570ff7a7478
DEBUG: calling db.get(Merchant)
DEBUG: db.get(Merchant) finished: None
DEBUG: get_current_merchant got exception: 404: merchant not found
DEBUG: get_current_merchant starting for user 3073ef94-9091-42c3-a2fb-a0c949fc3bb8, merchant f057a478-43df-424d-9320-22f974b14cca
DEBUG: calling db.get(Merchant)
DEBUG: db.get(Merchant) finished: Prod Test
DEBUG: executing select(MerchantMember) query
DEBUG: select(MerchantMember) query executed
DEBUG: MerchantMember role: owner
DEBUG: get_current_merchant returning success
DEBUG: get_current_merchant starting for user b4b699bd-cb7a-4c66-b999-5a9dfbbf12da, merchant 36349b4b-ed3b-44de-bf06-2a96b2708e92
DEBUG: calling db.get(Merchant)
DEBUG: db.get(Merchant) finished: Dup
DEBUG: executing select(MerchantMember) query
DEBUG: select(MerchantMember) query executed
DEBUG: MerchantMember role: owner
DEBUG: get_current_merchant returning success
DEBUG: get_current_merchant starting for user b4b699bd-cb7a-4c66-b999-5a9dfbbf12da, merchant 36349b4b-ed3b-44de-bf06-2a96b2708e92
DEBUG: calling db.get(Merchant)
DEBUG: db.get(Merchant) finished: Dup
DEBUG: executing select(MerchantMember) query
DEBUG: select(MerchantMember) query executed
DEBUG: MerchantMember role: owner
DEBUG: get_current_merchant returning success
DEBUG: get_current_merchant starting for user c25b96fc-161b-4a5a-be37-0825d59a9ddb, merchant fe35ea40-ad5d-48fb-8c32-0109c69da070
DEBUG: calling db.get(Merchant)
DEBUG: db.get(Merchant) finished: M1
DEBUG: executing select(MerchantMember) query
DEBUG: select(MerchantMember) query executed
DEBUG: MerchantMember role: owner
DEBUG: get_current_merchant returning success
DEBUG: get_current_merchant starting for user c25b96fc-161b-4a5a-be37-0825d59a9ddb, merchant fe35ea40-ad5d-48fb-8c32-0109c69da070
DEBUG: calling db.get(Merchant)
DEBUG: db.get(Merchant) finished: M1
DEBUG: executing select(MerchantMember) query
DEBUG: select(MerchantMember) query executed
DEBUG: MerchantMember role: owner
DEBUG: get_current_merchant returning success
DEBUG: get_current_merchant starting for user c25b96fc-161b-4a5a-be37-0825d59a9ddb, merchant 669615e4-6ce0-4def-bf87-981797119165
DEBUG: calling db.get(Merchant)
DEBUG: db.get(Merchant) finished: M2
DEBUG: executing select(MerchantMember) query
DEBUG: select(MerchantMember) query executed
DEBUG: MerchantMember role: owner
DEBUG: get_current_merchant returning success
DEBUG: get_current_merchant starting for user c25b96fc-161b-4a5a-be37-0825d59a9ddb, merchant 669615e4-6ce0-4def-bf87-981797119165
DEBUG: calling db.get(Merchant)
DEBUG: db.get(Merchant) finished: M2
DEBUG: executing select(MerchantMember) query
DEBUG: select(MerchantMember) query executed
DEBUG: MerchantMember role: owner
DEBUG: get_current_merchant returning success
DEBUG: get_current_merchant starting for user c25b96fc-161b-4a5a-be37-0825d59a9ddb, merchant 669615e4-6ce0-4def-bf87-981797119165
DEBUG: calling db.get(Merchant)
DEBUG: db.get(Merchant) finished: M2
DEBUG: executing select(MerchantMember) query
DEBUG: select(MerchantMember) query executed
DEBUG: MerchantMember role: owner
DEBUG: get_current_merchant returning success
DEBUG: get_current_merchant starting for user c25b96fc-161b-4a5a-be37-0825d59a9ddb, merchant fe35ea40-ad5d-48fb-8c32-0109c69da070
DEBUG: calling db.get(Merchant)
DEBUG: db.get(Merchant) finished: M1
DEBUG: executing select(MerchantMember) query
DEBUG: select(MerchantMember) query executed
DEBUG: MerchantMember role: owner
DEBUG: get_current_merchant returning success
DEBUG: get_current_merchant starting for user 58bbfb9c-f102-4200-8fd3-29f7be6a7cd4, merchant 3bf69ca3-bf4b-431e-8b1b-6b9f44715968
DEBUG: calling db.get(Merchant)
DEBUG: db.get(Merchant) finished: Filt
DEBUG: executing select(MerchantMember) query
DEBUG: select(MerchantMember) query executed
DEBUG: MerchantMember role: owner
DEBUG: get_current_merchant returning success
DEBUG: get_current_merchant starting for user 58bbfb9c-f102-4200-8fd3-29f7be6a7cd4, merchant 3bf69ca3-bf4b-431e-8b1b-6b9f44715968
DEBUG: calling db.get(Merchant)
DEBUG: db.get(Merchant) finished: Filt
DEBUG: executing select(MerchantMember) query
DEBUG: select(MerchantMember) query executed
DEBUG: MerchantMember role: owner
DEBUG: get_current_merchant returning success
DEBUG: get_current_merchant starting for user 58bbfb9c-f102-4200-8fd3-29f7be6a7cd4, merchant 3bf69ca3-bf4b-431e-8b1b-6b9f44715968
DEBUG: calling db.get(Merchant)
DEBUG: db.get(Merchant) finished: Filt
DEBUG: executing select(MerchantMember) query
DEBUG: select(MerchantMember) query executed
DEBUG: MerchantMember role: owner
DEBUG: get_current_merchant returning success
DEBUG: get_current_merchant starting for user 58bbfb9c-f102-4200-8fd3-29f7be6a7cd4, merchant 3bf69ca3-bf4b-431e-8b1b-6b9f44715968
DEBUG: calling db.get(Merchant)
DEBUG: db.get(Merchant) finished: Filt
DEBUG: executing select(MerchantMember) query
DEBUG: select(MerchantMember) query executed
DEBUG: MerchantMember role: owner
DEBUG: get_current_merchant returning success
DEBUG: get_current_merchant starting for user 58bbfb9c-f102-4200-8fd3-29f7be6a7cd4, merchant 3bf69ca3-bf4b-431e-8b1b-6b9f44715968
DEBUG: calling db.get(Merchant)
DEBUG: db.get(Merchant) finished: Filt
DEBUG: executing select(MerchantMember) query
DEBUG: select(MerchantMember) query executed
DEBUG: MerchantMember role: owner
DEBUG: get_current_merchant returning success
DEBUG: get_current_merchant starting for user 19b8873c-80ac-4b92-9b3b-b40a3911015a, merchant 2ffb8644-310b-4db0-89b9-5f898cd616ba
DEBUG: calling db.get(Merchant)
DEBUG: db.get(Merchant) finished: Merchant Alpha
DEBUG: executing select(MerchantMember) query
DEBUG: select(MerchantMember) query executed
DEBUG: MerchantMember role: owner
DEBUG: get_current_merchant returning success
DEBUG: get_current_merchant starting for user 19b8873c-80ac-4b92-9b3b-b40a3911015a, merchant 4c2cf141-3d83-4346-8539-f41b8356999a
DEBUG: calling db.get(Merchant)
DEBUG: db.get(Merchant) finished: Merchant Beta
DEBUG: executing select(MerchantMember) query
DEBUG: select(MerchantMember) query executed
DEBUG: MerchantMember role: owner
DEBUG: get_current_merchant returning success
DEBUG: get_current_merchant starting for user b11624db-8660-43a1-9a57-4a9d84367dcc, merchant fa06d0f0-7908-423c-98d7-6f0428dc04d4
DEBUG: calling db.get(Merchant)
DEBUG: db.get(Merchant) finished: Update Test
DEBUG: executing select(MerchantMember) query
DEBUG: select(MerchantMember) query executed
DEBUG: MerchantMember role: owner
DEBUG: get_current_merchant returning success
DEBUG: get_current_merchant starting for user b11624db-8660-43a1-9a57-4a9d84367dcc, merchant fa06d0f0-7908-423c-98d7-6f0428dc04d4
DEBUG: calling db.get(Merchant)
DEBUG: db.get(Merchant) finished: Update Test
DEBUG: executing select(MerchantMember) query
DEBUG: select(MerchantMember) query executed
DEBUG: MerchantMember role: owner
DEBUG: get_current_merchant returning success
DEBUG: get_current_merchant starting for user f4eae0ff-9fc2-41d4-912c-64ff01b7c4ea, merchant 8bf6f633-21b1-4586-bd2d-3efdc24128b3
DEBUG: calling db.get(Merchant)
DEBUG: db.get(Merchant) finished: Archive Test
DEBUG: executing select(MerchantMember) query
DEBUG: select(MerchantMember) query executed
DEBUG: MerchantMember role: owner
DEBUG: get_current_merchant returning success
DEBUG: get_current_merchant starting for user f4eae0ff-9fc2-41d4-912c-64ff01b7c4ea, merchant 8bf6f633-21b1-4586-bd2d-3efdc24128b3
DEBUG: calling db.get(Merchant)
DEBUG: db.get(Merchant) finished: Archive Test
DEBUG: executing select(MerchantMember) query
DEBUG: select(MerchantMember) query executed
DEBUG: MerchantMember role: owner
DEBUG: get_current_merchant returning success
DEBUG: get_current_merchant starting for user f4eae0ff-9fc2-41d4-912c-64ff01b7c4ea, merchant 8bf6f633-21b1-4586-bd2d-3efdc24128b3
DEBUG: calling db.get(Merchant)
DEBUG: db.get(Merchant) finished: Archive Test
DEBUG: executing select(MerchantMember) query
DEBUG: select(MerchantMember) query executed
DEBUG: MerchantMember role: owner
DEBUG: get_current_merchant returning success
DEBUG: get_current_merchant starting for user 11d42910-57ae-49f0-8b77-db2095f0136f, merchant 4f075698-52dc-4608-ad02-0072b14a7a53
DEBUG: calling db.get(Merchant)
DEBUG: db.get(Merchant) finished: Publish Test
DEBUG: executing select(MerchantMember) query
DEBUG: select(MerchantMember) query executed
DEBUG: MerchantMember role: owner
DEBUG: get_current_merchant returning success
DEBUG: get_current_merchant starting for user 11d42910-57ae-49f0-8b77-db2095f0136f, merchant 4f075698-52dc-4608-ad02-0072b14a7a53
DEBUG: calling db.get(Merchant)
DEBUG: db.get(Merchant) finished: Publish Test
DEBUG: executing select(MerchantMember) query
DEBUG: select(MerchantMember) query executed
DEBUG: MerchantMember role: owner
DEBUG: get_current_merchant returning success
DEBUG: get_current_merchant starting for user ca13b578-f24b-4537-ba5c-0342cce2530a, merchant 6fb675fc-9c78-4d4e-a931-3dff3388004e
DEBUG: calling db.get(Merchant)
DEBUG: db.get(Merchant) finished: Archived Test
DEBUG: executing select(MerchantMember) query
DEBUG: select(MerchantMember) query executed
DEBUG: MerchantMember role: owner
DEBUG: get_current_merchant returning success
DEBUG: get_current_merchant starting for user ca13b578-f24b-4537-ba5c-0342cce2530a, merchant 6fb675fc-9c78-4d4e-a931-3dff3388004e
DEBUG: calling db.get(Merchant)
DEBUG: db.get(Merchant) finished: Archived Test
DEBUG: executing select(MerchantMember) query
DEBUG: select(MerchantMember) query executed
DEBUG: MerchantMember role: owner
DEBUG: get_current_merchant returning success
DEBUG: get_current_merchant starting for user ca13b578-f24b-4537-ba5c-0342cce2530a, merchant 6fb675fc-9c78-4d4e-a931-3dff3388004e
DEBUG: calling db.get(Merchant)
DEBUG: db.get(Merchant) finished: Archived Test
DEBUG: executing select(MerchantMember) query
DEBUG: select(MerchantMember) query executed
DEBUG: MerchantMember role: owner
DEBUG: get_current_merchant returning success
DEBUG: get_current_merchant starting for user b210eb27-fa7b-4c7e-a4c9-0039b741c578, merchant 91eef0b2-7942-47a5-89c4-235f6fefc2ba
DEBUG: calling db.get(Merchant)
DEBUG: db.get(Merchant) finished: External Links
DEBUG: executing select(MerchantMember) query
DEBUG: select(MerchantMember) query executed
DEBUG: MerchantMember role: owner
DEBUG: get_current_merchant returning success
DEBUG: get_current_merchant starting for user b210eb27-fa7b-4c7e-a4c9-0039b741c578, merchant 91eef0b2-7942-47a5-89c4-235f6fefc2ba
DEBUG: calling db.get(Merchant)
DEBUG: db.get(Merchant) finished: External Links
DEBUG: executing select(MerchantMember) query
DEBUG: select(MerchantMember) query executed
DEBUG: MerchantMember role: owner
DEBUG: get_current_merchant returning success
DEBUG: get_current_merchant starting for user b210eb27-fa7b-4c7e-a4c9-0039b741c578, merchant 91eef0b2-7942-47a5-89c4-235f6fefc2ba
DEBUG: calling db.get(Merchant)
DEBUG: db.get(Merchant) finished: External Links
DEBUG: executing select(MerchantMember) query
DEBUG: select(MerchantMember) query executed
DEBUG: MerchantMember role: owner
DEBUG: get_current_merchant returning success
DEBUG: get_current_merchant starting for user 93f5190a-6190-4d5d-bd79-c274fdc569c1, merchant 1066c848-60f9-4a0b-add2-a5c921995b99
DEBUG: calling db.get(Merchant)
DEBUG: db.get(Merchant) finished: Update Links
DEBUG: executing select(MerchantMember) query
DEBUG: select(MerchantMember) query executed
DEBUG: MerchantMember role: owner
DEBUG: get_current_merchant returning success
DEBUG: get_current_merchant starting for user 93f5190a-6190-4d5d-bd79-c274fdc569c1, merchant 1066c848-60f9-4a0b-add2-a5c921995b99
DEBUG: calling db.get(Merchant)
DEBUG: db.get(Merchant) finished: Update Links
DEBUG: executing select(MerchantMember) query
DEBUG: select(MerchantMember) query executed
DEBUG: MerchantMember role: owner
DEBUG: get_current_merchant returning success
DEBUG: get_current_merchant starting for user 93f5190a-6190-4d5d-bd79-c274fdc569c1, merchant 1066c848-60f9-4a0b-add2-a5c921995b99
DEBUG: calling db.get(Merchant)
DEBUG: db.get(Merchant) finished: Update Links
DEBUG: executing select(MerchantMember) query
DEBUG: select(MerchantMember) query executed
DEBUG: MerchantMember role: owner
DEBUG: get_current_merchant returning success
DEBUG: get_current_merchant starting for user b2355a4a-e473-4893-88c7-79d3ddb9cfcc, merchant dcd5af3d-b0fb-4a9f-ad13-67def86b521c
DEBUG: calling db.get(Merchant)
DEBUG: db.get(Merchant) finished: Delete Links
DEBUG: executing select(MerchantMember) query
DEBUG: select(MerchantMember) query executed
DEBUG: MerchantMember role: owner
DEBUG: get_current_merchant returning success
DEBUG: get_current_merchant starting for user b2355a4a-e473-4893-88c7-79d3ddb9cfcc, merchant dcd5af3d-b0fb-4a9f-ad13-67def86b521c
DEBUG: calling db.get(Merchant)
DEBUG: db.get(Merchant) finished: Delete Links
DEBUG: executing select(MerchantMember) query
DEBUG: select(MerchantMember) query executed
DEBUG: MerchantMember role: owner
DEBUG: get_current_merchant returning success
DEBUG: get_current_merchant starting for user b2355a4a-e473-4893-88c7-79d3ddb9cfcc, merchant dcd5af3d-b0fb-4a9f-ad13-67def86b521c
DEBUG: calling db.get(Merchant)
DEBUG: db.get(Merchant) finished: Delete Links
DEBUG: executing select(MerchantMember) query
DEBUG: select(MerchantMember) query executed
DEBUG: MerchantMember role: owner
DEBUG: get_current_merchant returning success
DEBUG: get_current_merchant starting for user b2355a4a-e473-4893-88c7-79d3ddb9cfcc, merchant dcd5af3d-b0fb-4a9f-ad13-67def86b521c
DEBUG: calling db.get(Merchant)
DEBUG: db.get(Merchant) finished: Delete Links
DEBUG: executing select(MerchantMember) query
DEBUG: select(MerchantMember) query executed
DEBUG: MerchantMember role: owner
DEBUG: get_current_merchant returning success
DEBUG: get_current_merchant starting for user 74ab102d-0772-422a-8058-598ef45a814d, merchant 6ade24da-a4d0-4785-a486-064e2052ebcc
DEBUG: calling db.get(Merchant)
DEBUG: db.get(Merchant) finished: Alpha Org
DEBUG: executing select(MerchantMember) query
DEBUG: select(MerchantMember) query executed
DEBUG: MerchantMember role: owner
DEBUG: get_current_merchant returning success
DEBUG: get_current_merchant starting for user 74ab102d-0772-422a-8058-598ef45a814d, merchant a76b010f-9083-470a-b8a0-66484dec9283
DEBUG: calling db.get(Merchant)
DEBUG: db.get(Merchant) finished: Beta Org
DEBUG: executing select(MerchantMember) query
DEBUG: select(MerchantMember) query executed
DEBUG: MerchantMember role: owner
DEBUG: get_current_merchant returning success
DEBUG: get_current_merchant starting for user 2820ec64-e15c-42b3-9a00-62d4b75d3b93, merchant 6eb5c72f-cdca-41d5-a5a4-e3b482bd39bc
DEBUG: calling db.get(Merchant)
DEBUG: db.get(Merchant) finished: No Onboard Co
DEBUG: executing select(MerchantMember) query
DEBUG: select(MerchantMember) query executed
DEBUG: MerchantMember role: owner
DEBUG: get_current_merchant returning success
DEBUG: get_current_merchant starting for user 8dce0f21-0b11-4d75-aa03-77c5b7ad247f, merchant 0b20f6fd-906f-4ebf-882e-cd5376cf8009
DEBUG: calling db.get(Merchant)
DEBUG: db.get(Merchant) finished: Foreign
DEBUG: executing select(MerchantMember) query
DEBUG: select(MerchantMember) query executed
DEBUG: MerchantMember role: None
DEBUG: get_current_merchant got exception: 403: not a member of this merchant
DEBUG: get_current_merchant starting for user f305b354-3e1b-4e6b-bf32-f1e6e5e86d1f, merchant 25fbdc56-35dd-4f2e-acd8-5fad0947d33a
DEBUG: calling db.get(Merchant)
DEBUG: db.get(Merchant) finished: Patch
DEBUG: executing select(MerchantMember) query
DEBUG: select(MerchantMember) query executed
DEBUG: MerchantMember role: staff
DEBUG: get_current_merchant returning success
DEBUG: get_current_merchant starting for user 5a2e4e62-32a7-4204-9bf5-7252f422e0cd, merchant 5173112e-61dd-4c50-b398-92abfc86f19f
DEBUG: calling db.get(Merchant)
DEBUG: db.get(Merchant) finished: Team Test
DEBUG: executing select(MerchantMember) query
DEBUG: select(MerchantMember) query executed
DEBUG: MerchantMember role: owner
DEBUG: get_current_merchant returning success
DEBUG: get_current_merchant starting for user 84edc5fe-851c-4502-8933-6196d172c331, merchant d4cf1daf-4b5f-42dd-b702-724531ecd672
DEBUG: calling db.get(Merchant)
DEBUG: db.get(Merchant) finished: Inv Test
DEBUG: executing select(MerchantMember) query
DEBUG: select(MerchantMember) query executed
DEBUG: MerchantMember role: owner
DEBUG: get_current_merchant returning success
DEBUG: get_current_merchant starting for user 972870ed-767f-44df-9039-c799294ec6ac, merchant 20923829-da3f-42bb-bae1-3e8b296cf37a
DEBUG: calling db.get(Merchant)
DEBUG: db.get(Merchant) finished: Unk
DEBUG: executing select(MerchantMember) query
DEBUG: select(MerchantMember) query executed
DEBUG: MerchantMember role: owner
DEBUG: get_current_merchant returning success
DEBUG: get_current_merchant starting for user a8237a26-c453-4091-86a0-cbe02eac05a1, merchant 95ba5c84-75e3-4640-98c5-e15cf5c64ab0
DEBUG: calling db.get(Merchant)
DEBUG: db.get(Merchant) finished: Role Test
DEBUG: executing select(MerchantMember) query
DEBUG: select(MerchantMember) query executed
DEBUG: MerchantMember role: owner
DEBUG: get_current_merchant returning success
DEBUG: get_current_merchant starting for user 9e8d6801-8489-4241-9825-8f84ff656c73, merchant 95ba5c84-75e3-4640-98c5-e15cf5c64ab0
DEBUG: calling db.get(Merchant)
DEBUG: db.get(Merchant) finished: Role Test
DEBUG: executing select(MerchantMember) query
DEBUG: select(MerchantMember) query executed
DEBUG: MerchantMember role: admin
DEBUG: get_current_merchant returning success
DEBUG: get_current_merchant starting for user 9e8d6801-8489-4241-9825-8f84ff656c73, merchant 95ba5c84-75e3-4640-98c5-e15cf5c64ab0
DEBUG: calling db.get(Merchant)
DEBUG: db.get(Merchant) finished: Role Test
DEBUG: executing select(MerchantMember) query
DEBUG: select(MerchantMember) query executed
DEBUG: MerchantMember role: admin
DEBUG: get_current_merchant returning success
DEBUG: get_current_merchant starting for user a96d3477-5d28-49ba-b9c9-9afc6fec689f, merchant 587aac30-4abf-4974-8086-f023fc4a9df1
DEBUG: calling db.get(Merchant)
DEBUG: db.get(Merchant) finished: Self
DEBUG: executing select(MerchantMember) query
DEBUG: select(MerchantMember) query executed
DEBUG: MerchantMember role: owner
DEBUG: get_current_merchant returning success
DEBUG: get_current_merchant starting for user f1de2cca-d1c8-4e01-9304-18af8869ce1b, merchant 1ae9d07c-0394-4cba-a457-c650dbcd68f3
DEBUG: calling db.get(Merchant)
DEBUG: db.get(Merchant) finished: Wallet Read
DEBUG: executing select(MerchantMember) query
DEBUG: select(MerchantMember) query executed
DEBUG: MerchantMember role: owner
DEBUG: get_current_merchant returning success
DEBUG: get_current_merchant starting for user 37d400f0-331f-4c5c-a67a-521d46d09342, merchant 82c83c56-652d-4cab-9d87-52ba3bdfb383
DEBUG: calling db.get(Merchant)
DEBUG: db.get(Merchant) finished: Txn List
DEBUG: executing select(MerchantMember) query
DEBUG: select(MerchantMember) query executed
DEBUG: MerchantMember role: owner
DEBUG: get_current_merchant returning success
DEBUG: get_current_merchant starting for user 99958919-dcbe-4ab0-aac6-181209df4705, merchant fcd4f37c-4a24-4e90-aad1-634e1fd8e585
DEBUG: calling db.get(Merchant)
DEBUG: db.get(Merchant) finished: Threshold Test
DEBUG: executing select(MerchantMember) query
DEBUG: select(MerchantMember) query executed
DEBUG: MerchantMember role: owner
DEBUG: get_current_merchant returning success
DEBUG: get_current_merchant starting for user be82d952-393a-4fc1-941a-c8e684b63eb7, merchant 8c407f33-f25a-4c07-b667-1dc292507a19
DEBUG: calling db.get(Merchant)
DEBUG: db.get(Merchant) finished: Intent Test
DEBUG: executing select(MerchantMember) query
DEBUG: select(MerchantMember) query executed
DEBUG: MerchantMember role: owner
DEBUG: get_current_merchant returning success
DEBUG: get_current_merchant starting for user 7e11d3ef-081b-4495-9a98-db02385bfd28, merchant e9a3fa0f-72aa-4258-be70-72123d4a2238
DEBUG: calling db.get(Merchant)
DEBUG: db.get(Merchant) finished: Confirm Test
DEBUG: executing select(MerchantMember) query
DEBUG: select(MerchantMember) query executed
DEBUG: MerchantMember role: owner
DEBUG: get_current_merchant returning success
DEBUG: get_current_merchant starting for user 4d03acae-eff2-483d-8b4c-c7c22d14bcd8, merchant 4b78f319-a1f2-4ed3-91c3-4a11758b03fa
DEBUG: calling db.get(Merchant)
DEBUG: db.get(Merchant) finished: Idem Test
DEBUG: executing select(MerchantMember) query
DEBUG: select(MerchantMember) query executed
DEBUG: MerchantMember role: owner
DEBUG: get_current_merchant returning success
DEBUG: get_current_merchant starting for user f211b1e6-66d1-4778-b106-1ec2e6b9b8d9, merchant 73bd711a-b9c2-4e6d-ac9a-44a1bca95bbf
DEBUG: calling db.get(Merchant)
DEBUG: db.get(Merchant) finished: Bad Sig
DEBUG: executing select(MerchantMember) query
DEBUG: select(MerchantMember) query executed
DEBUG: MerchantMember role: owner
DEBUG: get_current_merchant returning success
DEBUG: get_current_merchant starting for user 1c19782f-c681-43c6-b466-c161907e5b6f, merchant 555492b3-ba88-476a-ba06-2dc09784a718
DEBUG: calling db.get(Merchant)
DEBUG: db.get(Merchant) finished: Publish Gate
DEBUG: executing select(MerchantMember) query
DEBUG: select(MerchantMember) query executed
DEBUG: MerchantMember role: owner
DEBUG: get_current_merchant returning success
DEBUG: get_current_merchant starting for user 1c19782f-c681-43c6-b466-c161907e5b6f, merchant 555492b3-ba88-476a-ba06-2dc09784a718
DEBUG: calling db.get(Merchant)
DEBUG: db.get(Merchant) finished: Publish Gate
DEBUG: executing select(MerchantMember) query
DEBUG: select(MerchantMember) query executed
DEBUG: MerchantMember role: owner
DEBUG: get_current_merchant returning success
DEBUG: get_current_merchant starting for user 1c19782f-c681-43c6-b466-c161907e5b6f, merchant 555492b3-ba88-476a-ba06-2dc09784a718
DEBUG: calling db.get(Merchant)
DEBUG: db.get(Merchant) finished: Publish Gate
DEBUG: executing select(MerchantMember) query
DEBUG: select(MerchantMember) query executed
DEBUG: MerchantMember role: owner
DEBUG: get_current_merchant returning success
DEBUG: get_current_merchant starting for user 69a13753-79f3-442a-a2c7-d24c2bf94e02, merchant 7087dca8-dc43-4435-bd09-0836bf4a8c89
DEBUG: calling db.get(Merchant)
DEBUG: db.get(Merchant) finished: History Test
DEBUG: executing select(MerchantMember) query
DEBUG: select(MerchantMember) query executed
DEBUG: MerchantMember role: owner
DEBUG: get_current_merchant returning success
DEBUG: get_current_merchant starting for user 69a13753-79f3-442a-a2c7-d24c2bf94e02, merchant 7087dca8-dc43-4435-bd09-0836bf4a8c89
DEBUG: calling db.get(Merchant)
DEBUG: db.get(Merchant) finished: History Test
DEBUG: executing select(MerchantMember) query
DEBUG: select(MerchantMember) query executed
DEBUG: MerchantMember role: owner
DEBUG: get_current_merchant returning success
DEBUG: get_current_merchant starting for user 5379d56e-00c4-4148-a535-ef07e239bae9, merchant 02cbf0fa-642c-4d7f-8a7f-20b03a0f20fb
DEBUG: calling db.get(Merchant)
DEBUG: db.get(Merchant) finished: Merchant B
DEBUG: executing select(MerchantMember) query
DEBUG: select(MerchantMember) query executed
DEBUG: MerchantMember role: owner
DEBUG: get_current_merchant returning success
DEBUG: get_current_merchant starting for user 5379d56e-00c4-4148-a535-ef07e239bae9, merchant 05b1c6c4-a25b-4f32-b487-3aaa6e4c0ff2
DEBUG: calling db.get(Merchant)
DEBUG: db.get(Merchant) finished: Merchant A
DEBUG: executing select(MerchantMember) query
DEBUG: select(MerchantMember) query executed
DEBUG: MerchantMember role: owner
DEBUG: get_current_merchant returning success
DEBUG: get_current_merchant starting for user 5379d56e-00c4-4148-a535-ef07e239bae9, merchant 05b1c6c4-a25b-4f32-b487-3aaa6e4c0ff2
DEBUG: calling db.get(Merchant)
DEBUG: db.get(Merchant) finished: Merchant A
DEBUG: executing select(MerchantMember) query
DEBUG: select(MerchantMember) query executed
DEBUG: MerchantMember role: owner
DEBUG: get_current_merchant returning success
DEBUG: get_current_merchant starting for user 5379d56e-00c4-4148-a535-ef07e239bae9, merchant 02cbf0fa-642c-4d7f-8a7f-20b03a0f20fb
DEBUG: calling db.get(Merchant)
DEBUG: db.get(Merchant) finished: Merchant B
DEBUG: executing select(MerchantMember) query
DEBUG: select(MerchantMember) query executed
DEBUG: MerchantMember role: owner
DEBUG: get_current_merchant returning success
DEBUG: get_current_merchant starting for user b5c4a69a-27fc-4b1e-9f1a-aa97a3a34b1f, merchant d89009f3-2d6e-408d-9af3-68cfb5df8817
DEBUG: calling db.get(Merchant)
DEBUG: db.get(Merchant) finished: Analytics Co
DEBUG: executing select(MerchantMember) query
DEBUG: select(MerchantMember) query executed
DEBUG: MerchantMember role: owner
DEBUG: get_current_merchant returning success
DEBUG: get_current_merchant starting for user 614b53f1-72e3-4c14-b458-fe58d4d4da0c, merchant f5c3e096-f09d-486a-a6ac-52c8b216d8b4
DEBUG: calling db.get(Merchant)
DEBUG: db.get(Merchant) finished: Analytics Co
DEBUG: executing select(MerchantMember) query
DEBUG: select(MerchantMember) query executed
DEBUG: MerchantMember role: owner
DEBUG: get_current_merchant returning success
DEBUG: get_current_merchant starting for user 3de622c6-342e-42bb-b835-7a82506a82f8, merchant bb8c8291-5fd1-4384-82b7-9d003e33dd94
DEBUG: calling db.get(Merchant)
DEBUG: db.get(Merchant) finished: Analytics Co
DEBUG: executing select(MerchantMember) query
DEBUG: select(MerchantMember) query executed
DEBUG: MerchantMember role: owner
DEBUG: get_current_merchant returning success
DEBUG: get_current_merchant starting for user d0414c1b-8814-4827-96f1-a63cf60ee95a, merchant f4a0e7c6-596e-4d8b-ba92-dd348279786d
DEBUG: calling db.get(Merchant)
DEBUG: db.get(Merchant) finished: Diag
DEBUG: executing select(MerchantMember) query
DEBUG: select(MerchantMember) query executed
DEBUG: MerchantMember role: owner
DEBUG: get_current_merchant returning success
DEBUG: get_current_merchant starting for user 52d137ee-aa06-464e-ab4a-c81f6100171f, merchant c05a0baa-f028-4b37-a282-337f176a3a78
DEBUG: calling db.get(Merchant)
DEBUG: db.get(Merchant) finished: CRM Test Merchant
DEBUG: executing select(MerchantMember) query
DEBUG: select(MerchantMember) query executed
DEBUG: MerchantMember role: owner
DEBUG: get_current_merchant returning success
DEBUG: get_current_merchant starting for user 52d137ee-aa06-464e-ab4a-c81f6100171f, merchant c05a0baa-f028-4b37-a282-337f176a3a78
DEBUG: calling db.get(Merchant)
DEBUG: db.get(Merchant) finished: CRM Test Merchant
DEBUG: executing select(MerchantMember) query
DEBUG: select(MerchantMember) query executed
DEBUG: MerchantMember role: owner
DEBUG: get_current_merchant returning success
DEBUG: get_current_merchant starting for user 52d137ee-aa06-464e-ab4a-c81f6100171f, merchant c05a0baa-f028-4b37-a282-337f176a3a78
DEBUG: calling db.get(Merchant)
DEBUG: db.get(Merchant) finished: CRM Test Merchant
DEBUG: executing select(MerchantMember) query
DEBUG: select(MerchantMember) query executed
DEBUG: MerchantMember role: owner
DEBUG: get_current_merchant returning success
DEBUG: get_current_merchant starting for user 87cd5b6c-fbf1-4566-8c30-ea2087a0ea69, merchant aebce118-a31a-4b40-9605-f720825a124a
DEBUG: calling db.get(Merchant)
DEBUG: db.get(Merchant) finished: Ctx
DEBUG: executing select(MerchantMember) query
DEBUG: select(MerchantMember) query executed
DEBUG: MerchantMember role: owner
DEBUG: get_current_merchant returning success
DEBUG: get_current_merchant starting for user 6227a164-3506-4f8a-a256-f2e21e00049a, merchant 38db7c75-e5e2-43cb-a81e-d6043241ebf0
DEBUG: calling db.get(Merchant)
DEBUG: db.get(Merchant) finished: Other
DEBUG: executing select(MerchantMember) query
DEBUG: select(MerchantMember) query executed
DEBUG: MerchantMember role: None
DEBUG: get_current_merchant got exception: 403: not a member of this merchant
DEBUG: get_current_merchant starting for user c43ddcdf-b9be-4973-bacb-073ae574a41c, merchant 667b67dc-4e68-420b-8c9d-a8247fdcdd63
DEBUG: calling db.get(Merchant)
DEBUG: db.get(Merchant) finished: None
DEBUG: get_current_merchant got exception: 404: merchant not found
DEBUG: get_current_merchant starting for user 63eac8a9-c9ee-4483-bb19-59d37d8a3b7a, merchant 7854c0af-75fb-4c7f-815e-5047632c132c
DEBUG: calling db.get(Merchant)
DEBUG: db.get(Merchant) finished: Prod Test
DEBUG: executing select(MerchantMember) query
DEBUG: select(MerchantMember) query executed
DEBUG: MerchantMember role: owner
DEBUG: get_current_merchant returning success
DEBUG: get_current_merchant starting for user 154b210e-a0bd-49b1-beb5-190e921c9ec5, merchant d3c804b6-b8bf-47b5-9293-bdf66ea26d1e
DEBUG: calling db.get(Merchant)
DEBUG: db.get(Merchant) finished: Dup
DEBUG: executing select(MerchantMember) query
DEBUG: select(MerchantMember) query executed
DEBUG: MerchantMember role: owner
DEBUG: get_current_merchant returning success
DEBUG: get_current_merchant starting for user 154b210e-a0bd-49b1-beb5-190e921c9ec5, merchant d3c804b6-b8bf-47b5-9293-bdf66ea26d1e
DEBUG: calling db.get(Merchant)
DEBUG: db.get(Merchant) finished: Dup
DEBUG: executing select(MerchantMember) query
DEBUG: select(MerchantMember) query executed
DEBUG: MerchantMember role: owner
DEBUG: get_current_merchant returning success
DEBUG: get_current_merchant starting for user 43074cef-dbe3-4cfe-b247-0f0d6e88eea1, merchant 80e776c4-b640-4d65-b1bf-206831cc7f7a
DEBUG: calling db.get(Merchant)
DEBUG: db.get(Merchant) finished: M1
DEBUG: executing select(MerchantMember) query
DEBUG: select(MerchantMember) query executed
DEBUG: MerchantMember role: owner
DEBUG: get_current_merchant returning success
DEBUG: get_current_merchant starting for user 43074cef-dbe3-4cfe-b247-0f0d6e88eea1, merchant 80e776c4-b640-4d65-b1bf-206831cc7f7a
DEBUG: calling db.get(Merchant)
DEBUG: db.get(Merchant) finished: M1
DEBUG: executing select(MerchantMember) query
DEBUG: select(MerchantMember) query executed
DEBUG: MerchantMember role: owner
DEBUG: get_current_merchant returning success
DEBUG: get_current_merchant starting for user 43074cef-dbe3-4cfe-b247-0f0d6e88eea1, merchant 23e00d02-c36d-4dc5-8435-cdf77b9f7533
DEBUG: calling db.get(Merchant)
DEBUG: db.get(Merchant) finished: M2
DEBUG: executing select(MerchantMember) query
DEBUG: select(MerchantMember) query executed
DEBUG: MerchantMember role: owner
DEBUG: get_current_merchant returning success
DEBUG: get_current_merchant starting for user 43074cef-dbe3-4cfe-b247-0f0d6e88eea1, merchant 23e00d02-c36d-4dc5-8435-cdf77b9f7533
DEBUG: calling db.get(Merchant)
DEBUG: db.get(Merchant) finished: M2
DEBUG: executing select(MerchantMember) query
DEBUG: select(MerchantMember) query executed
DEBUG: MerchantMember role: owner
DEBUG: get_current_merchant returning success
DEBUG: get_current_merchant starting for user 43074cef-dbe3-4cfe-b247-0f0d6e88eea1, merchant 23e00d02-c36d-4dc5-8435-cdf77b9f7533
DEBUG: calling db.get(Merchant)
DEBUG: db.get(Merchant) finished: M2
DEBUG: executing select(MerchantMember) query
DEBUG: select(MerchantMember) query executed
DEBUG: MerchantMember role: owner
DEBUG: get_current_merchant returning success
DEBUG: get_current_merchant starting for user 43074cef-dbe3-4cfe-b247-0f0d6e88eea1, merchant 80e776c4-b640-4d65-b1bf-206831cc7f7a
DEBUG: calling db.get(Merchant)
DEBUG: db.get(Merchant) finished: M1
DEBUG: executing select(MerchantMember) query
DEBUG: select(MerchantMember) query executed
DEBUG: MerchantMember role: owner
DEBUG: get_current_merchant returning success
DEBUG: get_current_merchant starting for user f063ee1a-6c3a-45fb-830f-5bde616a5f6d, merchant 54943b6f-b7ea-4189-8b08-c7a5ddbbb9b1
DEBUG: calling db.get(Merchant)
DEBUG: db.get(Merchant) finished: Filt
DEBUG: executing select(MerchantMember) query
DEBUG: select(MerchantMember) query executed
DEBUG: MerchantMember role: owner
DEBUG: get_current_merchant returning success
DEBUG: get_current_merchant starting for user f063ee1a-6c3a-45fb-830f-5bde616a5f6d, merchant 54943b6f-b7ea-4189-8b08-c7a5ddbbb9b1
DEBUG: calling db.get(Merchant)
DEBUG: db.get(Merchant) finished: Filt
DEBUG: executing select(MerchantMember) query
DEBUG: select(MerchantMember) query executed
DEBUG: MerchantMember role: owner
DEBUG: get_current_merchant returning success
DEBUG: get_current_merchant starting for user f063ee1a-6c3a-45fb-830f-5bde616a5f6d, merchant 54943b6f-b7ea-4189-8b08-c7a5ddbbb9b1
DEBUG: calling db.get(Merchant)
DEBUG: db.get(Merchant) finished: Filt
DEBUG: executing select(MerchantMember) query
DEBUG: select(MerchantMember) query executed
DEBUG: MerchantMember role: owner
DEBUG: get_current_merchant returning success
DEBUG: get_current_merchant starting for user f063ee1a-6c3a-45fb-830f-5bde616a5f6d, merchant 54943b6f-b7ea-4189-8b08-c7a5ddbbb9b1
DEBUG: calling db.get(Merchant)
DEBUG: db.get(Merchant) finished: Filt
DEBUG: executing select(MerchantMember) query
DEBUG: select(MerchantMember) query executed
DEBUG: MerchantMember role: owner
DEBUG: get_current_merchant returning success
DEBUG: get_current_merchant starting for user f063ee1a-6c3a-45fb-830f-5bde616a5f6d, merchant 54943b6f-b7ea-4189-8b08-c7a5ddbbb9b1
DEBUG: calling db.get(Merchant)
DEBUG: db.get(Merchant) finished: Filt
DEBUG: executing select(MerchantMember) query
DEBUG: select(MerchantMember) query executed
DEBUG: MerchantMember role: owner
DEBUG: get_current_merchant returning success
DEBUG: get_current_merchant starting for user 397d3a9d-24d9-4845-b2eb-120f07a979ab, merchant 1ded1f6a-fd31-4cd3-9be9-469c3ca63407
DEBUG: calling db.get(Merchant)
DEBUG: db.get(Merchant) finished: Merchant Alpha
DEBUG: executing select(MerchantMember) query
DEBUG: select(MerchantMember) query executed
DEBUG: MerchantMember role: owner
DEBUG: get_current_merchant returning success
DEBUG: get_current_merchant starting for user 397d3a9d-24d9-4845-b2eb-120f07a979ab, merchant fcba8b0f-723b-45ad-ab14-24df9c7bfe3e
DEBUG: calling db.get(Merchant)
DEBUG: db.get(Merchant) finished: Merchant Beta
DEBUG: executing select(MerchantMember) query
DEBUG: select(MerchantMember) query executed
DEBUG: MerchantMember role: owner
DEBUG: get_current_merchant returning success
DEBUG: get_current_merchant starting for user a61d5c1f-9e92-47ef-bdb3-529dcb70b269, merchant 3de1feb4-22dc-4d72-82fb-4cd8a81b76f5
DEBUG: calling db.get(Merchant)
DEBUG: db.get(Merchant) finished: Update Test
DEBUG: executing select(MerchantMember) query
DEBUG: select(MerchantMember) query executed
DEBUG: MerchantMember role: owner
DEBUG: get_current_merchant returning success
DEBUG: get_current_merchant starting for user a61d5c1f-9e92-47ef-bdb3-529dcb70b269, merchant 3de1feb4-22dc-4d72-82fb-4cd8a81b76f5
DEBUG: calling db.get(Merchant)
DEBUG: db.get(Merchant) finished: Update Test
DEBUG: executing select(MerchantMember) query
DEBUG: select(MerchantMember) query executed
DEBUG: MerchantMember role: owner
DEBUG: get_current_merchant returning success
DEBUG: get_current_merchant starting for user 5ecad36e-aebb-46a5-a90b-9a5275897a25, merchant 5a92ff4a-8575-4942-992c-7520a3ee0ec9
DEBUG: calling db.get(Merchant)
DEBUG: db.get(Merchant) finished: Archive Test
DEBUG: executing select(MerchantMember) query
DEBUG: select(MerchantMember) query executed
DEBUG: MerchantMember role: owner
DEBUG: get_current_merchant returning success
DEBUG: get_current_merchant starting for user 5ecad36e-aebb-46a5-a90b-9a5275897a25, merchant 5a92ff4a-8575-4942-992c-7520a3ee0ec9
DEBUG: calling db.get(Merchant)
DEBUG: db.get(Merchant) finished: Archive Test
DEBUG: executing select(MerchantMember) query
DEBUG: select(MerchantMember) query executed
DEBUG: MerchantMember role: owner
DEBUG: get_current_merchant returning success
DEBUG: get_current_merchant starting for user 5ecad36e-aebb-46a5-a90b-9a5275897a25, merchant 5a92ff4a-8575-4942-992c-7520a3ee0ec9
DEBUG: calling db.get(Merchant)
DEBUG: db.get(Merchant) finished: Archive Test
DEBUG: executing select(MerchantMember) query
DEBUG: select(MerchantMember) query executed
DEBUG: MerchantMember role: owner
DEBUG: get_current_merchant returning success
DEBUG: get_current_merchant starting for user 9c7fb1ba-4f5a-4c32-95f5-f7f053ce3ce0, merchant da76d802-1eb0-40b8-81f1-a9e3b556126d
DEBUG: calling db.get(Merchant)
DEBUG: db.get(Merchant) finished: Publish Test
DEBUG: executing select(MerchantMember) query
DEBUG: select(MerchantMember) query executed
DEBUG: MerchantMember role: owner
DEBUG: get_current_merchant returning success
DEBUG: get_current_merchant starting for user 9c7fb1ba-4f5a-4c32-95f5-f7f053ce3ce0, merchant da76d802-1eb0-40b8-81f1-a9e3b556126d
DEBUG: calling db.get(Merchant)
DEBUG: db.get(Merchant) finished: Publish Test
DEBUG: executing select(MerchantMember) query
DEBUG: select(MerchantMember) query executed
DEBUG: MerchantMember role: owner
DEBUG: get_current_merchant returning success
DEBUG: get_current_merchant starting for user 5f6ad618-37ec-471a-8379-820d8af41e59, merchant 6aed4b36-f3ff-4d51-9912-aa430f74023f
DEBUG: calling db.get(Merchant)
DEBUG: db.get(Merchant) finished: Archived Test
DEBUG: executing select(MerchantMember) query
DEBUG: select(MerchantMember) query executed
DEBUG: MerchantMember role: owner
DEBUG: get_current_merchant returning success
DEBUG: get_current_merchant starting for user 5f6ad618-37ec-471a-8379-820d8af41e59, merchant 6aed4b36-f3ff-4d51-9912-aa430f74023f
DEBUG: calling db.get(Merchant)
DEBUG: db.get(Merchant) finished: Archived Test
DEBUG: executing select(MerchantMember) query
DEBUG: select(MerchantMember) query executed
DEBUG: MerchantMember role: owner
DEBUG: get_current_merchant returning success
DEBUG: get_current_merchant starting for user 5f6ad618-37ec-471a-8379-820d8af41e59, merchant 6aed4b36-f3ff-4d51-9912-aa430f74023f
DEBUG: calling db.get(Merchant)
DEBUG: db.get(Merchant) finished: Archived Test
DEBUG: executing select(MerchantMember) query
DEBUG: select(MerchantMember) query executed
DEBUG: MerchantMember role: owner
DEBUG: get_current_merchant returning success
DEBUG: get_current_merchant starting for user c40b5d8a-8483-43b9-a328-8ee56de1106f, merchant c47807fe-67f4-4ca4-a621-e5a8cf496e42
DEBUG: calling db.get(Merchant)
DEBUG: db.get(Merchant) finished: External Links
DEBUG: executing select(MerchantMember) query
DEBUG: select(MerchantMember) query executed
DEBUG: MerchantMember role: owner
DEBUG: get_current_merchant returning success
DEBUG: get_current_merchant starting for user c40b5d8a-8483-43b9-a328-8ee56de1106f, merchant c47807fe-67f4-4ca4-a621-e5a8cf496e42
DEBUG: calling db.get(Merchant)
DEBUG: db.get(Merchant) finished: External Links
DEBUG: executing select(MerchantMember) query
DEBUG: select(MerchantMember) query executed
DEBUG: MerchantMember role: owner
DEBUG: get_current_merchant returning success
DEBUG: get_current_merchant starting for user c40b5d8a-8483-43b9-a328-8ee56de1106f, merchant c47807fe-67f4-4ca4-a621-e5a8cf496e42
DEBUG: calling db.get(Merchant)
DEBUG: db.get(Merchant) finished: External Links
DEBUG: executing select(MerchantMember) query
DEBUG: select(MerchantMember) query executed
DEBUG: MerchantMember role: owner
DEBUG: get_current_merchant returning success
DEBUG: get_current_merchant starting for user 7c5cdd61-6634-4aab-b2a0-057aed6f963e, merchant 64a92e9f-184a-4a42-a469-4b350722615e
DEBUG: calling db.get(Merchant)
DEBUG: db.get(Merchant) finished: Update Links
DEBUG: executing select(MerchantMember) query
DEBUG: select(MerchantMember) query executed
DEBUG: MerchantMember role: owner
DEBUG: get_current_merchant returning success
DEBUG: get_current_merchant starting for user 7c5cdd61-6634-4aab-b2a0-057aed6f963e, merchant 64a92e9f-184a-4a42-a469-4b350722615e
DEBUG: calling db.get(Merchant)
DEBUG: db.get(Merchant) finished: Update Links
DEBUG: executing select(MerchantMember) query
DEBUG: select(MerchantMember) query executed
DEBUG: MerchantMember role: owner
DEBUG: get_current_merchant returning success
DEBUG: get_current_merchant starting for user 7c5cdd61-6634-4aab-b2a0-057aed6f963e, merchant 64a92e9f-184a-4a42-a469-4b350722615e
DEBUG: calling db.get(Merchant)
DEBUG: db.get(Merchant) finished: Update Links
DEBUG: executing select(MerchantMember) query
DEBUG: select(MerchantMember) query executed
DEBUG: MerchantMember role: owner
DEBUG: get_current_merchant returning success
DEBUG: get_current_merchant starting for user 5bd69829-5534-47e1-943c-d10a1152ddb6, merchant 70f7287d-2fe5-42b1-8cd7-60265b35d8da
DEBUG: calling db.get(Merchant)
DEBUG: db.get(Merchant) finished: Delete Links
DEBUG: executing select(MerchantMember) query
DEBUG: select(MerchantMember) query executed
DEBUG: MerchantMember role: owner
DEBUG: get_current_merchant returning success
DEBUG: get_current_merchant starting for user 5bd69829-5534-47e1-943c-d10a1152ddb6, merchant 70f7287d-2fe5-42b1-8cd7-60265b35d8da
DEBUG: calling db.get(Merchant)
DEBUG: db.get(Merchant) finished: Delete Links
DEBUG: executing select(MerchantMember) query
DEBUG: select(MerchantMember) query executed
DEBUG: MerchantMember role: owner
DEBUG: get_current_merchant returning success
DEBUG: get_current_merchant starting for user 5bd69829-5534-47e1-943c-d10a1152ddb6, merchant 70f7287d-2fe5-42b1-8cd7-60265b35d8da
DEBUG: calling db.get(Merchant)
DEBUG: db.get(Merchant) finished: Delete Links
DEBUG: executing select(MerchantMember) query
DEBUG: select(MerchantMember) query executed
DEBUG: MerchantMember role: owner
DEBUG: get_current_merchant returning success
DEBUG: get_current_merchant starting for user 5bd69829-5534-47e1-943c-d10a1152ddb6, merchant 70f7287d-2fe5-42b1-8cd7-60265b35d8da
DEBUG: calling db.get(Merchant)
DEBUG: db.get(Merchant) finished: Delete Links
DEBUG: executing select(MerchantMember) query
DEBUG: select(MerchantMember) query executed
DEBUG: MerchantMember role: owner
DEBUG: get_current_merchant returning success
DEBUG: get_current_merchant starting for user 00c8a377-d6c0-49c7-b201-5d2d28182dda, merchant 86c6ea24-afc5-4bc6-b1b9-8ec3ac9861f3
DEBUG: calling db.get(Merchant)
DEBUG: db.get(Merchant) finished: Alpha Org
DEBUG: executing select(MerchantMember) query
DEBUG: select(MerchantMember) query executed
DEBUG: MerchantMember role: owner
DEBUG: get_current_merchant returning success
DEBUG: get_current_merchant starting for user 00c8a377-d6c0-49c7-b201-5d2d28182dda, merchant f3a8b439-426a-485d-a736-c1d74110c1db
DEBUG: calling db.get(Merchant)
DEBUG: db.get(Merchant) finished: Beta Org
DEBUG: executing select(MerchantMember) query
DEBUG: select(MerchantMember) query executed
DEBUG: MerchantMember role: owner
DEBUG: get_current_merchant returning success
DEBUG: get_current_merchant starting for user 34f9461f-28e1-406d-bb68-d3cef9be590d, merchant b2ae348b-126d-41d0-a125-dfe47a227c2c
DEBUG: calling db.get(Merchant)
DEBUG: db.get(Merchant) finished: No Onboard Co
DEBUG: executing select(MerchantMember) query
DEBUG: select(MerchantMember) query executed
DEBUG: MerchantMember role: owner
DEBUG: get_current_merchant returning success
DEBUG: get_current_merchant starting for user 22708ff1-47f3-4d05-9199-5aa51ff6302b, merchant 1b1a4b32-9235-4e59-9028-a3f05f4fbd23
DEBUG: calling db.get(Merchant)
DEBUG: db.get(Merchant) finished: Foreign
DEBUG: executing select(MerchantMember) query
DEBUG: select(MerchantMember) query executed
DEBUG: MerchantMember role: None
DEBUG: get_current_merchant got exception: 403: not a member of this merchant
DEBUG: get_current_merchant starting for user b761bdd2-69b4-454d-a6bc-0a34ace71356, merchant 2103d209-9d60-4a04-83cc-0231c89d1b26
DEBUG: calling db.get(Merchant)
DEBUG: db.get(Merchant) finished: Patch
DEBUG: executing select(MerchantMember) query
DEBUG: select(MerchantMember) query executed
DEBUG: MerchantMember role: staff
DEBUG: get_current_merchant returning success
DEBUG: get_current_merchant starting for user 964cbb57-f9a1-438a-a019-f65b64fb8f56, merchant 71266325-2c7b-473d-9c21-f6504223693c
DEBUG: calling db.get(Merchant)
DEBUG: db.get(Merchant) finished: Team Test
DEBUG: executing select(MerchantMember) query
DEBUG: select(MerchantMember) query executed
DEBUG: MerchantMember role: owner
DEBUG: get_current_merchant returning success
DEBUG: get_current_merchant starting for user fcaa2764-689b-4124-aa11-7a806d48627a, merchant 5d946985-aa99-4d0b-9cc8-b899d5f19d07
DEBUG: calling db.get(Merchant)
DEBUG: db.get(Merchant) finished: Inv Test
DEBUG: executing select(MerchantMember) query
DEBUG: select(MerchantMember) query executed
DEBUG: MerchantMember role: owner
DEBUG: get_current_merchant returning success
DEBUG: get_current_merchant starting for user 2e7dfbba-c9bc-4e56-b59b-4deb8fc8584a, merchant 163f2bc7-81dc-4801-b67f-cd3fabe9ad08
DEBUG: calling db.get(Merchant)
DEBUG: db.get(Merchant) finished: Unk
DEBUG: executing select(MerchantMember) query
DEBUG: select(MerchantMember) query executed
DEBUG: MerchantMember role: owner
DEBUG: get_current_merchant returning success
DEBUG: get_current_merchant starting for user 0bc41e0e-e977-4a40-84b4-395fc32cbd7b, merchant 70e216ca-e8d5-45f7-8de5-c8d4992f26b0
DEBUG: calling db.get(Merchant)
DEBUG: db.get(Merchant) finished: Role Test
DEBUG: executing select(MerchantMember) query
DEBUG: select(MerchantMember) query executed
DEBUG: MerchantMember role: owner
DEBUG: get_current_merchant returning success
DEBUG: get_current_merchant starting for user fc6a0463-0dd8-4bb4-b8fd-cd7bfdcd07f3, merchant 70e216ca-e8d5-45f7-8de5-c8d4992f26b0
DEBUG: calling db.get(Merchant)
DEBUG: db.get(Merchant) finished: Role Test
DEBUG: executing select(MerchantMember) query
DEBUG: select(MerchantMember) query executed
DEBUG: MerchantMember role: admin
DEBUG: get_current_merchant returning success
DEBUG: get_current_merchant starting for user fc6a0463-0dd8-4bb4-b8fd-cd7bfdcd07f3, merchant 70e216ca-e8d5-45f7-8de5-c8d4992f26b0
DEBUG: calling db.get(Merchant)
DEBUG: db.get(Merchant) finished: Role Test
DEBUG: executing select(MerchantMember) query
DEBUG: select(MerchantMember) query executed
DEBUG: MerchantMember role: admin
DEBUG: get_current_merchant returning success
DEBUG: get_current_merchant starting for user 484f61ac-1501-4047-a9ee-fb9868931f99, merchant 7a16fbc8-d5a3-40e5-ad1e-458cbcdc9e3f
DEBUG: calling db.get(Merchant)
DEBUG: db.get(Merchant) finished: Self
DEBUG: executing select(MerchantMember) query
DEBUG: select(MerchantMember) query executed
DEBUG: MerchantMember role: owner
DEBUG: get_current_merchant returning success
DEBUG: get_current_merchant starting for user bbdd8ba0-c0ec-4339-bc61-3ab0a3bc184a, merchant acbd688e-6b55-4694-b772-0b2a91289471
DEBUG: calling db.get(Merchant)
DEBUG: db.get(Merchant) finished: Wallet Read
DEBUG: executing select(MerchantMember) query
DEBUG: select(MerchantMember) query executed
DEBUG: MerchantMember role: owner
DEBUG: get_current_merchant returning success
DEBUG: get_current_merchant starting for user 840d3b88-8094-44fd-8cbb-2fff208cb7eb, merchant 6c18bac5-743e-41bc-8575-370e3c76f5c1
DEBUG: calling db.get(Merchant)
DEBUG: db.get(Merchant) finished: Txn List
DEBUG: executing select(MerchantMember) query
DEBUG: select(MerchantMember) query executed
DEBUG: MerchantMember role: owner
DEBUG: get_current_merchant returning success
DEBUG: get_current_merchant starting for user baef972f-f335-4139-b908-77406c9cd3dd, merchant d841b6cd-8ff7-4067-a31c-f300236e5c12
DEBUG: calling db.get(Merchant)
DEBUG: db.get(Merchant) finished: Threshold Test
DEBUG: executing select(MerchantMember) query
DEBUG: select(MerchantMember) query executed
DEBUG: MerchantMember role: owner
DEBUG: get_current_merchant returning success
DEBUG: get_current_merchant starting for user 37cddd59-5015-4c0e-b462-99798777a522, merchant 1d518780-2bfb-4772-bf30-7c7919a2b9dd
DEBUG: calling db.get(Merchant)
DEBUG: db.get(Merchant) finished: Intent Test
DEBUG: executing select(MerchantMember) query
DEBUG: select(MerchantMember) query executed
DEBUG: MerchantMember role: owner
DEBUG: get_current_merchant returning success
DEBUG: get_current_merchant starting for user 37734785-0066-4fac-aeb5-dcd5c5b22ae0, merchant 9fc3f95d-56df-40b1-9fc2-acb43d297a69
DEBUG: calling db.get(Merchant)
DEBUG: db.get(Merchant) finished: Confirm Test
DEBUG: executing select(MerchantMember) query
DEBUG: select(MerchantMember) query executed
DEBUG: MerchantMember role: owner
DEBUG: get_current_merchant returning success
DEBUG: get_current_merchant starting for user ebe22e2e-2448-4bba-9c0d-7229eb18a427, merchant e48dca79-54a3-4a77-8c54-9c6d6054677f
DEBUG: calling db.get(Merchant)
DEBUG: db.get(Merchant) finished: Idem Test
DEBUG: executing select(MerchantMember) query
DEBUG: select(MerchantMember) query executed
DEBUG: MerchantMember role: owner
DEBUG: get_current_merchant returning success
DEBUG: get_current_merchant starting for user 327dd65a-a9d0-47b1-abc9-d24ffeabded8, merchant f3e31e24-ed30-4d16-8958-fbf275b8e92c
DEBUG: calling db.get(Merchant)
DEBUG: db.get(Merchant) finished: Bad Sig
DEBUG: executing select(MerchantMember) query
DEBUG: select(MerchantMember) query executed
DEBUG: MerchantMember role: owner
DEBUG: get_current_merchant returning success
DEBUG: get_current_merchant starting for user 7cf9fd91-566b-4688-a430-7400119f87e5, merchant 06404e03-f2e1-4ffb-8319-2d8a80623751
DEBUG: calling db.get(Merchant)
DEBUG: db.get(Merchant) finished: Publish Gate
DEBUG: executing select(MerchantMember) query
DEBUG: select(MerchantMember) query executed
DEBUG: MerchantMember role: owner
DEBUG: get_current_merchant returning success
DEBUG: get_current_merchant starting for user 7cf9fd91-566b-4688-a430-7400119f87e5, merchant 06404e03-f2e1-4ffb-8319-2d8a80623751
DEBUG: calling db.get(Merchant)
DEBUG: db.get(Merchant) finished: Publish Gate
DEBUG: executing select(MerchantMember) query
DEBUG: select(MerchantMember) query executed
DEBUG: MerchantMember role: owner
DEBUG: get_current_merchant returning success
DEBUG: get_current_merchant starting for user 7cf9fd91-566b-4688-a430-7400119f87e5, merchant 06404e03-f2e1-4ffb-8319-2d8a80623751
DEBUG: calling db.get(Merchant)
DEBUG: db.get(Merchant) finished: Publish Gate
DEBUG: executing select(MerchantMember) query
DEBUG: select(MerchantMember) query executed
DEBUG: MerchantMember role: owner
DEBUG: get_current_merchant returning success
DEBUG: get_current_merchant starting for user 7709bbad-f9ac-44a3-9789-817e8da7cfef, merchant b7b82a06-bd92-4c22-b1ea-811b7b145722
DEBUG: calling db.get(Merchant)
DEBUG: db.get(Merchant) finished: History Test
DEBUG: executing select(MerchantMember) query
DEBUG: select(MerchantMember) query executed
DEBUG: MerchantMember role: owner
DEBUG: get_current_merchant returning success
DEBUG: get_current_merchant starting for user 7709bbad-f9ac-44a3-9789-817e8da7cfef, merchant b7b82a06-bd92-4c22-b1ea-811b7b145722
DEBUG: calling db.get(Merchant)
DEBUG: db.get(Merchant) finished: History Test
DEBUG: executing select(MerchantMember) query
DEBUG: select(MerchantMember) query executed
DEBUG: MerchantMember role: owner
DEBUG: get_current_merchant returning success
DEBUG: get_current_merchant starting for user e2a510ae-c782-41db-a09a-1d7fef62b19f, merchant 8f3ea9b0-a7b1-42c8-a02e-75f6a023a844
DEBUG: calling db.get(Merchant)
DEBUG: db.get(Merchant) finished: Merchant B
DEBUG: executing select(MerchantMember) query
DEBUG: select(MerchantMember) query executed
DEBUG: MerchantMember role: owner
DEBUG: get_current_merchant returning success
DEBUG: get_current_merchant starting for user e2a510ae-c782-41db-a09a-1d7fef62b19f, merchant c0f3627c-2b44-4ccf-a508-7d8b33c980a4
DEBUG: calling db.get(Merchant)
DEBUG: db.get(Merchant) finished: Merchant A
DEBUG: executing select(MerchantMember) query
DEBUG: select(MerchantMember) query executed
DEBUG: MerchantMember role: owner
DEBUG: get_current_merchant returning success
DEBUG: get_current_merchant starting for user e2a510ae-c782-41db-a09a-1d7fef62b19f, merchant c0f3627c-2b44-4ccf-a508-7d8b33c980a4
DEBUG: calling db.get(Merchant)
DEBUG: db.get(Merchant) finished: Merchant A
DEBUG: executing select(MerchantMember) query
DEBUG: select(MerchantMember) query executed
DEBUG: MerchantMember role: owner
DEBUG: get_current_merchant returning success
DEBUG: get_current_merchant starting for user e2a510ae-c782-41db-a09a-1d7fef62b19f, merchant 8f3ea9b0-a7b1-42c8-a02e-75f6a023a844
DEBUG: calling db.get(Merchant)
DEBUG: db.get(Merchant) finished: Merchant B
DEBUG: executing select(MerchantMember) query
DEBUG: select(MerchantMember) query executed
DEBUG: MerchantMember role: owner
DEBUG: get_current_merchant returning success
DEBUG: get_current_merchant starting for user 4f10e37f-0d56-4b7b-90ce-48e9d22f9fb9, merchant 65b9b1c1-539b-4731-b986-7fd27376af07
DEBUG: calling db.get(Merchant)
DEBUG: db.get(Merchant) finished: Analytics Co
DEBUG: executing select(MerchantMember) query
DEBUG: select(MerchantMember) query executed
DEBUG: MerchantMember role: owner
DEBUG: get_current_merchant returning success
DEBUG: get_current_merchant starting for user 44ad1a7b-c297-4c1e-bd4c-69fb33056842, merchant 2efab2e0-049d-4129-b113-fe537f19b852
DEBUG: calling db.get(Merchant)
DEBUG: db.get(Merchant) finished: Analytics Co
DEBUG: executing select(MerchantMember) query
DEBUG: select(MerchantMember) query executed
DEBUG: MerchantMember role: owner
DEBUG: get_current_merchant returning success
DEBUG: get_current_merchant starting for user 6cd71e28-2d1f-486c-8ed4-cec35ba207af, merchant e9eac394-4e5e-4985-9afe-ac967a1e7fbf
DEBUG: calling db.get(Merchant)
DEBUG: db.get(Merchant) finished: Analytics Co
DEBUG: executing select(MerchantMember) query
DEBUG: select(MerchantMember) query executed
DEBUG: MerchantMember role: owner
DEBUG: get_current_merchant returning success
DEBUG: get_current_merchant starting for user f1e3f76e-c0b0-423b-b920-9e77a8185c0e, merchant ac209b81-d85b-479e-9869-b107d48ef42f
DEBUG: calling db.get(Merchant)
DEBUG: db.get(Merchant) finished: Diag
DEBUG: executing select(MerchantMember) query
DEBUG: select(MerchantMember) query executed
DEBUG: MerchantMember role: owner
DEBUG: get_current_merchant returning success
DEBUG: get_current_merchant starting for user 72173566-c99d-4cee-9054-4401f9f25d3f, merchant d2217970-3fa4-4fd6-8e17-8f89ea88917e
DEBUG: calling db.get(Merchant)
DEBUG: db.get(Merchant) finished: CRM Test Merchant
DEBUG: executing select(MerchantMember) query
DEBUG: select(MerchantMember) query executed
DEBUG: MerchantMember role: owner
DEBUG: get_current_merchant returning success
DEBUG: get_current_merchant starting for user 72173566-c99d-4cee-9054-4401f9f25d3f, merchant d2217970-3fa4-4fd6-8e17-8f89ea88917e
DEBUG: calling db.get(Merchant)
DEBUG: db.get(Merchant) finished: CRM Test Merchant
DEBUG: executing select(MerchantMember) query
DEBUG: select(MerchantMember) query executed
DEBUG: MerchantMember role: owner
DEBUG: get_current_merchant returning success
DEBUG: get_current_merchant starting for user 72173566-c99d-4cee-9054-4401f9f25d3f, merchant d2217970-3fa4-4fd6-8e17-8f89ea88917e
DEBUG: calling db.get(Merchant)
DEBUG: db.get(Merchant) finished: CRM Test Merchant
DEBUG: executing select(MerchantMember) query
DEBUG: select(MerchantMember) query executed
DEBUG: MerchantMember role: owner
DEBUG: get_current_merchant returning success
DEBUG: get_current_merchant starting for user 12ab737b-14a2-4792-a467-2375066c7503, merchant 17fb48cc-6e05-4cdd-afc9-512b702b4bdf
DEBUG: calling db.get(Merchant)
DEBUG: db.get(Merchant) finished: Ctx
DEBUG: executing select(MerchantMember) query
DEBUG: select(MerchantMember) query executed
DEBUG: MerchantMember role: owner
DEBUG: get_current_merchant returning success
DEBUG: get_current_merchant starting for user f24a2f08-b898-464a-bde4-4c6981767f03, merchant a3928d64-f478-41e1-9a93-25f126eed6aa
DEBUG: calling db.get(Merchant)
DEBUG: db.get(Merchant) finished: Other
DEBUG: executing select(MerchantMember) query
DEBUG: select(MerchantMember) query executed
DEBUG: MerchantMember role: None
DEBUG: get_current_merchant got exception: 403: not a member of this merchant
DEBUG: get_current_merchant starting for user f6db377b-96e9-4a6e-900a-532ea2a393b7, merchant 894483c7-522f-4411-a4f6-a8158670b97f
DEBUG: calling db.get(Merchant)
DEBUG: db.get(Merchant) finished: None
DEBUG: get_current_merchant got exception: 404: merchant not found
DEBUG: get_current_merchant starting for user e53f2bfb-4596-4e07-9375-f9c7098f7953, merchant 123ef525-4425-401a-8619-cdbaeeed1579
DEBUG: calling db.get(Merchant)
DEBUG: db.get(Merchant) finished: Prod Test
DEBUG: executing select(MerchantMember) query
DEBUG: select(MerchantMember) query executed
DEBUG: MerchantMember role: owner
DEBUG: get_current_merchant returning success
DEBUG: get_current_merchant starting for user 07530f5b-d6d2-4cc4-b738-91407157f1d9, merchant 1868fc9a-b679-481f-8e0f-5c80be385dcf
DEBUG: calling db.get(Merchant)
DEBUG: db.get(Merchant) finished: Dup
DEBUG: executing select(MerchantMember) query
DEBUG: select(MerchantMember) query executed
DEBUG: MerchantMember role: owner
DEBUG: get_current_merchant returning success
DEBUG: get_current_merchant starting for user 07530f5b-d6d2-4cc4-b738-91407157f1d9, merchant 1868fc9a-b679-481f-8e0f-5c80be385dcf
DEBUG: calling db.get(Merchant)
DEBUG: db.get(Merchant) finished: Dup
DEBUG: executing select(MerchantMember) query
DEBUG: select(MerchantMember) query executed
DEBUG: MerchantMember role: owner
DEBUG: get_current_merchant returning success
DEBUG: get_current_merchant starting for user 047e14e7-e8c4-4197-adb1-04b4082c4ee0, merchant 3b427f5f-bc01-4a3b-8f0f-a7d35b34298c
DEBUG: calling db.get(Merchant)
DEBUG: db.get(Merchant) finished: M1
DEBUG: executing select(MerchantMember) query
DEBUG: select(MerchantMember) query executed
DEBUG: MerchantMember role: owner
DEBUG: get_current_merchant returning success
DEBUG: get_current_merchant starting for user 047e14e7-e8c4-4197-adb1-04b4082c4ee0, merchant 3b427f5f-bc01-4a3b-8f0f-a7d35b34298c
DEBUG: calling db.get(Merchant)
DEBUG: db.get(Merchant) finished: M1
DEBUG: executing select(MerchantMember) query
DEBUG: select(MerchantMember) query executed
DEBUG: MerchantMember role: owner
DEBUG: get_current_merchant returning success
DEBUG: get_current_merchant starting for user 047e14e7-e8c4-4197-adb1-04b4082c4ee0, merchant f02eb652-2a7e-439b-b0d6-441d648acdab
DEBUG: calling db.get(Merchant)
DEBUG: db.get(Merchant) finished: M2
DEBUG: executing select(MerchantMember) query
DEBUG: select(MerchantMember) query executed
DEBUG: MerchantMember role: owner
DEBUG: get_current_merchant returning success
DEBUG: get_current_merchant starting for user 047e14e7-e8c4-4197-adb1-04b4082c4ee0, merchant f02eb652-2a7e-439b-b0d6-441d648acdab
DEBUG: calling db.get(Merchant)
DEBUG: db.get(Merchant) finished: M2
DEBUG: executing select(MerchantMember) query
DEBUG: select(MerchantMember) query executed
DEBUG: MerchantMember role: owner
DEBUG: get_current_merchant returning success
DEBUG: get_current_merchant starting for user 047e14e7-e8c4-4197-adb1-04b4082c4ee0, merchant f02eb652-2a7e-439b-b0d6-441d648acdab
DEBUG: calling db.get(Merchant)
DEBUG: db.get(Merchant) finished: M2
DEBUG: executing select(MerchantMember) query
DEBUG: select(MerchantMember) query executed
DEBUG: MerchantMember role: owner
DEBUG: get_current_merchant returning success
DEBUG: get_current_merchant starting for user 047e14e7-e8c4-4197-adb1-04b4082c4ee0, merchant 3b427f5f-bc01-4a3b-8f0f-a7d35b34298c
DEBUG: calling db.get(Merchant)
DEBUG: db.get(Merchant) finished: M1
DEBUG: executing select(MerchantMember) query
DEBUG: select(MerchantMember) query executed
DEBUG: MerchantMember role: owner
DEBUG: get_current_merchant returning success
DEBUG: get_current_merchant starting for user c25a51d1-84dc-4c74-a1f4-6dab8642f1d8, merchant 427cabd2-5a76-4290-8c63-fd273f72a375
DEBUG: calling db.get(Merchant)
DEBUG: db.get(Merchant) finished: Filt
DEBUG: executing select(MerchantMember) query
DEBUG: select(MerchantMember) query executed
DEBUG: MerchantMember role: owner
DEBUG: get_current_merchant returning success
DEBUG: get_current_merchant starting for user c25a51d1-84dc-4c74-a1f4-6dab8642f1d8, merchant 427cabd2-5a76-4290-8c63-fd273f72a375
DEBUG: calling db.get(Merchant)
DEBUG: db.get(Merchant) finished: Filt
DEBUG: executing select(MerchantMember) query
DEBUG: select(MerchantMember) query executed
DEBUG: MerchantMember role: owner
DEBUG: get_current_merchant returning success
DEBUG: get_current_merchant starting for user c25a51d1-84dc-4c74-a1f4-6dab8642f1d8, merchant 427cabd2-5a76-4290-8c63-fd273f72a375
DEBUG: calling db.get(Merchant)
DEBUG: db.get(Merchant) finished: Filt
DEBUG: executing select(MerchantMember) query
DEBUG: select(MerchantMember) query executed
DEBUG: MerchantMember role: owner
DEBUG: get_current_merchant returning success
DEBUG: get_current_merchant starting for user c25a51d1-84dc-4c74-a1f4-6dab8642f1d8, merchant 427cabd2-5a76-4290-8c63-fd273f72a375
DEBUG: calling db.get(Merchant)
DEBUG: db.get(Merchant) finished: Filt
DEBUG: executing select(MerchantMember) query
DEBUG: select(MerchantMember) query executed
DEBUG: MerchantMember role: owner
DEBUG: get_current_merchant returning success
DEBUG: get_current_merchant starting for user c25a51d1-84dc-4c74-a1f4-6dab8642f1d8, merchant 427cabd2-5a76-4290-8c63-fd273f72a375
DEBUG: calling db.get(Merchant)
DEBUG: db.get(Merchant) finished: Filt
DEBUG: executing select(MerchantMember) query
DEBUG: select(MerchantMember) query executed
DEBUG: MerchantMember role: owner
DEBUG: get_current_merchant returning success
DEBUG: get_current_merchant starting for user 64852826-3dc8-4bd1-9986-140efa78de8b, merchant 22c0c9c9-861b-4852-af88-6d4b4b8a2344
DEBUG: calling db.get(Merchant)
DEBUG: db.get(Merchant) finished: Merchant Alpha
DEBUG: executing select(MerchantMember) query
DEBUG: select(MerchantMember) query executed
DEBUG: MerchantMember role: owner
DEBUG: get_current_merchant returning success
DEBUG: get_current_merchant starting for user 64852826-3dc8-4bd1-9986-140efa78de8b, merchant cc7d8786-4d07-4326-86c8-45e131d9826b
DEBUG: calling db.get(Merchant)
DEBUG: db.get(Merchant) finished: Merchant Beta
DEBUG: executing select(MerchantMember) query
DEBUG: select(MerchantMember) query executed
DEBUG: MerchantMember role: owner
DEBUG: get_current_merchant returning success
DEBUG: get_current_merchant starting for user 79064ab5-466b-46fd-8a22-da464d5fb590, merchant 6504d0ac-15d3-4c8b-bb53-3dd452f3cd06
DEBUG: calling db.get(Merchant)
DEBUG: db.get(Merchant) finished: Update Test
DEBUG: executing select(MerchantMember) query
DEBUG: select(MerchantMember) query executed
DEBUG: MerchantMember role: owner
DEBUG: get_current_merchant returning success
DEBUG: get_current_merchant starting for user 79064ab5-466b-46fd-8a22-da464d5fb590, merchant 6504d0ac-15d3-4c8b-bb53-3dd452f3cd06
DEBUG: calling db.get(Merchant)
DEBUG: db.get(Merchant) finished: Update Test
DEBUG: executing select(MerchantMember) query
DEBUG: select(MerchantMember) query executed
DEBUG: MerchantMember role: owner
DEBUG: get_current_merchant returning success
DEBUG: get_current_merchant starting for user 590aabd4-fbbb-4032-a0b1-8011a54554d0, merchant 9e60e30a-24e1-49d7-82f2-ad7f0205a1d4
DEBUG: calling db.get(Merchant)
DEBUG: db.get(Merchant) finished: Archive Test
DEBUG: executing select(MerchantMember) query
DEBUG: select(MerchantMember) query executed
DEBUG: MerchantMember role: owner
DEBUG: get_current_merchant returning success
DEBUG: get_current_merchant starting for user 590aabd4-fbbb-4032-a0b1-8011a54554d0, merchant 9e60e30a-24e1-49d7-82f2-ad7f0205a1d4
DEBUG: calling db.get(Merchant)
DEBUG: db.get(Merchant) finished: Archive Test
DEBUG: executing select(MerchantMember) query
DEBUG: select(MerchantMember) query executed
DEBUG: MerchantMember role: owner
DEBUG: get_current_merchant returning success
DEBUG: get_current_merchant starting for user 590aabd4-fbbb-4032-a0b1-8011a54554d0, merchant 9e60e30a-24e1-49d7-82f2-ad7f0205a1d4
DEBUG: calling db.get(Merchant)
DEBUG: db.get(Merchant) finished: Archive Test
DEBUG: executing select(MerchantMember) query
DEBUG: select(MerchantMember) query executed
DEBUG: MerchantMember role: owner
DEBUG: get_current_merchant returning success
DEBUG: get_current_merchant starting for user a44e2dc4-8ad5-4b38-a921-22b61c2a55df, merchant 2ae2cf69-dbb1-43b5-a59d-a03859e93992
DEBUG: calling db.get(Merchant)
DEBUG: db.get(Merchant) finished: Publish Test
DEBUG: executing select(MerchantMember) query
DEBUG: select(MerchantMember) query executed
DEBUG: MerchantMember role: owner
DEBUG: get_current_merchant returning success
DEBUG: get_current_merchant starting for user a44e2dc4-8ad5-4b38-a921-22b61c2a55df, merchant 2ae2cf69-dbb1-43b5-a59d-a03859e93992
DEBUG: calling db.get(Merchant)
DEBUG: db.get(Merchant) finished: Publish Test
DEBUG: executing select(MerchantMember) query
DEBUG: select(MerchantMember) query executed
DEBUG: MerchantMember role: owner
DEBUG: get_current_merchant returning success
DEBUG: get_current_merchant starting for user c4c1507e-ff71-4c7e-ac54-156aeb3f6d36, merchant 1125f659-e1e3-45cc-8cbf-c66ddf79ff54
DEBUG: calling db.get(Merchant)
DEBUG: db.get(Merchant) finished: Archived Test
DEBUG: executing select(MerchantMember) query
DEBUG: select(MerchantMember) query executed
DEBUG: MerchantMember role: owner
DEBUG: get_current_merchant returning success
DEBUG: get_current_merchant starting for user c4c1507e-ff71-4c7e-ac54-156aeb3f6d36, merchant 1125f659-e1e3-45cc-8cbf-c66ddf79ff54
DEBUG: calling db.get(Merchant)
DEBUG: db.get(Merchant) finished: Archived Test
DEBUG: executing select(MerchantMember) query
DEBUG: select(MerchantMember) query executed
DEBUG: MerchantMember role: owner
DEBUG: get_current_merchant returning success
DEBUG: get_current_merchant starting for user c4c1507e-ff71-4c7e-ac54-156aeb3f6d36, merchant 1125f659-e1e3-45cc-8cbf-c66ddf79ff54
DEBUG: calling db.get(Merchant)
DEBUG: db.get(Merchant) finished: Archived Test
DEBUG: executing select(MerchantMember) query
DEBUG: select(MerchantMember) query executed
DEBUG: MerchantMember role: owner
DEBUG: get_current_merchant returning success
DEBUG: get_current_merchant starting for user 94f481ac-86da-4ff5-b690-c692a068ebd8, merchant 6d224b5a-362e-4965-89ad-f33b1ad74766
DEBUG: calling db.get(Merchant)
DEBUG: db.get(Merchant) finished: External Links
DEBUG: executing select(MerchantMember) query
DEBUG: select(MerchantMember) query executed
DEBUG: MerchantMember role: owner
DEBUG: get_current_merchant returning success
DEBUG: get_current_merchant starting for user 94f481ac-86da-4ff5-b690-c692a068ebd8, merchant 6d224b5a-362e-4965-89ad-f33b1ad74766
DEBUG: calling db.get(Merchant)
DEBUG: db.get(Merchant) finished: External Links
DEBUG: executing select(MerchantMember) query
DEBUG: select(MerchantMember) query executed
DEBUG: MerchantMember role: owner
DEBUG: get_current_merchant returning success
DEBUG: get_current_merchant starting for user 94f481ac-86da-4ff5-b690-c692a068ebd8, merchant 6d224b5a-362e-4965-89ad-f33b1ad74766
DEBUG: calling db.get(Merchant)
DEBUG: db.get(Merchant) finished: External Links
DEBUG: executing select(MerchantMember) query
DEBUG: select(MerchantMember) query executed
DEBUG: MerchantMember role: owner
DEBUG: get_current_merchant returning success
DEBUG: get_current_merchant starting for user c02419e9-05a4-4629-91d0-3a26f2b4ca06, merchant 6e1d3555-6983-45fb-9010-b124f7b452b9
DEBUG: calling db.get(Merchant)
DEBUG: db.get(Merchant) finished: Update Links
DEBUG: executing select(MerchantMember) query
DEBUG: select(MerchantMember) query executed
DEBUG: MerchantMember role: owner
DEBUG: get_current_merchant returning success
DEBUG: get_current_merchant starting for user c02419e9-05a4-4629-91d0-3a26f2b4ca06, merchant 6e1d3555-6983-45fb-9010-b124f7b452b9
DEBUG: calling db.get(Merchant)
DEBUG: db.get(Merchant) finished: Update Links
DEBUG: executing select(MerchantMember) query
DEBUG: select(MerchantMember) query executed
DEBUG: MerchantMember role: owner
DEBUG: get_current_merchant returning success
DEBUG: get_current_merchant starting for user c02419e9-05a4-4629-91d0-3a26f2b4ca06, merchant 6e1d3555-6983-45fb-9010-b124f7b452b9
DEBUG: calling db.get(Merchant)
DEBUG: db.get(Merchant) finished: Update Links
DEBUG: executing select(MerchantMember) query
DEBUG: select(MerchantMember) query executed
DEBUG: MerchantMember role: owner
DEBUG: get_current_merchant returning success
DEBUG: get_current_merchant starting for user 4de9d391-c57e-4961-a1ff-f9d4203a3190, merchant c60daa2d-060e-4745-8b12-7dd2da28d38d
DEBUG: calling db.get(Merchant)
DEBUG: db.get(Merchant) finished: Delete Links
DEBUG: executing select(MerchantMember) query
DEBUG: select(MerchantMember) query executed
DEBUG: MerchantMember role: owner
DEBUG: get_current_merchant returning success
DEBUG: get_current_merchant starting for user 4de9d391-c57e-4961-a1ff-f9d4203a3190, merchant c60daa2d-060e-4745-8b12-7dd2da28d38d
DEBUG: calling db.get(Merchant)
DEBUG: db.get(Merchant) finished: Delete Links
DEBUG: executing select(MerchantMember) query
DEBUG: select(MerchantMember) query executed
DEBUG: MerchantMember role: owner
DEBUG: get_current_merchant returning success
DEBUG: get_current_merchant starting for user 4de9d391-c57e-4961-a1ff-f9d4203a3190, merchant c60daa2d-060e-4745-8b12-7dd2da28d38d
DEBUG: calling db.get(Merchant)
DEBUG: db.get(Merchant) finished: Delete Links
DEBUG: executing select(MerchantMember) query
DEBUG: select(MerchantMember) query executed
DEBUG: MerchantMember role: owner
DEBUG: get_current_merchant returning success
DEBUG: get_current_merchant starting for user 4de9d391-c57e-4961-a1ff-f9d4203a3190, merchant c60daa2d-060e-4745-8b12-7dd2da28d38d
DEBUG: calling db.get(Merchant)
DEBUG: db.get(Merchant) finished: Delete Links
DEBUG: executing select(MerchantMember) query
DEBUG: select(MerchantMember) query executed
DEBUG: MerchantMember role: owner
DEBUG: get_current_merchant returning success
DEBUG: get_current_merchant starting for user abf88446-4a6b-4f5e-bbc4-2b9ae469ed4d, merchant 66a2c65a-e588-4969-900f-1865b06031b8
DEBUG: calling db.get(Merchant)
DEBUG: db.get(Merchant) finished: Alpha Org
DEBUG: executing select(MerchantMember) query
DEBUG: select(MerchantMember) query executed
DEBUG: MerchantMember role: owner
DEBUG: get_current_merchant returning success
DEBUG: get_current_merchant starting for user abf88446-4a6b-4f5e-bbc4-2b9ae469ed4d, merchant c652c6e3-eeeb-4d24-8dc5-254c07b7c473
DEBUG: calling db.get(Merchant)
DEBUG: db.get(Merchant) finished: Beta Org
DEBUG: executing select(MerchantMember) query
DEBUG: select(MerchantMember) query executed
DEBUG: MerchantMember role: owner
DEBUG: get_current_merchant returning success
DEBUG: get_current_merchant starting for user e2ad97cc-03f9-4848-ac79-96cace552dc4, merchant 4c47604d-08fb-411e-afc3-b3ef0ac5af03
DEBUG: calling db.get(Merchant)
DEBUG: db.get(Merchant) finished: No Onboard Co
DEBUG: executing select(MerchantMember) query
DEBUG: select(MerchantMember) query executed
DEBUG: MerchantMember role: owner
DEBUG: get_current_merchant returning success
DEBUG: get_current_merchant starting for user cfed557d-83c3-40c9-b871-e10e4305f43d, merchant 61fa24e6-8278-4e5f-a171-d0c33e38cabc
DEBUG: calling db.get(Merchant)
DEBUG: db.get(Merchant) finished: Foreign
DEBUG: executing select(MerchantMember) query
DEBUG: select(MerchantMember) query executed
DEBUG: MerchantMember role: None
DEBUG: get_current_merchant got exception: 403: not a member of this merchant
DEBUG: get_current_merchant starting for user 67c92694-6ac9-4f05-8527-8d4cf4aef3ca, merchant f3328110-148f-427c-951f-bbf5484f39c1
DEBUG: calling db.get(Merchant)
DEBUG: db.get(Merchant) finished: Patch
DEBUG: executing select(MerchantMember) query
DEBUG: select(MerchantMember) query executed
DEBUG: MerchantMember role: staff
DEBUG: get_current_merchant returning success
DEBUG: get_current_merchant starting for user 89bc4304-d6ce-4c1c-8e76-3da83634ee52, merchant f2de2718-969d-41e2-8a51-1a8001e42eab
DEBUG: calling db.get(Merchant)
DEBUG: db.get(Merchant) finished: Team Test
DEBUG: executing select(MerchantMember) query
DEBUG: select(MerchantMember) query executed
DEBUG: MerchantMember role: owner
DEBUG: get_current_merchant returning success
DEBUG: get_current_merchant starting for user 1c358386-e997-4634-aca7-61394e5789b6, merchant da4ae327-cbed-4bde-b216-4ce867dad759
DEBUG: calling db.get(Merchant)
DEBUG: db.get(Merchant) finished: Inv Test
DEBUG: executing select(MerchantMember) query
DEBUG: select(MerchantMember) query executed
DEBUG: MerchantMember role: owner
DEBUG: get_current_merchant returning success
DEBUG: get_current_merchant starting for user bf1afe13-0002-4ade-8268-23857050f96c, merchant cea71f2b-16e9-4c79-b8ff-4e51a013d6da
DEBUG: calling db.get(Merchant)
DEBUG: db.get(Merchant) finished: Unk
DEBUG: executing select(MerchantMember) query
DEBUG: select(MerchantMember) query executed
DEBUG: MerchantMember role: owner
DEBUG: get_current_merchant returning success
DEBUG: get_current_merchant starting for user 841bb7fc-843b-45a2-ac71-7e8b194e0b5f, merchant 025203a0-4197-4147-9744-99c3ed6a8bc6
DEBUG: calling db.get(Merchant)
DEBUG: db.get(Merchant) finished: Role Test
DEBUG: executing select(MerchantMember) query
DEBUG: select(MerchantMember) query executed
DEBUG: MerchantMember role: owner
DEBUG: get_current_merchant returning success
DEBUG: get_current_merchant starting for user 9ef9cfed-d270-43d7-96b5-48daccaf9fae, merchant 025203a0-4197-4147-9744-99c3ed6a8bc6
DEBUG: calling db.get(Merchant)
DEBUG: db.get(Merchant) finished: Role Test
DEBUG: executing select(MerchantMember) query
DEBUG: select(MerchantMember) query executed
DEBUG: MerchantMember role: admin
DEBUG: get_current_merchant returning success
DEBUG: get_current_merchant starting for user 9ef9cfed-d270-43d7-96b5-48daccaf9fae, merchant 025203a0-4197-4147-9744-99c3ed6a8bc6
DEBUG: calling db.get(Merchant)
DEBUG: db.get(Merchant) finished: Role Test
DEBUG: executing select(MerchantMember) query
DEBUG: select(MerchantMember) query executed
DEBUG: MerchantMember role: admin
DEBUG: get_current_merchant returning success
DEBUG: get_current_merchant starting for user 3744fbe3-ab09-4846-ab52-d86dbb60b5d7, merchant e872dd70-4980-4cfb-9b15-879a87bf6012
DEBUG: calling db.get(Merchant)
DEBUG: db.get(Merchant) finished: Self
DEBUG: executing select(MerchantMember) query
DEBUG: select(MerchantMember) query executed
DEBUG: MerchantMember role: owner
DEBUG: get_current_merchant returning success
DEBUG: get_current_merchant starting for user c57c65dc-f8ed-48f1-a761-c9ebd2d2cfc4, merchant 715d1384-91f1-4b74-8f50-0dfc4e85a2e0
DEBUG: calling db.get(Merchant)
DEBUG: db.get(Merchant) finished: Wallet Read
DEBUG: executing select(MerchantMember) query
DEBUG: select(MerchantMember) query executed
DEBUG: MerchantMember role: owner
DEBUG: get_current_merchant returning success
DEBUG: get_current_merchant starting for user 33b62334-3bd1-48f8-a904-775760929bf0, merchant 82d2e489-ad4c-4d64-b702-beb6899ee77d
DEBUG: calling db.get(Merchant)
DEBUG: db.get(Merchant) finished: Txn List
DEBUG: executing select(MerchantMember) query
DEBUG: select(MerchantMember) query executed
DEBUG: MerchantMember role: owner
DEBUG: get_current_merchant returning success
DEBUG: get_current_merchant starting for user c2dbe57e-9768-42dd-ae1e-bd4d9ae364de, merchant 5fa4c14e-2bc8-4ee2-bcf0-4b5997069315
DEBUG: calling db.get(Merchant)
DEBUG: db.get(Merchant) finished: Threshold Test
DEBUG: executing select(MerchantMember) query
DEBUG: select(MerchantMember) query executed
DEBUG: MerchantMember role: owner
DEBUG: get_current_merchant returning success
DEBUG: get_current_merchant starting for user 980033ed-bf59-41f9-a13c-237d09a3ec6a, merchant fab0cbe1-828f-4631-ac6b-13bfe43285b9
DEBUG: calling db.get(Merchant)
DEBUG: db.get(Merchant) finished: Intent Test
DEBUG: executing select(MerchantMember) query
DEBUG: select(MerchantMember) query executed
DEBUG: MerchantMember role: owner
DEBUG: get_current_merchant returning success
DEBUG: get_current_merchant starting for user b5a3f686-3f6f-4e06-8800-449648907648, merchant 3a00074f-49d6-4107-be65-17de3e540608
DEBUG: calling db.get(Merchant)
DEBUG: db.get(Merchant) finished: Confirm Test
DEBUG: executing select(MerchantMember) query
DEBUG: select(MerchantMember) query executed
DEBUG: MerchantMember role: owner
DEBUG: get_current_merchant returning success
DEBUG: get_current_merchant starting for user 0a4a55ae-6134-4795-a484-583a389f8503, merchant e0ba5f1a-01c8-4c73-86dd-0536c5e16f91
DEBUG: calling db.get(Merchant)
DEBUG: db.get(Merchant) finished: Idem Test
DEBUG: executing select(MerchantMember) query
DEBUG: select(MerchantMember) query executed
DEBUG: MerchantMember role: owner
DEBUG: get_current_merchant returning success
DEBUG: get_current_merchant starting for user 3a42adf6-d3b3-431b-a3c7-dfe3aabcbfc9, merchant 28662e63-88e4-4154-9cc5-ecc79813a845
DEBUG: calling db.get(Merchant)
DEBUG: db.get(Merchant) finished: Bad Sig
DEBUG: executing select(MerchantMember) query
DEBUG: select(MerchantMember) query executed
DEBUG: MerchantMember role: owner
DEBUG: get_current_merchant returning success
DEBUG: get_current_merchant starting for user fea503bb-27a5-4178-aebc-ed6a0934ee3e, merchant d41c1c18-d18a-48f9-bba1-17e3b1c314a6
DEBUG: calling db.get(Merchant)
DEBUG: db.get(Merchant) finished: Publish Gate
DEBUG: executing select(MerchantMember) query
DEBUG: select(MerchantMember) query executed
DEBUG: MerchantMember role: owner
DEBUG: get_current_merchant returning success
DEBUG: get_current_merchant starting for user fea503bb-27a5-4178-aebc-ed6a0934ee3e, merchant d41c1c18-d18a-48f9-bba1-17e3b1c314a6
DEBUG: calling db.get(Merchant)
DEBUG: db.get(Merchant) finished: Publish Gate
DEBUG: executing select(MerchantMember) query
DEBUG: select(MerchantMember) query executed
DEBUG: MerchantMember role: owner
DEBUG: get_current_merchant returning success
DEBUG: get_current_merchant starting for user fea503bb-27a5-4178-aebc-ed6a0934ee3e, merchant d41c1c18-d18a-48f9-bba1-17e3b1c314a6
DEBUG: calling db.get(Merchant)
DEBUG: db.get(Merchant) finished: Publish Gate
DEBUG: executing select(MerchantMember) query
DEBUG: select(MerchantMember) query executed
DEBUG: MerchantMember role: owner
DEBUG: get_current_merchant returning success
DEBUG: get_current_merchant starting for user 647874a9-3abc-42ca-ad58-087c5c972f57, merchant 797e97cd-ab71-4f3c-beaf-d1f2ec1a20ce
DEBUG: calling db.get(Merchant)
DEBUG: db.get(Merchant) finished: History Test
DEBUG: executing select(MerchantMember) query
DEBUG: select(MerchantMember) query executed
DEBUG: MerchantMember role: owner
DEBUG: get_current_merchant returning success
DEBUG: get_current_merchant starting for user 647874a9-3abc-42ca-ad58-087c5c972f57, merchant 797e97cd-ab71-4f3c-beaf-d1f2ec1a20ce
DEBUG: calling db.get(Merchant)
DEBUG: db.get(Merchant) finished: History Test
DEBUG: executing select(MerchantMember) query
DEBUG: select(MerchantMember) query executed
DEBUG: MerchantMember role: owner
DEBUG: get_current_merchant returning success
DEBUG: get_current_merchant starting for user 86a3212c-31da-427c-b38d-fa4d483f25f2, merchant 956a72ea-d5d6-45ac-b792-bd2a865800eb
DEBUG: calling db.get(Merchant)
DEBUG: db.get(Merchant) finished: Merchant B
DEBUG: executing select(MerchantMember) query
DEBUG: select(MerchantMember) query executed
DEBUG: MerchantMember role: owner
DEBUG: get_current_merchant returning success
DEBUG: get_current_merchant starting for user 86a3212c-31da-427c-b38d-fa4d483f25f2, merchant da4c6d58-4bb0-4e82-aeb6-c86a2ecaab9d
DEBUG: calling db.get(Merchant)
DEBUG: db.get(Merchant) finished: Merchant A
DEBUG: executing select(MerchantMember) query
DEBUG: select(MerchantMember) query executed
DEBUG: MerchantMember role: owner
DEBUG: get_current_merchant returning success
DEBUG: get_current_merchant starting for user 86a3212c-31da-427c-b38d-fa4d483f25f2, merchant da4c6d58-4bb0-4e82-aeb6-c86a2ecaab9d
DEBUG: calling db.get(Merchant)
DEBUG: db.get(Merchant) finished: Merchant A
DEBUG: executing select(MerchantMember) query
DEBUG: select(MerchantMember) query executed
DEBUG: MerchantMember role: owner
DEBUG: get_current_merchant returning success
DEBUG: get_current_merchant starting for user 86a3212c-31da-427c-b38d-fa4d483f25f2, merchant 956a72ea-d5d6-45ac-b792-bd2a865800eb
DEBUG: calling db.get(Merchant)
DEBUG: db.get(Merchant) finished: Merchant B
DEBUG: executing select(MerchantMember) query
DEBUG: select(MerchantMember) query executed
DEBUG: MerchantMember role: owner
DEBUG: get_current_merchant returning success
DEBUG: get_current_merchant starting for user 26ebe017-328f-4c2e-8fef-9886bdf08a32, merchant 3091b975-13a1-4531-8017-883e4d783691
DEBUG: calling db.get(Merchant)
DEBUG: db.get(Merchant) finished: Analytics Co
DEBUG: executing select(MerchantMember) query
DEBUG: select(MerchantMember) query executed
DEBUG: MerchantMember role: owner
DEBUG: get_current_merchant returning success
DEBUG: get_current_merchant starting for user 6e781dc7-eced-4ca0-b9a9-800bae6a1eae, merchant 136cf70b-c8db-4a81-b60b-41dd235a4452
DEBUG: calling db.get(Merchant)
DEBUG: db.get(Merchant) finished: Analytics Co
DEBUG: executing select(MerchantMember) query
DEBUG: select(MerchantMember) query executed
DEBUG: MerchantMember role: owner
DEBUG: get_current_merchant returning success
DEBUG: get_current_merchant starting for user aa66272f-24f3-4d14-a04e-9b59927a5706, merchant 35c2bb56-1020-4b7d-8396-79061ea944df
DEBUG: calling db.get(Merchant)
DEBUG: db.get(Merchant) finished: Analytics Co
DEBUG: executing select(MerchantMember) query
DEBUG: select(MerchantMember) query executed
DEBUG: MerchantMember role: owner
DEBUG: get_current_merchant returning success
DEBUG: get_current_merchant starting for user 77486af3-cca5-4358-b0d3-3133f74bed5d, merchant 7f464b0f-6428-4e1a-923a-019542ad28a9
DEBUG: calling db.get(Merchant)
DEBUG: db.get(Merchant) finished: Diag
DEBUG: executing select(MerchantMember) query
DEBUG: select(MerchantMember) query executed
DEBUG: MerchantMember role: owner
DEBUG: get_current_merchant returning success
DEBUG: get_current_merchant starting for user a13b5740-c272-43df-8762-fc7b277a41e8, merchant 2c25d66b-826c-44ac-8821-291b1923c8fb
DEBUG: calling db.get(Merchant)
DEBUG: db.get(Merchant) finished: CRM Test Merchant
DEBUG: executing select(MerchantMember) query
DEBUG: select(MerchantMember) query executed
DEBUG: MerchantMember role: owner
DEBUG: get_current_merchant returning success
DEBUG: get_current_merchant starting for user a13b5740-c272-43df-8762-fc7b277a41e8, merchant 2c25d66b-826c-44ac-8821-291b1923c8fb
DEBUG: calling db.get(Merchant)
DEBUG: db.get(Merchant) finished: CRM Test Merchant
DEBUG: executing select(MerchantMember) query
DEBUG: select(MerchantMember) query executed
DEBUG: MerchantMember role: owner
DEBUG: get_current_merchant returning success
DEBUG: get_current_merchant starting for user a13b5740-c272-43df-8762-fc7b277a41e8, merchant 2c25d66b-826c-44ac-8821-291b1923c8fb
DEBUG: calling db.get(Merchant)
DEBUG: db.get(Merchant) finished: CRM Test Merchant
DEBUG: executing select(MerchantMember) query
DEBUG: select(MerchantMember) query executed
DEBUG: MerchantMember role: owner
DEBUG: get_current_merchant returning success
DEBUG: get_current_merchant starting for user dcd1384f-1849-48d9-af57-57bb36b07dc8, merchant e6b9d511-a89c-4287-81e6-e8e34dffd00f
DEBUG: calling db.get(Merchant)
DEBUG: db.get(Merchant) finished: Ctx
DEBUG: executing select(MerchantMember) query
DEBUG: select(MerchantMember) query executed
DEBUG: MerchantMember role: owner
DEBUG: get_current_merchant returning success
DEBUG: get_current_merchant starting for user 2a181a2f-8b25-4596-a616-8fa566cc38e0, merchant ae1329df-d94e-4c4f-99b7-94df6ba5a404
DEBUG: calling db.get(Merchant)
DEBUG: db.get(Merchant) finished: Other
DEBUG: executing select(MerchantMember) query
DEBUG: select(MerchantMember) query executed
DEBUG: MerchantMember role: None
DEBUG: get_current_merchant got exception: 403: not a member of this merchant
DEBUG: get_current_merchant starting for user d49cd2a6-af43-4a47-8408-3abc33e75b13, merchant 88fa00a6-39ef-44d6-8443-9be3c6c5bcab
DEBUG: calling db.get(Merchant)
DEBUG: db.get(Merchant) finished: None
DEBUG: get_current_merchant got exception: 404: merchant not found
DEBUG: get_current_merchant starting for user 53215e1c-e182-4893-ae93-6715c4eed7f6, merchant d924cc3a-1c8a-4f73-8280-7e72de7fa7d6
DEBUG: calling db.get(Merchant)
DEBUG: db.get(Merchant) finished: Prod Test
DEBUG: executing select(MerchantMember) query
DEBUG: select(MerchantMember) query executed
DEBUG: MerchantMember role: owner
DEBUG: get_current_merchant returning success
DEBUG: get_current_merchant starting for user 3a25d72f-a7f8-421f-8769-6cb056e6ce2c, merchant 26ad60f8-873d-4cf9-a2f8-df15d04eb402
DEBUG: calling db.get(Merchant)
DEBUG: db.get(Merchant) finished: Dup
DEBUG: executing select(MerchantMember) query
DEBUG: select(MerchantMember) query executed
DEBUG: MerchantMember role: owner
DEBUG: get_current_merchant returning success
DEBUG: get_current_merchant starting for user 3a25d72f-a7f8-421f-8769-6cb056e6ce2c, merchant 26ad60f8-873d-4cf9-a2f8-df15d04eb402
DEBUG: calling db.get(Merchant)
DEBUG: db.get(Merchant) finished: Dup
DEBUG: executing select(MerchantMember) query
DEBUG: select(MerchantMember) query executed
DEBUG: MerchantMember role: owner
DEBUG: get_current_merchant returning success
DEBUG: get_current_merchant starting for user 2e02f271-de85-425c-83b6-283c00cce0ae, merchant 768a4c2a-c3bc-4339-ae94-7baad4071210
DEBUG: calling db.get(Merchant)
DEBUG: db.get(Merchant) finished: M1
DEBUG: executing select(MerchantMember) query
DEBUG: select(MerchantMember) query executed
DEBUG: MerchantMember role: owner
DEBUG: get_current_merchant returning success
DEBUG: get_current_merchant starting for user 2e02f271-de85-425c-83b6-283c00cce0ae, merchant 768a4c2a-c3bc-4339-ae94-7baad4071210
DEBUG: calling db.get(Merchant)
DEBUG: db.get(Merchant) finished: M1
DEBUG: executing select(MerchantMember) query
DEBUG: select(MerchantMember) query executed
DEBUG: MerchantMember role: owner
DEBUG: get_current_merchant returning success
DEBUG: get_current_merchant starting for user 2e02f271-de85-425c-83b6-283c00cce0ae, merchant 3ef10ec9-83a7-4a74-8a34-ab1c5ded4f1e
DEBUG: calling db.get(Merchant)
DEBUG: db.get(Merchant) finished: M2
DEBUG: executing select(MerchantMember) query
DEBUG: select(MerchantMember) query executed
DEBUG: MerchantMember role: owner
DEBUG: get_current_merchant returning success
DEBUG: get_current_merchant starting for user 2e02f271-de85-425c-83b6-283c00cce0ae, merchant 3ef10ec9-83a7-4a74-8a34-ab1c5ded4f1e
DEBUG: calling db.get(Merchant)
DEBUG: db.get(Merchant) finished: M2
DEBUG: executing select(MerchantMember) query
DEBUG: select(MerchantMember) query executed
DEBUG: MerchantMember role: owner
DEBUG: get_current_merchant returning success
DEBUG: get_current_merchant starting for user 2e02f271-de85-425c-83b6-283c00cce0ae, merchant 3ef10ec9-83a7-4a74-8a34-ab1c5ded4f1e
DEBUG: calling db.get(Merchant)
DEBUG: db.get(Merchant) finished: M2
DEBUG: executing select(MerchantMember) query
DEBUG: select(MerchantMember) query executed
DEBUG: MerchantMember role: owner
DEBUG: get_current_merchant returning success
DEBUG: get_current_merchant starting for user 2e02f271-de85-425c-83b6-283c00cce0ae, merchant 768a4c2a-c3bc-4339-ae94-7baad4071210
DEBUG: calling db.get(Merchant)
DEBUG: db.get(Merchant) finished: M1
DEBUG: executing select(MerchantMember) query
DEBUG: select(MerchantMember) query executed
DEBUG: MerchantMember role: owner
DEBUG: get_current_merchant returning success
DEBUG: get_current_merchant starting for user 9c82c9f8-2eaf-4b7d-a1de-40e3b7d7c89d, merchant 15975f87-ee5b-4126-a7a2-29ff432da344
DEBUG: calling db.get(Merchant)
DEBUG: db.get(Merchant) finished: Filt
DEBUG: executing select(MerchantMember) query
DEBUG: select(MerchantMember) query executed
DEBUG: MerchantMember role: owner
DEBUG: get_current_merchant returning success
DEBUG: get_current_merchant starting for user 9c82c9f8-2eaf-4b7d-a1de-40e3b7d7c89d, merchant 15975f87-ee5b-4126-a7a2-29ff432da344
DEBUG: calling db.get(Merchant)
DEBUG: db.get(Merchant) finished: Filt
DEBUG: executing select(MerchantMember) query
DEBUG: select(MerchantMember) query executed
DEBUG: MerchantMember role: owner
DEBUG: get_current_merchant returning success
DEBUG: get_current_merchant starting for user 9c82c9f8-2eaf-4b7d-a1de-40e3b7d7c89d, merchant 15975f87-ee5b-4126-a7a2-29ff432da344
DEBUG: calling db.get(Merchant)
DEBUG: db.get(Merchant) finished: Filt
DEBUG: executing select(MerchantMember) query
DEBUG: select(MerchantMember) query executed
DEBUG: MerchantMember role: owner
DEBUG: get_current_merchant returning success
DEBUG: get_current_merchant starting for user 9c82c9f8-2eaf-4b7d-a1de-40e3b7d7c89d, merchant 15975f87-ee5b-4126-a7a2-29ff432da344
DEBUG: calling db.get(Merchant)
DEBUG: db.get(Merchant) finished: Filt
DEBUG: executing select(MerchantMember) query
DEBUG: select(MerchantMember) query executed
DEBUG: MerchantMember role: owner
DEBUG: get_current_merchant returning success
DEBUG: get_current_merchant starting for user 9c82c9f8-2eaf-4b7d-a1de-40e3b7d7c89d, merchant 15975f87-ee5b-4126-a7a2-29ff432da344
DEBUG: calling db.get(Merchant)
DEBUG: db.get(Merchant) finished: Filt
DEBUG: executing select(MerchantMember) query
DEBUG: select(MerchantMember) query executed
DEBUG: MerchantMember role: owner
DEBUG: get_current_merchant returning success
DEBUG: get_current_merchant starting for user ad527702-36c1-40a3-aec9-2fa674e0b380, merchant 257a92a3-ea8a-49e5-802f-3810d8328e2b
DEBUG: calling db.get(Merchant)
DEBUG: db.get(Merchant) finished: Merchant Alpha
DEBUG: executing select(MerchantMember) query
DEBUG: select(MerchantMember) query executed
DEBUG: MerchantMember role: owner
DEBUG: get_current_merchant returning success
DEBUG: get_current_merchant starting for user ad527702-36c1-40a3-aec9-2fa674e0b380, merchant 681c9240-03cc-4d90-8920-174126d80bca
DEBUG: calling db.get(Merchant)
DEBUG: db.get(Merchant) finished: Merchant Beta
DEBUG: executing select(MerchantMember) query
DEBUG: select(MerchantMember) query executed
DEBUG: MerchantMember role: owner
DEBUG: get_current_merchant returning success
DEBUG: get_current_merchant starting for user 1f897067-6de1-4fae-8135-6ecbdf399f3d, merchant c0cb13ac-edb9-44e4-9536-c495431deadc
DEBUG: calling db.get(Merchant)
DEBUG: db.get(Merchant) finished: Update Test
DEBUG: executing select(MerchantMember) query
DEBUG: select(MerchantMember) query executed
DEBUG: MerchantMember role: owner
DEBUG: get_current_merchant returning success
DEBUG: get_current_merchant starting for user 1f897067-6de1-4fae-8135-6ecbdf399f3d, merchant c0cb13ac-edb9-44e4-9536-c495431deadc
DEBUG: calling db.get(Merchant)
DEBUG: db.get(Merchant) finished: Update Test
DEBUG: executing select(MerchantMember) query
DEBUG: select(MerchantMember) query executed
DEBUG: MerchantMember role: owner
DEBUG: get_current_merchant returning success
DEBUG: get_current_merchant starting for user 88a8a6fd-11e5-4e5d-9343-446492992904, merchant 6975fa10-05ba-4ad0-8792-ffc387834418
DEBUG: calling db.get(Merchant)
DEBUG: db.get(Merchant) finished: Archive Test
DEBUG: executing select(MerchantMember) query
DEBUG: select(MerchantMember) query executed
DEBUG: MerchantMember role: owner
DEBUG: get_current_merchant returning success
DEBUG: get_current_merchant starting for user 88a8a6fd-11e5-4e5d-9343-446492992904, merchant 6975fa10-05ba-4ad0-8792-ffc387834418
DEBUG: calling db.get(Merchant)
DEBUG: db.get(Merchant) finished: Archive Test
DEBUG: executing select(MerchantMember) query
DEBUG: select(MerchantMember) query executed
DEBUG: MerchantMember role: owner
DEBUG: get_current_merchant returning success
DEBUG: get_current_merchant starting for user 88a8a6fd-11e5-4e5d-9343-446492992904, merchant 6975fa10-05ba-4ad0-8792-ffc387834418
DEBUG: calling db.get(Merchant)
DEBUG: db.get(Merchant) finished: Archive Test
DEBUG: executing select(MerchantMember) query
DEBUG: select(MerchantMember) query executed
DEBUG: MerchantMember role: owner
DEBUG: get_current_merchant returning success
DEBUG: get_current_merchant starting for user be3f4d01-a8e9-445e-a8ba-9185075651dc, merchant 9748fb2b-1437-40dd-888d-ff7d9443819f
DEBUG: calling db.get(Merchant)
DEBUG: db.get(Merchant) finished: Publish Test
DEBUG: executing select(MerchantMember) query
DEBUG: select(MerchantMember) query executed
DEBUG: MerchantMember role: owner
DEBUG: get_current_merchant returning success
DEBUG: get_current_merchant starting for user be3f4d01-a8e9-445e-a8ba-9185075651dc, merchant 9748fb2b-1437-40dd-888d-ff7d9443819f
DEBUG: calling db.get(Merchant)
DEBUG: db.get(Merchant) finished: Publish Test
DEBUG: executing select(MerchantMember) query
DEBUG: select(MerchantMember) query executed
DEBUG: MerchantMember role: owner
DEBUG: get_current_merchant returning success
DEBUG: get_current_merchant starting for user 18590220-7dcc-4c30-a1a2-c52bbace335e, merchant 9c2b0bed-580e-4404-87dd-0359f5e17e42
DEBUG: calling db.get(Merchant)
DEBUG: db.get(Merchant) finished: Archived Test
DEBUG: executing select(MerchantMember) query
DEBUG: select(MerchantMember) query executed
DEBUG: MerchantMember role: owner
DEBUG: get_current_merchant returning success
DEBUG: get_current_merchant starting for user 18590220-7dcc-4c30-a1a2-c52bbace335e, merchant 9c2b0bed-580e-4404-87dd-0359f5e17e42
DEBUG: calling db.get(Merchant)
DEBUG: db.get(Merchant) finished: Archived Test
DEBUG: executing select(MerchantMember) query
DEBUG: select(MerchantMember) query executed
DEBUG: MerchantMember role: owner
DEBUG: get_current_merchant returning success
DEBUG: get_current_merchant starting for user 18590220-7dcc-4c30-a1a2-c52bbace335e, merchant 9c2b0bed-580e-4404-87dd-0359f5e17e42
DEBUG: calling db.get(Merchant)
DEBUG: db.get(Merchant) finished: Archived Test
DEBUG: executing select(MerchantMember) query
DEBUG: select(MerchantMember) query executed
DEBUG: MerchantMember role: owner
DEBUG: get_current_merchant returning success
DEBUG: get_current_merchant starting for user 0af12147-3013-4b08-9943-4111c15255a8, merchant 551eacd1-9ee7-43f2-8e00-3e2067f3f172
DEBUG: calling db.get(Merchant)
DEBUG: db.get(Merchant) finished: External Links
DEBUG: executing select(MerchantMember) query
DEBUG: select(MerchantMember) query executed
DEBUG: MerchantMember role: owner
DEBUG: get_current_merchant returning success
DEBUG: get_current_merchant starting for user 0af12147-3013-4b08-9943-4111c15255a8, merchant 551eacd1-9ee7-43f2-8e00-3e2067f3f172
DEBUG: calling db.get(Merchant)
DEBUG: db.get(Merchant) finished: External Links
DEBUG: executing select(MerchantMember) query
DEBUG: select(MerchantMember) query executed
DEBUG: MerchantMember role: owner
DEBUG: get_current_merchant returning success
DEBUG: get_current_merchant starting for user 0af12147-3013-4b08-9943-4111c15255a8, merchant 551eacd1-9ee7-43f2-8e00-3e2067f3f172
DEBUG: calling db.get(Merchant)
DEBUG: db.get(Merchant) finished: External Links
DEBUG: executing select(MerchantMember) query
DEBUG: select(MerchantMember) query executed
DEBUG: MerchantMember role: owner
DEBUG: get_current_merchant returning success
DEBUG: get_current_merchant starting for user d24e8a13-fd53-4544-aa06-9d7f2eb41dcc, merchant 1f93467e-a26c-49ef-84af-7406dd448be1
DEBUG: calling db.get(Merchant)
DEBUG: db.get(Merchant) finished: Update Links
DEBUG: executing select(MerchantMember) query
DEBUG: select(MerchantMember) query executed
DEBUG: MerchantMember role: owner
DEBUG: get_current_merchant returning success
DEBUG: get_current_merchant starting for user d24e8a13-fd53-4544-aa06-9d7f2eb41dcc, merchant 1f93467e-a26c-49ef-84af-7406dd448be1
DEBUG: calling db.get(Merchant)
DEBUG: db.get(Merchant) finished: Update Links
DEBUG: executing select(MerchantMember) query
DEBUG: select(MerchantMember) query executed
DEBUG: MerchantMember role: owner
DEBUG: get_current_merchant returning success
DEBUG: get_current_merchant starting for user d24e8a13-fd53-4544-aa06-9d7f2eb41dcc, merchant 1f93467e-a26c-49ef-84af-7406dd448be1
DEBUG: calling db.get(Merchant)
DEBUG: db.get(Merchant) finished: Update Links
DEBUG: executing select(MerchantMember) query
DEBUG: select(MerchantMember) query executed
DEBUG: MerchantMember role: owner
DEBUG: get_current_merchant returning success
DEBUG: get_current_merchant starting for user 06dcb961-1692-4c62-9056-e664a1ecbe2f, merchant c45f091a-617d-450d-85a5-2a3031cd5d8c
DEBUG: calling db.get(Merchant)
DEBUG: db.get(Merchant) finished: Delete Links
DEBUG: executing select(MerchantMember) query
DEBUG: select(MerchantMember) query executed
DEBUG: MerchantMember role: owner
DEBUG: get_current_merchant returning success
DEBUG: get_current_merchant starting for user 06dcb961-1692-4c62-9056-e664a1ecbe2f, merchant c45f091a-617d-450d-85a5-2a3031cd5d8c
DEBUG: calling db.get(Merchant)
DEBUG: db.get(Merchant) finished: Delete Links
DEBUG: executing select(MerchantMember) query
DEBUG: select(MerchantMember) query executed
DEBUG: MerchantMember role: owner
DEBUG: get_current_merchant returning success
DEBUG: get_current_merchant starting for user 06dcb961-1692-4c62-9056-e664a1ecbe2f, merchant c45f091a-617d-450d-85a5-2a3031cd5d8c
DEBUG: calling db.get(Merchant)
DEBUG: db.get(Merchant) finished: Delete Links
DEBUG: executing select(MerchantMember) query
DEBUG: select(MerchantMember) query executed
DEBUG: MerchantMember role: owner
DEBUG: get_current_merchant returning success
DEBUG: get_current_merchant starting for user 06dcb961-1692-4c62-9056-e664a1ecbe2f, merchant c45f091a-617d-450d-85a5-2a3031cd5d8c
DEBUG: calling db.get(Merchant)
DEBUG: db.get(Merchant) finished: Delete Links
DEBUG: executing select(MerchantMember) query
DEBUG: select(MerchantMember) query executed
DEBUG: MerchantMember role: owner
DEBUG: get_current_merchant returning success
DEBUG: get_current_merchant starting for user 57aebf7d-2ea0-4572-bab9-7448def789ed, merchant 9ba5b802-91f3-423e-a44f-9dab025df031
DEBUG: calling db.get(Merchant)
DEBUG: db.get(Merchant) finished: Alpha Org
DEBUG: executing select(MerchantMember) query
DEBUG: select(MerchantMember) query executed
DEBUG: MerchantMember role: owner
DEBUG: get_current_merchant returning success
DEBUG: get_current_merchant starting for user 57aebf7d-2ea0-4572-bab9-7448def789ed, merchant b233ec3b-f399-4db5-832a-cafc2ce69557
DEBUG: calling db.get(Merchant)
DEBUG: db.get(Merchant) finished: Beta Org
DEBUG: executing select(MerchantMember) query
DEBUG: select(MerchantMember) query executed
DEBUG: MerchantMember role: owner
DEBUG: get_current_merchant returning success
DEBUG: get_current_merchant starting for user 54d6b578-dd66-4827-97e5-c9f169620d77, merchant 55eaa206-34d1-40ed-8bdc-7f0fad641a1a
DEBUG: calling db.get(Merchant)
DEBUG: db.get(Merchant) finished: No Onboard Co
DEBUG: executing select(MerchantMember) query
DEBUG: select(MerchantMember) query executed
DEBUG: MerchantMember role: owner
DEBUG: get_current_merchant returning success
DEBUG: get_current_merchant starting for user 8012dda9-cb03-496a-9801-fb205a075d43, merchant c106159b-a98e-4cf0-80d3-116ec4971384
DEBUG: calling db.get(Merchant)
DEBUG: db.get(Merchant) finished: Foreign
DEBUG: executing select(MerchantMember) query
DEBUG: select(MerchantMember) query executed
DEBUG: MerchantMember role: None
DEBUG: get_current_merchant got exception: 403: not a member of this merchant
DEBUG: get_current_merchant starting for user bd40f29a-36b9-4db8-b3b7-cd0b0659a590, merchant 7e972973-91e6-4011-a8cd-8383e4f78de3
DEBUG: calling db.get(Merchant)
DEBUG: db.get(Merchant) finished: Patch
DEBUG: executing select(MerchantMember) query
DEBUG: select(MerchantMember) query executed
DEBUG: MerchantMember role: staff
DEBUG: get_current_merchant returning success
DEBUG: get_current_merchant starting for user 1c4ff700-61d0-46b9-9743-06dc58c5fb06, merchant 528b8f9d-41cb-4e8b-9a25-6fcf6742bba1
DEBUG: calling db.get(Merchant)
DEBUG: db.get(Merchant) finished: Team Test
DEBUG: executing select(MerchantMember) query
DEBUG: select(MerchantMember) query executed
DEBUG: MerchantMember role: owner
DEBUG: get_current_merchant returning success
DEBUG: get_current_merchant starting for user 992e96f5-7c18-4b14-b8ea-09d7856eca8f, merchant eb9ec2dd-c3e2-4cef-9cb5-108e59d3fbb7
DEBUG: calling db.get(Merchant)
DEBUG: db.get(Merchant) finished: Inv Test
DEBUG: executing select(MerchantMember) query
DEBUG: select(MerchantMember) query executed
DEBUG: MerchantMember role: owner
DEBUG: get_current_merchant returning success
DEBUG: get_current_merchant starting for user cb6f1000-8c93-4353-bb72-c9423b90e36a, merchant f8987aea-5d9e-4fd6-98ee-838a4ff4b897
DEBUG: calling db.get(Merchant)
DEBUG: db.get(Merchant) finished: Unk
DEBUG: executing select(MerchantMember) query
DEBUG: select(MerchantMember) query executed
DEBUG: MerchantMember role: owner
DEBUG: get_current_merchant returning success
DEBUG: get_current_merchant starting for user 8ddd79cc-cc1e-4f4c-b2dd-48743da4b688, merchant dddc7ece-8872-47d6-a26a-7f0bb008a48d
DEBUG: calling db.get(Merchant)
DEBUG: db.get(Merchant) finished: Role Test
DEBUG: executing select(MerchantMember) query
DEBUG: select(MerchantMember) query executed
DEBUG: MerchantMember role: owner
DEBUG: get_current_merchant returning success
DEBUG: get_current_merchant starting for user 2be95b29-9b67-4715-bd13-cc4812d6c439, merchant dddc7ece-8872-47d6-a26a-7f0bb008a48d
DEBUG: calling db.get(Merchant)
DEBUG: db.get(Merchant) finished: Role Test
DEBUG: executing select(MerchantMember) query
DEBUG: select(MerchantMember) query executed
DEBUG: MerchantMember role: admin
DEBUG: get_current_merchant returning success
DEBUG: get_current_merchant starting for user 2be95b29-9b67-4715-bd13-cc4812d6c439, merchant dddc7ece-8872-47d6-a26a-7f0bb008a48d
DEBUG: calling db.get(Merchant)
DEBUG: db.get(Merchant) finished: Role Test
DEBUG: executing select(MerchantMember) query
DEBUG: select(MerchantMember) query executed
DEBUG: MerchantMember role: admin
DEBUG: get_current_merchant returning success
DEBUG: get_current_merchant starting for user 354b2bda-69a6-4d3a-a243-7c7fc64bf3d6, merchant db92703a-23df-4e71-94f5-21068588d3a6
DEBUG: calling db.get(Merchant)
DEBUG: db.get(Merchant) finished: Self
DEBUG: executing select(MerchantMember) query
DEBUG: select(MerchantMember) query executed
DEBUG: MerchantMember role: owner
DEBUG: get_current_merchant returning success
DEBUG: get_current_merchant starting for user 3ef64fdc-6ead-4be9-8033-620f2361a280, merchant 719b9bc1-199f-42e8-9718-3c11cdd496f8
DEBUG: calling db.get(Merchant)
DEBUG: db.get(Merchant) finished: Wallet Read
DEBUG: executing select(MerchantMember) query
DEBUG: select(MerchantMember) query executed
DEBUG: MerchantMember role: owner
DEBUG: get_current_merchant returning success
DEBUG: get_current_merchant starting for user 005f5d8d-1da3-4faa-972a-7382e5bf56ae, merchant f8278a77-9d56-4633-bb22-10714d2b2ea3
DEBUG: calling db.get(Merchant)
DEBUG: db.get(Merchant) finished: Txn List
DEBUG: executing select(MerchantMember) query
DEBUG: select(MerchantMember) query executed
DEBUG: MerchantMember role: owner
DEBUG: get_current_merchant returning success
DEBUG: get_current_merchant starting for user d5adb05d-f89d-4c43-999c-d253d53f4240, merchant a803b121-a741-42f1-872c-f0597e408919
DEBUG: calling db.get(Merchant)
DEBUG: db.get(Merchant) finished: Threshold Test
DEBUG: executing select(MerchantMember) query
DEBUG: select(MerchantMember) query executed
DEBUG: MerchantMember role: owner
DEBUG: get_current_merchant returning success
DEBUG: get_current_merchant starting for user 428e7133-53c9-43ae-b048-8b23509973f3, merchant 003f4c05-4391-4834-b90c-685d3005d427
DEBUG: calling db.get(Merchant)
DEBUG: db.get(Merchant) finished: Intent Test
DEBUG: executing select(MerchantMember) query
DEBUG: select(MerchantMember) query executed
DEBUG: MerchantMember role: owner
DEBUG: get_current_merchant returning success
DEBUG: get_current_merchant starting for user d710cdb1-4b99-40ba-a4fc-ac529cf8f46b, merchant 6cb4d544-9b6b-404c-a67d-3a19ff4e8d21
DEBUG: calling db.get(Merchant)
DEBUG: db.get(Merchant) finished: Confirm Test
DEBUG: executing select(MerchantMember) query
DEBUG: select(MerchantMember) query executed
DEBUG: MerchantMember role: owner
DEBUG: get_current_merchant returning success
DEBUG: get_current_merchant starting for user 82a5b40b-a427-4096-9936-77dc659ae523, merchant c53270e8-1c8c-4a2b-bf65-60cfb8be1ecd
DEBUG: calling db.get(Merchant)
DEBUG: db.get(Merchant) finished: Idem Test
DEBUG: executing select(MerchantMember) query
DEBUG: select(MerchantMember) query executed
DEBUG: MerchantMember role: owner
DEBUG: get_current_merchant returning success
DEBUG: get_current_merchant starting for user 94cf32a2-f9a4-4d97-9f95-8b295c392361, merchant c84175a7-54d6-4d25-a16e-cf02a9749680
DEBUG: calling db.get(Merchant)
DEBUG: db.get(Merchant) finished: Bad Sig
DEBUG: executing select(MerchantMember) query
DEBUG: select(MerchantMember) query executed
DEBUG: MerchantMember role: owner
DEBUG: get_current_merchant returning success
DEBUG: get_current_merchant starting for user 58e37265-74c8-424c-b5c0-f80fb65ee8e2, merchant 70780a5b-992b-40ab-9e12-a1d49bb495a9
DEBUG: calling db.get(Merchant)
DEBUG: db.get(Merchant) finished: Publish Gate
DEBUG: executing select(MerchantMember) query
DEBUG: select(MerchantMember) query executed
DEBUG: MerchantMember role: owner
DEBUG: get_current_merchant returning success
DEBUG: get_current_merchant starting for user 58e37265-74c8-424c-b5c0-f80fb65ee8e2, merchant 70780a5b-992b-40ab-9e12-a1d49bb495a9
DEBUG: calling db.get(Merchant)
DEBUG: db.get(Merchant) finished: Publish Gate
DEBUG: executing select(MerchantMember) query
DEBUG: select(MerchantMember) query executed
DEBUG: MerchantMember role: owner
DEBUG: get_current_merchant returning success
DEBUG: get_current_merchant starting for user 58e37265-74c8-424c-b5c0-f80fb65ee8e2, merchant 70780a5b-992b-40ab-9e12-a1d49bb495a9
DEBUG: calling db.get(Merchant)
DEBUG: db.get(Merchant) finished: Publish Gate
DEBUG: executing select(MerchantMember) query
DEBUG: select(MerchantMember) query executed
DEBUG: MerchantMember role: owner
DEBUG: get_current_merchant returning success
DEBUG: get_current_merchant starting for user fc4a9045-38ea-4aa3-9a2b-409ccae5176c, merchant 9d6f5443-51bb-46a1-9fb4-f6dc5e4e5843
DEBUG: calling db.get(Merchant)
DEBUG: db.get(Merchant) finished: History Test
DEBUG: executing select(MerchantMember) query
DEBUG: select(MerchantMember) query executed
DEBUG: MerchantMember role: owner
DEBUG: get_current_merchant returning success
DEBUG: get_current_merchant starting for user fc4a9045-38ea-4aa3-9a2b-409ccae5176c, merchant 9d6f5443-51bb-46a1-9fb4-f6dc5e4e5843
DEBUG: calling db.get(Merchant)
DEBUG: db.get(Merchant) finished: History Test
DEBUG: executing select(MerchantMember) query
DEBUG: select(MerchantMember) query executed
DEBUG: MerchantMember role: owner
DEBUG: get_current_merchant returning success
DEBUG: get_current_merchant starting for user f7fb021e-5637-4e4a-8af1-bfef7f5e48a5, merchant 3fce9b20-31e6-4b97-b31d-48cca0cfb375
DEBUG: calling db.get(Merchant)
DEBUG: db.get(Merchant) finished: Merchant B
DEBUG: executing select(MerchantMember) query
DEBUG: select(MerchantMember) query executed
DEBUG: MerchantMember role: owner
DEBUG: get_current_merchant returning success
DEBUG: get_current_merchant starting for user f7fb021e-5637-4e4a-8af1-bfef7f5e48a5, merchant 7adebc52-b48b-4cb1-9573-5347c77e6462
DEBUG: calling db.get(Merchant)
DEBUG: db.get(Merchant) finished: Merchant A
DEBUG: executing select(MerchantMember) query
DEBUG: select(MerchantMember) query executed
DEBUG: MerchantMember role: owner
DEBUG: get_current_merchant returning success
DEBUG: get_current_merchant starting for user f7fb021e-5637-4e4a-8af1-bfef7f5e48a5, merchant 7adebc52-b48b-4cb1-9573-5347c77e6462
DEBUG: calling db.get(Merchant)
DEBUG: db.get(Merchant) finished: Merchant A
DEBUG: executing select(MerchantMember) query
DEBUG: select(MerchantMember) query executed
DEBUG: MerchantMember role: owner
DEBUG: get_current_merchant returning success
DEBUG: get_current_merchant starting for user f7fb021e-5637-4e4a-8af1-bfef7f5e48a5, merchant 3fce9b20-31e6-4b97-b31d-48cca0cfb375
DEBUG: calling db.get(Merchant)
DEBUG: db.get(Merchant) finished: Merchant B
DEBUG: executing select(MerchantMember) query
DEBUG: select(MerchantMember) query executed
DEBUG: MerchantMember role: owner
DEBUG: get_current_merchant returning success
DEBUG: get_current_merchant starting for user 8e3c9c7d-0fb1-4900-bbb7-72104af13d95, merchant 4f187137-8dc1-4fbf-9a8a-0c0868dca44b
DEBUG: calling db.get(Merchant)
DEBUG: db.get(Merchant) finished: Analytics Co
DEBUG: executing select(MerchantMember) query
DEBUG: select(MerchantMember) query executed
DEBUG: MerchantMember role: owner
DEBUG: get_current_merchant returning success
DEBUG: get_current_merchant starting for user ee615a04-0fdc-4668-821e-225b2b6da279, merchant 8d98080a-cd59-4096-a229-5815c550fcb0
DEBUG: calling db.get(Merchant)
DEBUG: db.get(Merchant) finished: Analytics Co
DEBUG: executing select(MerchantMember) query
DEBUG: select(MerchantMember) query executed
DEBUG: MerchantMember role: owner
DEBUG: get_current_merchant returning success
DEBUG: get_current_merchant starting for user 4629e61b-34ea-43bf-9fec-6e557bdec249, merchant 307113c5-6032-4e37-9c69-7f81ff0241ff
DEBUG: calling db.get(Merchant)
DEBUG: db.get(Merchant) finished: Analytics Co
DEBUG: executing select(MerchantMember) query
DEBUG: select(MerchantMember) query executed
DEBUG: MerchantMember role: owner
DEBUG: get_current_merchant returning success
DEBUG: get_current_merchant starting for user fddfc2c7-4852-4bcf-b343-0b3849cfaa0c, merchant 6bcc8583-01b7-4218-9335-fa0531e8dadb
DEBUG: calling db.get(Merchant)
DEBUG: db.get(Merchant) finished: Diag
DEBUG: executing select(MerchantMember) query
DEBUG: select(MerchantMember) query executed
DEBUG: MerchantMember role: owner
DEBUG: get_current_merchant returning success
DEBUG: get_current_merchant starting for user 615a5ea5-943d-424e-bb06-0ba9efef4c0c, merchant c1ff2f0c-f5c2-4ee0-9537-a91135a4152e
DEBUG: calling db.get(Merchant)
DEBUG: db.get(Merchant) finished: CRM Test Merchant
DEBUG: executing select(MerchantMember) query
DEBUG: select(MerchantMember) query executed
DEBUG: MerchantMember role: owner
DEBUG: get_current_merchant returning success
DEBUG: get_current_merchant starting for user 615a5ea5-943d-424e-bb06-0ba9efef4c0c, merchant c1ff2f0c-f5c2-4ee0-9537-a91135a4152e
DEBUG: calling db.get(Merchant)
DEBUG: db.get(Merchant) finished: CRM Test Merchant
DEBUG: executing select(MerchantMember) query
DEBUG: select(MerchantMember) query executed
DEBUG: MerchantMember role: owner
DEBUG: get_current_merchant returning success
DEBUG: get_current_merchant starting for user 615a5ea5-943d-424e-bb06-0ba9efef4c0c, merchant c1ff2f0c-f5c2-4ee0-9537-a91135a4152e
DEBUG: calling db.get(Merchant)
DEBUG: db.get(Merchant) finished: CRM Test Merchant
DEBUG: executing select(MerchantMember) query
DEBUG: select(MerchantMember) query executed
DEBUG: MerchantMember role: owner
DEBUG: get_current_merchant returning success
DEBUG: get_current_merchant starting for user af9405a3-abf2-4357-bcb5-729ba744fd3e, merchant 0041ba63-5656-4be6-93f8-5c00848b929a
DEBUG: calling db.get(Merchant)
DEBUG: db.get(Merchant) finished: Ctx
DEBUG: executing select(MerchantMember) query
DEBUG: select(MerchantMember) query executed
DEBUG: MerchantMember role: owner
DEBUG: get_current_merchant returning success
DEBUG: get_current_merchant starting for user c700844f-e852-4c1c-b769-0e162206b55b, merchant e0fb8d6e-a838-461e-9b50-1d882894dcb0
DEBUG: calling db.get(Merchant)
DEBUG: db.get(Merchant) finished: Other
DEBUG: executing select(MerchantMember) query
DEBUG: select(MerchantMember) query executed
DEBUG: MerchantMember role: None
DEBUG: get_current_merchant got exception: 403: not a member of this merchant
DEBUG: get_current_merchant starting for user 685fbe3b-ee4e-4e2c-9829-4ade1b2f81d1, merchant cb88447d-cb12-45be-afde-5079f9cc9293
DEBUG: calling db.get(Merchant)
DEBUG: db.get(Merchant) finished: None
DEBUG: get_current_merchant got exception: 404: merchant not found
DEBUG: get_current_merchant starting for user 237cd0f8-2c85-4bf0-aaca-e4ca5d4e65a3, merchant a81dd530-48ea-4770-b38c-528afba956a1
DEBUG: calling db.get(Merchant)
DEBUG: db.get(Merchant) finished: Prod Test
DEBUG: executing select(MerchantMember) query
DEBUG: select(MerchantMember) query executed
DEBUG: MerchantMember role: owner
DEBUG: get_current_merchant returning success
DEBUG: get_current_merchant starting for user 1fe951cc-a202-4fee-8ca6-6bcfeec4212f, merchant bd382d98-4735-42cb-bc93-a6e64fbab867
DEBUG: calling db.get(Merchant)
DEBUG: db.get(Merchant) finished: Dup
DEBUG: executing select(MerchantMember) query
DEBUG: select(MerchantMember) query executed
DEBUG: MerchantMember role: owner
DEBUG: get_current_merchant returning success
DEBUG: get_current_merchant starting for user 1fe951cc-a202-4fee-8ca6-6bcfeec4212f, merchant bd382d98-4735-42cb-bc93-a6e64fbab867
DEBUG: calling db.get(Merchant)
DEBUG: db.get(Merchant) finished: Dup
DEBUG: executing select(MerchantMember) query
DEBUG: select(MerchantMember) query executed
DEBUG: MerchantMember role: owner
DEBUG: get_current_merchant returning success
DEBUG: get_current_merchant starting for user 0e5d9451-3dbe-4477-8f6f-2eaf13d3cb75, merchant 790cd36c-c5a4-421a-af5d-f2894165068e
DEBUG: calling db.get(Merchant)
DEBUG: db.get(Merchant) finished: M1
DEBUG: executing select(MerchantMember) query
DEBUG: select(MerchantMember) query executed
DEBUG: MerchantMember role: owner
DEBUG: get_current_merchant returning success
DEBUG: get_current_merchant starting for user 0e5d9451-3dbe-4477-8f6f-2eaf13d3cb75, merchant 790cd36c-c5a4-421a-af5d-f2894165068e
DEBUG: calling db.get(Merchant)
DEBUG: db.get(Merchant) finished: M1
DEBUG: executing select(MerchantMember) query
DEBUG: select(MerchantMember) query executed
DEBUG: MerchantMember role: owner
DEBUG: get_current_merchant returning success
DEBUG: get_current_merchant starting for user 0e5d9451-3dbe-4477-8f6f-2eaf13d3cb75, merchant 413c6992-1be3-4bdd-a0f2-174070ffc487
DEBUG: calling db.get(Merchant)
DEBUG: db.get(Merchant) finished: M2
DEBUG: executing select(MerchantMember) query
DEBUG: select(MerchantMember) query executed
DEBUG: MerchantMember role: owner
DEBUG: get_current_merchant returning success
DEBUG: get_current_merchant starting for user 0e5d9451-3dbe-4477-8f6f-2eaf13d3cb75, merchant 413c6992-1be3-4bdd-a0f2-174070ffc487
DEBUG: calling db.get(Merchant)
DEBUG: db.get(Merchant) finished: M2
DEBUG: executing select(MerchantMember) query
DEBUG: select(MerchantMember) query executed
DEBUG: MerchantMember role: owner
DEBUG: get_current_merchant returning success
DEBUG: get_current_merchant starting for user 0e5d9451-3dbe-4477-8f6f-2eaf13d3cb75, merchant 413c6992-1be3-4bdd-a0f2-174070ffc487
DEBUG: calling db.get(Merchant)
DEBUG: db.get(Merchant) finished: M2
DEBUG: executing select(MerchantMember) query
DEBUG: select(MerchantMember) query executed
DEBUG: MerchantMember role: owner
DEBUG: get_current_merchant returning success
DEBUG: get_current_merchant starting for user 0e5d9451-3dbe-4477-8f6f-2eaf13d3cb75, merchant 790cd36c-c5a4-421a-af5d-f2894165068e
DEBUG: calling db.get(Merchant)
DEBUG: db.get(Merchant) finished: M1
DEBUG: executing select(MerchantMember) query
DEBUG: select(MerchantMember) query executed
DEBUG: MerchantMember role: owner
DEBUG: get_current_merchant returning success
DEBUG: get_current_merchant starting for user 12208ced-762e-4210-941b-9d3d5ca57964, merchant 94fd683b-3d2b-4d91-8ab7-f8e92b343891
DEBUG: calling db.get(Merchant)
DEBUG: db.get(Merchant) finished: Filt
DEBUG: executing select(MerchantMember) query
DEBUG: select(MerchantMember) query executed
DEBUG: MerchantMember role: owner
DEBUG: get_current_merchant returning success
DEBUG: get_current_merchant starting for user 12208ced-762e-4210-941b-9d3d5ca57964, merchant 94fd683b-3d2b-4d91-8ab7-f8e92b343891
DEBUG: calling db.get(Merchant)
DEBUG: db.get(Merchant) finished: Filt
DEBUG: executing select(MerchantMember) query
DEBUG: select(MerchantMember) query executed
DEBUG: MerchantMember role: owner
DEBUG: get_current_merchant returning success
DEBUG: get_current_merchant starting for user 12208ced-762e-4210-941b-9d3d5ca57964, merchant 94fd683b-3d2b-4d91-8ab7-f8e92b343891
DEBUG: calling db.get(Merchant)
DEBUG: db.get(Merchant) finished: Filt
DEBUG: executing select(MerchantMember) query
DEBUG: select(MerchantMember) query executed
DEBUG: MerchantMember role: owner
DEBUG: get_current_merchant returning success
DEBUG: get_current_merchant starting for user 12208ced-762e-4210-941b-9d3d5ca57964, merchant 94fd683b-3d2b-4d91-8ab7-f8e92b343891
DEBUG: calling db.get(Merchant)
DEBUG: db.get(Merchant) finished: Filt
DEBUG: executing select(MerchantMember) query
DEBUG: select(MerchantMember) query executed
DEBUG: MerchantMember role: owner
DEBUG: get_current_merchant returning success
DEBUG: get_current_merchant starting for user 12208ced-762e-4210-941b-9d3d5ca57964, merchant 94fd683b-3d2b-4d91-8ab7-f8e92b343891
DEBUG: calling db.get(Merchant)
DEBUG: db.get(Merchant) finished: Filt
DEBUG: executing select(MerchantMember) query
DEBUG: select(MerchantMember) query executed
DEBUG: MerchantMember role: owner
DEBUG: get_current_merchant returning success
DEBUG: get_current_merchant starting for user fed705f5-caf0-441a-bf0b-2e3e6cd28d64, merchant a3af17e2-14ec-48ce-bd42-0d31b0900ea8
DEBUG: calling db.get(Merchant)
DEBUG: db.get(Merchant) finished: Merchant Alpha
DEBUG: executing select(MerchantMember) query
DEBUG: select(MerchantMember) query executed
DEBUG: MerchantMember role: owner
DEBUG: get_current_merchant returning success
DEBUG: get_current_merchant starting for user fed705f5-caf0-441a-bf0b-2e3e6cd28d64, merchant af7eee97-ff17-4adc-b9dc-46fe0ff9cad4
DEBUG: calling db.get(Merchant)
DEBUG: db.get(Merchant) finished: Merchant Beta
DEBUG: executing select(MerchantMember) query
DEBUG: select(MerchantMember) query executed
DEBUG: MerchantMember role: owner
DEBUG: get_current_merchant returning success
DEBUG: get_current_merchant starting for user 0933d295-14ce-48c6-9952-a0ff13483f5e, merchant 404162b1-7cc9-443c-af98-306b587cbc55
DEBUG: calling db.get(Merchant)
DEBUG: db.get(Merchant) finished: Update Test
DEBUG: executing select(MerchantMember) query
DEBUG: select(MerchantMember) query executed
DEBUG: MerchantMember role: owner
DEBUG: get_current_merchant returning success
DEBUG: get_current_merchant starting for user 0933d295-14ce-48c6-9952-a0ff13483f5e, merchant 404162b1-7cc9-443c-af98-306b587cbc55
DEBUG: calling db.get(Merchant)
DEBUG: db.get(Merchant) finished: Update Test
DEBUG: executing select(MerchantMember) query
DEBUG: select(MerchantMember) query executed
DEBUG: MerchantMember role: owner
DEBUG: get_current_merchant returning success
DEBUG: get_current_merchant starting for user 1d219aee-8e53-4a48-8eec-c8abaec867d8, merchant 78ebcf0f-09e2-41b5-bdb1-2bce4373b192
DEBUG: calling db.get(Merchant)
DEBUG: db.get(Merchant) finished: Archive Test
DEBUG: executing select(MerchantMember) query
DEBUG: select(MerchantMember) query executed
DEBUG: MerchantMember role: owner
DEBUG: get_current_merchant returning success
DEBUG: get_current_merchant starting for user 1d219aee-8e53-4a48-8eec-c8abaec867d8, merchant 78ebcf0f-09e2-41b5-bdb1-2bce4373b192
DEBUG: calling db.get(Merchant)
DEBUG: db.get(Merchant) finished: Archive Test
DEBUG: executing select(MerchantMember) query
DEBUG: select(MerchantMember) query executed
DEBUG: MerchantMember role: owner
DEBUG: get_current_merchant returning success
DEBUG: get_current_merchant starting for user 1d219aee-8e53-4a48-8eec-c8abaec867d8, merchant 78ebcf0f-09e2-41b5-bdb1-2bce4373b192
DEBUG: calling db.get(Merchant)
DEBUG: db.get(Merchant) finished: Archive Test
DEBUG: executing select(MerchantMember) query
DEBUG: select(MerchantMember) query executed
DEBUG: MerchantMember role: owner
DEBUG: get_current_merchant returning success
DEBUG: get_current_merchant starting for user 603ba988-8324-4a1c-8bf6-97a9b98bea83, merchant 7344a488-8c52-4b97-a1ea-7873adacfec0
DEBUG: calling db.get(Merchant)
DEBUG: db.get(Merchant) finished: Publish Test
DEBUG: executing select(MerchantMember) query
DEBUG: select(MerchantMember) query executed
DEBUG: MerchantMember role: owner
DEBUG: get_current_merchant returning success
DEBUG: get_current_merchant starting for user 603ba988-8324-4a1c-8bf6-97a9b98bea83, merchant 7344a488-8c52-4b97-a1ea-7873adacfec0
DEBUG: calling db.get(Merchant)
DEBUG: db.get(Merchant) finished: Publish Test
DEBUG: executing select(MerchantMember) query
DEBUG: select(MerchantMember) query executed
DEBUG: MerchantMember role: owner
DEBUG: get_current_merchant returning success
DEBUG: get_current_merchant starting for user d9e1c858-db62-49a1-8499-89ebe74910ef, merchant 2f13b42c-d991-4d7c-ae73-32e6c19505b4
DEBUG: calling db.get(Merchant)
DEBUG: db.get(Merchant) finished: Archived Test
DEBUG: executing select(MerchantMember) query
DEBUG: select(MerchantMember) query executed
DEBUG: MerchantMember role: owner
DEBUG: get_current_merchant returning success
DEBUG: get_current_merchant starting for user d9e1c858-db62-49a1-8499-89ebe74910ef, merchant 2f13b42c-d991-4d7c-ae73-32e6c19505b4
DEBUG: calling db.get(Merchant)
DEBUG: db.get(Merchant) finished: Archived Test
DEBUG: executing select(MerchantMember) query
DEBUG: select(MerchantMember) query executed
DEBUG: MerchantMember role: owner
DEBUG: get_current_merchant returning success
DEBUG: get_current_merchant starting for user d9e1c858-db62-49a1-8499-89ebe74910ef, merchant 2f13b42c-d991-4d7c-ae73-32e6c19505b4
DEBUG: calling db.get(Merchant)
DEBUG: db.get(Merchant) finished: Archived Test
DEBUG: executing select(MerchantMember) query
DEBUG: select(MerchantMember) query executed
DEBUG: MerchantMember role: owner
DEBUG: get_current_merchant returning success
DEBUG: get_current_merchant starting for user 42aacdf9-add8-463e-b2b3-28a007c1539e, merchant bcef4766-4a98-466e-a8f2-28d596cdf328
DEBUG: calling db.get(Merchant)
DEBUG: db.get(Merchant) finished: External Links
DEBUG: executing select(MerchantMember) query
DEBUG: select(MerchantMember) query executed
DEBUG: MerchantMember role: owner
DEBUG: get_current_merchant returning success
DEBUG: get_current_merchant starting for user 42aacdf9-add8-463e-b2b3-28a007c1539e, merchant bcef4766-4a98-466e-a8f2-28d596cdf328
DEBUG: calling db.get(Merchant)
DEBUG: db.get(Merchant) finished: External Links
DEBUG: executing select(MerchantMember) query
DEBUG: select(MerchantMember) query executed
DEBUG: MerchantMember role: owner
DEBUG: get_current_merchant returning success
DEBUG: get_current_merchant starting for user 42aacdf9-add8-463e-b2b3-28a007c1539e, merchant bcef4766-4a98-466e-a8f2-28d596cdf328
DEBUG: calling db.get(Merchant)
DEBUG: db.get(Merchant) finished: External Links
DEBUG: executing select(MerchantMember) query
DEBUG: select(MerchantMember) query executed
DEBUG: MerchantMember role: owner
DEBUG: get_current_merchant returning success
DEBUG: get_current_merchant starting for user d6279d62-8102-4c1a-a503-7a0c4c3db481, merchant 030d7c81-dc4b-444b-8a69-bdc667d10bd2
DEBUG: calling db.get(Merchant)
DEBUG: db.get(Merchant) finished: Update Links
DEBUG: executing select(MerchantMember) query
DEBUG: select(MerchantMember) query executed
DEBUG: MerchantMember role: owner
DEBUG: get_current_merchant returning success
DEBUG: get_current_merchant starting for user d6279d62-8102-4c1a-a503-7a0c4c3db481, merchant 030d7c81-dc4b-444b-8a69-bdc667d10bd2
DEBUG: calling db.get(Merchant)
DEBUG: db.get(Merchant) finished: Update Links
DEBUG: executing select(MerchantMember) query
DEBUG: select(MerchantMember) query executed
DEBUG: MerchantMember role: owner
DEBUG: get_current_merchant returning success
DEBUG: get_current_merchant starting for user d6279d62-8102-4c1a-a503-7a0c4c3db481, merchant 030d7c81-dc4b-444b-8a69-bdc667d10bd2
DEBUG: calling db.get(Merchant)
DEBUG: db.get(Merchant) finished: Update Links
DEBUG: executing select(MerchantMember) query
DEBUG: select(MerchantMember) query executed
DEBUG: MerchantMember role: owner
DEBUG: get_current_merchant returning success
DEBUG: get_current_merchant starting for user 626bf6cb-044a-42b1-a016-f3a112ca35b4, merchant daa9f39f-79ae-4ee2-be88-3ad1b83c53a4
DEBUG: calling db.get(Merchant)
DEBUG: db.get(Merchant) finished: Delete Links
DEBUG: executing select(MerchantMember) query
DEBUG: select(MerchantMember) query executed
DEBUG: MerchantMember role: owner
DEBUG: get_current_merchant returning success
DEBUG: get_current_merchant starting for user 626bf6cb-044a-42b1-a016-f3a112ca35b4, merchant daa9f39f-79ae-4ee2-be88-3ad1b83c53a4
DEBUG: calling db.get(Merchant)
DEBUG: db.get(Merchant) finished: Delete Links
DEBUG: executing select(MerchantMember) query
DEBUG: select(MerchantMember) query executed
DEBUG: MerchantMember role: owner
DEBUG: get_current_merchant returning success
DEBUG: get_current_merchant starting for user 626bf6cb-044a-42b1-a016-f3a112ca35b4, merchant daa9f39f-79ae-4ee2-be88-3ad1b83c53a4
DEBUG: calling db.get(Merchant)
DEBUG: db.get(Merchant) finished: Delete Links
DEBUG: executing select(MerchantMember) query
DEBUG: select(MerchantMember) query executed
DEBUG: MerchantMember role: owner
DEBUG: get_current_merchant returning success
DEBUG: get_current_merchant starting for user 626bf6cb-044a-42b1-a016-f3a112ca35b4, merchant daa9f39f-79ae-4ee2-be88-3ad1b83c53a4
DEBUG: calling db.get(Merchant)
DEBUG: db.get(Merchant) finished: Delete Links
DEBUG: executing select(MerchantMember) query
DEBUG: select(MerchantMember) query executed
DEBUG: MerchantMember role: owner
DEBUG: get_current_merchant returning success
DEBUG: get_current_merchant starting for user a9ed1a55-35fc-4ebe-b2b1-aa91a56c5134, merchant 39506ef4-96c0-47b7-860d-b9c6519ff459
DEBUG: calling db.get(Merchant)
DEBUG: db.get(Merchant) finished: Alpha Org
DEBUG: executing select(MerchantMember) query
DEBUG: select(MerchantMember) query executed
DEBUG: MerchantMember role: owner
DEBUG: get_current_merchant returning success
DEBUG: get_current_merchant starting for user a9ed1a55-35fc-4ebe-b2b1-aa91a56c5134, merchant 69d82bff-9b22-42da-b689-9c7a0e2089b3
DEBUG: calling db.get(Merchant)
DEBUG: db.get(Merchant) finished: Beta Org
DEBUG: executing select(MerchantMember) query
DEBUG: select(MerchantMember) query executed
DEBUG: MerchantMember role: owner
DEBUG: get_current_merchant returning success
DEBUG: get_current_merchant starting for user 0a563d16-0843-4421-807d-d85cfcee1699, merchant 8b90f2e1-7133-46cc-8515-8e066f3bc637
DEBUG: calling db.get(Merchant)
DEBUG: db.get(Merchant) finished: No Onboard Co
DEBUG: executing select(MerchantMember) query
DEBUG: select(MerchantMember) query executed
DEBUG: MerchantMember role: owner
DEBUG: get_current_merchant returning success
DEBUG: get_current_merchant starting for user 1213b3f9-19de-41d1-bcb2-d4cfadb80f95, merchant bf1abe89-bb63-497d-82ba-cfa69160bb4e
DEBUG: calling db.get(Merchant)
DEBUG: db.get(Merchant) finished: Foreign
DEBUG: executing select(MerchantMember) query
DEBUG: select(MerchantMember) query executed
DEBUG: MerchantMember role: None
DEBUG: get_current_merchant got exception: 403: not a member of this merchant
DEBUG: get_current_merchant starting for user fffbe3b8-8476-417e-b41c-df268f722229, merchant 7d5c52c1-6019-461f-8cf9-6152e76f63b4
DEBUG: calling db.get(Merchant)
DEBUG: db.get(Merchant) finished: Patch
DEBUG: executing select(MerchantMember) query
DEBUG: select(MerchantMember) query executed
DEBUG: MerchantMember role: staff
DEBUG: get_current_merchant returning success
DEBUG: get_current_merchant starting for user 788ad3aa-4e73-426a-ae56-2d4e35df6565, merchant 53a79a5f-87bf-4359-b8fc-09377c1fc5c2
DEBUG: calling db.get(Merchant)
DEBUG: db.get(Merchant) finished: Team Test
DEBUG: executing select(MerchantMember) query
DEBUG: select(MerchantMember) query executed
DEBUG: MerchantMember role: owner
DEBUG: get_current_merchant returning success
DEBUG: get_current_merchant starting for user 0a745bfa-9a4b-4483-a43d-0ada831ca08c, merchant 02dd78bb-f814-47b9-9aba-e8965a210ecc
DEBUG: calling db.get(Merchant)
DEBUG: db.get(Merchant) finished: Inv Test
DEBUG: executing select(MerchantMember) query
DEBUG: select(MerchantMember) query executed
DEBUG: MerchantMember role: owner
DEBUG: get_current_merchant returning success
DEBUG: get_current_merchant starting for user 4d92ed8f-1d4c-4e7b-8d34-31d5828dd876, merchant f08ff0dd-cfc3-4d8a-856a-ab36682ca7eb
DEBUG: calling db.get(Merchant)
DEBUG: db.get(Merchant) finished: Unk
DEBUG: executing select(MerchantMember) query
DEBUG: select(MerchantMember) query executed
DEBUG: MerchantMember role: owner
DEBUG: get_current_merchant returning success
DEBUG: get_current_merchant starting for user e1d995b9-0dda-4b2e-9539-74bc1285feec, merchant 0d756768-bc34-4070-b523-a1c02c199d03
DEBUG: calling db.get(Merchant)
DEBUG: db.get(Merchant) finished: Role Test
DEBUG: executing select(MerchantMember) query
DEBUG: select(MerchantMember) query executed
DEBUG: MerchantMember role: owner
DEBUG: get_current_merchant returning success
DEBUG: get_current_merchant starting for user fa78c8cb-0adb-44ea-bcb3-29fb8efa27c5, merchant 0d756768-bc34-4070-b523-a1c02c199d03
DEBUG: calling db.get(Merchant)
DEBUG: db.get(Merchant) finished: Role Test
DEBUG: executing select(MerchantMember) query
DEBUG: select(MerchantMember) query executed
DEBUG: MerchantMember role: admin
DEBUG: get_current_merchant returning success
DEBUG: get_current_merchant starting for user fa78c8cb-0adb-44ea-bcb3-29fb8efa27c5, merchant 0d756768-bc34-4070-b523-a1c02c199d03
DEBUG: calling db.get(Merchant)
DEBUG: db.get(Merchant) finished: Role Test
DEBUG: executing select(MerchantMember) query
DEBUG: select(MerchantMember) query executed
DEBUG: MerchantMember role: admin
DEBUG: get_current_merchant returning success
DEBUG: get_current_merchant starting for user 6956739d-4295-4fbf-b5d4-5faf9bc26422, merchant 5ecc8499-596f-4cf9-b4b6-ac948a3d7976
DEBUG: calling db.get(Merchant)
DEBUG: db.get(Merchant) finished: Self
DEBUG: executing select(MerchantMember) query
DEBUG: select(MerchantMember) query executed
DEBUG: MerchantMember role: owner
DEBUG: get_current_merchant returning success
DEBUG: get_current_merchant starting for user 24397517-3fad-4be5-bd9b-6590d58dde2a, merchant d8c8f443-e92e-4caa-872a-d4701435ac11
DEBUG: calling db.get(Merchant)
DEBUG: db.get(Merchant) finished: Wallet Read
DEBUG: executing select(MerchantMember) query
DEBUG: select(MerchantMember) query executed
DEBUG: MerchantMember role: owner
DEBUG: get_current_merchant returning success
DEBUG: get_current_merchant starting for user 27020c93-5c32-4efb-95c3-51915bd21344, merchant 23be34b7-8e36-4f70-b848-b9480206d4c7
DEBUG: calling db.get(Merchant)
DEBUG: db.get(Merchant) finished: Txn List
DEBUG: executing select(MerchantMember) query
DEBUG: select(MerchantMember) query executed
DEBUG: MerchantMember role: owner
DEBUG: get_current_merchant returning success
DEBUG: get_current_merchant starting for user 28ed2ee3-f9cc-4c0a-a99c-3bf998250aac, merchant 838b9bcd-5fad-415c-8ca8-60871b94f4bd
DEBUG: calling db.get(Merchant)
DEBUG: db.get(Merchant) finished: Threshold Test
DEBUG: executing select(MerchantMember) query
DEBUG: select(MerchantMember) query executed
DEBUG: MerchantMember role: owner
DEBUG: get_current_merchant returning success
DEBUG: get_current_merchant starting for user b96be421-e84a-42f0-a722-30d987d1bb51, merchant 13e9a85d-a4bc-4607-9e7c-784b8f0d37a0
DEBUG: calling db.get(Merchant)
DEBUG: db.get(Merchant) finished: Intent Test
DEBUG: executing select(MerchantMember) query
DEBUG: select(MerchantMember) query executed
DEBUG: MerchantMember role: owner
DEBUG: get_current_merchant returning success
DEBUG: get_current_merchant starting for user 0f69a20f-af96-4219-8be9-7c539642b864, merchant 6bbb0925-ccac-4e4c-9353-0fa3fe40798c
DEBUG: calling db.get(Merchant)
DEBUG: db.get(Merchant) finished: Confirm Test
DEBUG: executing select(MerchantMember) query
DEBUG: select(MerchantMember) query executed
DEBUG: MerchantMember role: owner
DEBUG: get_current_merchant returning success
DEBUG: get_current_merchant starting for user 79e68574-ae0d-436d-aaae-64fb294549b7, merchant 83b1cb8b-e00c-4583-b777-3fc2746d4119
DEBUG: calling db.get(Merchant)
DEBUG: db.get(Merchant) finished: Idem Test
DEBUG: executing select(MerchantMember) query
DEBUG: select(MerchantMember) query executed
DEBUG: MerchantMember role: owner
DEBUG: get_current_merchant returning success
DEBUG: get_current_merchant starting for user f2f922c8-d321-45a2-a640-ecc7e7e052a2, merchant 8160178f-f07b-473e-a717-46eff4f490d7
DEBUG: calling db.get(Merchant)
DEBUG: db.get(Merchant) finished: Bad Sig
DEBUG: executing select(MerchantMember) query
DEBUG: select(MerchantMember) query executed
DEBUG: MerchantMember role: owner
DEBUG: get_current_merchant returning success
DEBUG: get_current_merchant starting for user dda192d3-dbc7-4fbc-bb07-d278d6f867a8, merchant c894d9b4-e9fc-478a-a6cc-df367648a7a8
DEBUG: calling db.get(Merchant)
DEBUG: db.get(Merchant) finished: Publish Gate
DEBUG: executing select(MerchantMember) query
DEBUG: select(MerchantMember) query executed
DEBUG: MerchantMember role: owner
DEBUG: get_current_merchant returning success
DEBUG: get_current_merchant starting for user dda192d3-dbc7-4fbc-bb07-d278d6f867a8, merchant c894d9b4-e9fc-478a-a6cc-df367648a7a8
DEBUG: calling db.get(Merchant)
DEBUG: db.get(Merchant) finished: Publish Gate
DEBUG: executing select(MerchantMember) query
DEBUG: select(MerchantMember) query executed
DEBUG: MerchantMember role: owner
DEBUG: get_current_merchant returning success
DEBUG: get_current_merchant starting for user dda192d3-dbc7-4fbc-bb07-d278d6f867a8, merchant c894d9b4-e9fc-478a-a6cc-df367648a7a8
DEBUG: calling db.get(Merchant)
DEBUG: db.get(Merchant) finished: Publish Gate
DEBUG: executing select(MerchantMember) query
DEBUG: select(MerchantMember) query executed
DEBUG: MerchantMember role: owner
DEBUG: get_current_merchant returning success
DEBUG: get_current_merchant starting for user bb238ee0-9d2d-453f-bae1-23083c2031b7, merchant d9fde59d-6129-4746-b866-8cd404823404
DEBUG: calling db.get(Merchant)
DEBUG: db.get(Merchant) finished: History Test
DEBUG: executing select(MerchantMember) query
DEBUG: select(MerchantMember) query executed
DEBUG: MerchantMember role: owner
DEBUG: get_current_merchant returning success
DEBUG: get_current_merchant starting for user bb238ee0-9d2d-453f-bae1-23083c2031b7, merchant d9fde59d-6129-4746-b866-8cd404823404
DEBUG: calling db.get(Merchant)
DEBUG: db.get(Merchant) finished: History Test
DEBUG: executing select(MerchantMember) query
DEBUG: select(MerchantMember) query executed
DEBUG: MerchantMember role: owner
DEBUG: get_current_merchant returning success
DEBUG: get_current_merchant starting for user af080856-7ccd-4606-b6ec-a287b687b4fd, merchant d3f87c84-8a01-4d78-a44e-949d80647583
DEBUG: calling db.get(Merchant)
DEBUG: db.get(Merchant) finished: Merchant B
DEBUG: executing select(MerchantMember) query
DEBUG: select(MerchantMember) query executed
DEBUG: MerchantMember role: owner
DEBUG: get_current_merchant returning success
DEBUG: get_current_merchant starting for user af080856-7ccd-4606-b6ec-a287b687b4fd, merchant 64f6ef91-3d45-40f1-92a9-9dacfc155282
DEBUG: calling db.get(Merchant)
DEBUG: db.get(Merchant) finished: Merchant A
DEBUG: executing select(MerchantMember) query
DEBUG: select(MerchantMember) query executed
DEBUG: MerchantMember role: owner
DEBUG: get_current_merchant returning success
DEBUG: get_current_merchant starting for user af080856-7ccd-4606-b6ec-a287b687b4fd, merchant 64f6ef91-3d45-40f1-92a9-9dacfc155282
DEBUG: calling db.get(Merchant)
DEBUG: db.get(Merchant) finished: Merchant A
DEBUG: executing select(MerchantMember) query
DEBUG: select(MerchantMember) query executed
DEBUG: MerchantMember role: owner
DEBUG: get_current_merchant returning success
DEBUG: get_current_merchant starting for user af080856-7ccd-4606-b6ec-a287b687b4fd, merchant d3f87c84-8a01-4d78-a44e-949d80647583
DEBUG: calling db.get(Merchant)
DEBUG: db.get(Merchant) finished: Merchant B
DEBUG: executing select(MerchantMember) query
DEBUG: select(MerchantMember) query executed
DEBUG: MerchantMember role: owner
DEBUG: get_current_merchant returning success
